1790849688	120371	r8-K0,
1790849689	120281	r8-K0,
1790849690	120196	r8-K0,
1790849691	120166	r8-K0,
1790849692	120164	r8-K0,
1790849693	119484	r8-K0,
1790849694	119854	r8-K0,
1790849695	120609	r8-K0,
1790849696	120578	r8-K0,
1790849697	119701	r8-K0,
1790849698	119935	r8-K0,
1790849699	119798	r8-K0,
1790849700	119763	r8-K0,
1790849701	119673	r8-K0,
1790849702	119273	r8-K0,
1790849703	119512	r8-K0,
1790849704	120144	r8-K0,
1790849705	119944	r8-K0,
1790849706	119739	r8-K0,
1790849707	119525	r8-K0,
1790849708	119445	r8-K0,
1790849709	119503	r8-K0,
1790849710	119178	r8-K0,
1790849711	119076	r8-K0,
1790849712	119042	r8-K0,
1790849713	118976	r8-K0,
1790849714	118600	r8-K0,
1790849715	118581	r8-K0,
1790849716	108423	r8-K0,
1790849717	77999	r8-K0,
1790849718	47667	r8-K0,
1790849719	39877	r8-K0,
1790849720	39729	r8-K0,
1790849721	39588	r8-K0,
1790849722	39449	r8-K0,
1790849723	39603	r8-K0,
1790849724	39437	r8-K0,
1790849725	39127	r8-K0,
1790849726	39268	r8-K0,
1790849727	39102	r8-K0,
1790849728	38833	r8-K0,
1790849729	38016	r8-K0,
1790849730	37742	r8-K0,
1790849731	37583	r8-K0,
1790849732	37723	r8-K0,
1790849733	37562	r8-K0,
1790849734	37321	r8-K0,
1790849736	37926	r8-K0,
1790849737	37889	r8-K0,
1790849738	38139	r8-K0,
1790849739	38059	r8-K0,
1790849740	38311	r8-K0,
1790849741	38213	r8-K0,
1790849742	38125	r8-K0,
1790849743	38366	r8-K0,
1790849744	38265	r8-K0,
1790849745	38501	r8-K0,
1790849746	38412	r8-K0,
1790849747	38666	r8-K0,
1790849748	38574	r8-K0,
1790849749	38483	r8-K0,
1790849750	38726	r8-K0,
1790849751	38607	r8-K0,
1790849752	38840	r8-K0,
1790849753	38725	r8-K0,
1790849754	38931	r8-K0,
1790849755	38845	r8-K0,
1790849756	38723	r8-K0,
1790849757	38952	r8-K0,
1790849758	38848	r8-K0,
1790849759	39044	r8-K0,
1790849760	38939	r8-K0,
1790849761	38889	r8-K0,
1790849762	39035	r8-K0,
1790849763	38928	r8-K0,
1790849764	39167	r8-K0,
1790849765	39038	r8-K0,
1790849766	39265	r8-K0,
1790849767	39152	r8-K0,
1790849768	39040	r8-K0,
1790849769	39258	r8-K0,
1790849770	39169	r8-K0,
1790849771	39394	r8-K0,
1790849772	39271	r8-K0,
1790849773	39483	r8-K0,
1790849774	39360	r8-K0,
1790849775	39253	r8-K0,
1790849776	39466	r8-K0,
1790849777	39346	r8-K0,
1790849778	39544	r8-K0,
1790849779	39422	r8-K0,
1790849780	39678	r8-K0,
1790849781	39568	r8-K0,
1790849782	39451	r8-K0,
1790849783	39670	r8-K0,
1790849784	39561	r8-K0,
1790849785	39788	r8-K0,
1790849786	39654	r8-K0,
1790849787	39518	r8-K0,
1790849788	39721	r8-K0,
1790849789	39610	r8-K0,
1790849790	39816	r8-K0,
1790849791	39686	r8-K0,
1790849792	39913	r8-K0,
1790849793	39774	r8-K0,
1790849794	39628	r8-K0,
1790849795	39823	r8-K0,
1790849796	39709	r8-K0,
1790849797	39911	r8-K0,
1790849798	39776	r8-K0,
1790849799	39961	r8-K0,
1790849801	39830	r8-K0,
1790849802	39703	r8-K0,
1790849803	39905	r8-K0,
1790849804	39765	r8-K0,
1790849805	39968	r8-K0,
1790849806	39839	r8-K0,
1790849807	39941	r8-K0,
1790849808	39899	r8-K0,
1790849809	39760	r8-K0,
1790849810	39957	r8-K0,
1790849811	39818	r8-K0,
1790849812	40035	r8-K0,
1790849813	39858	r8-K0,
1790849814	39966	r8-K0,
1790849815	40106	r8-K0,
1790849816	39984	r8-K0,
1790849817	40186	r8-K0,
1790849818	40039	r8-K0,
1790849819	40277	r8-K0,
1790849820	40125	r8-K0,
1790849821	40043	r8-K0,
1790849822	39942	r8-K0,
1790849823	39691	r8-K0,
1790849824	39897	r8-K0,
1790849825	39681	r8-K0,
1790849826	39746	r8-K0,
1790849827	39708	r8-K0,
1790849828	39520	r8-K0,
1790849829	39646	r8-K0,
1790849830	39477	r8-K0,
1790849831	40165	r8-K0,
1790849832	39756	r8-K0,
1790849833	39877	r8-K0,
1790849834	39692	r8-K0,
1790849835	39518	r8-K0,
1790849836	39768	r8-K0,
1790849837	39588	r8-K0,
1790849838	39764	r8-K0,
1790849839	39593	r8-K0,
1790849840	39742	r8-K0,
1790849841	39562	r8-K0,
1790849842	39372	r8-K0,
1790849843	39546	r8-K0,
1790849844	40067	r8-K0,
1790849845	40276	r8-K0,
1790849846	40160	r8-K0,
1790849847	40044	r8-K0,
1790849848	40265	r8-K0,
1790849849	40151	r8-K0,
1790849850	40042	r8-K0,
1790849851	40233	r8-K0,
1790849852	40121	r8-K0,
1790849853	39999	r8-K0,
1790849854	40226	r8-K0,
1790849855	40185	r8-K0,
1790849856	40030	r8-K0,
1790849857	40242	r8-K0,
1790849858	40133	r8-K0,
1790849859	40012	r8-K0,
1790849860	40230	r8-K0,
1790849862	40113	r8-K0,
1790849863	39999	r8-K0,
1790849864	40215	r8-K0,
1790849865	40128	r8-K0,
1790849866	40010	r8-K0,
1790849867	40220	r8-K0,
1790849868	40108	r8-K0,
1790849869	39983	r8-K0,
1790849870	40274	r8-K0,
1790849871	40140	r8-K0,
1790849872	40045	r8-K0,
1790849873	40220	r8-K0,
1790849874	40101	r8-K0,
1790849875	40056	r8-K0,
1790849876	40227	r8-K0,
1790849877	40094	r8-K0,
1790849878	40047	r8-K0,
1790849879	40214	r8-K0,
1790849880	40154	r8-K0,
1790849881	40005	r8-K0,
1790849882	40165	r8-K0,
1790849883	40045	r8-K0,
1790849884	40015	r8-K0,
1790849885	40178	r8-K0,
1790849886	40119	r8-K0,
1790849887	40225	r8-K0,
1790849888	40157	r8-K0,
1790849889	40106	r8-K0,
1790849890	40270	r8-K0,
1790849891	40151	r8-K0,
1790849892	40012	r8-K0,
1790849893	40237	r8-K0,
1790849894	40123	r8-K0,
1790849895	40027	r8-K0,
1790849896	40055	r8-K0,
1790849897	40166	r8-K0,
1790849898	40067	r8-K0,
1790849899	40236	r8-K0,
1790849900	40116	r8-K0,
1790849901	40004	r8-K0,
1790849902	40245	r8-K0,
1790849903	40176	r8-K0,
1790849904	40032	r8-K0,
1790849905	40274	r8-K0,
1790849906	40139	r8-K0,
1790849907	40022	r8-K0,
1790849908	40266	r8-K0,
1790849909	40133	r8-K0,
1790849910	40001	r8-K0,
1790849911	40246	r8-K0,
1790849912	40123	r8-K0,
1790849913	40267	r8-K0,
1790849914	40231	r8-K0,
1790849915	40095	r8-K0,
1790849916	40268	r8-K0,
1790849917	40201	r8-K0,
1790849918	40059	r8-K0,
1790849919	40242	r8-K0,
1790849920	40200	r8-K0,
1790849921	40056	r8-K0,
1790849922	40239	r8-K0,
1790849923	40196	r8-K0,
1790849924	40074	r8-K0,
1790849925	40221	r8-K0,
1790849927	40168	r8-K0,
1790849928	40057	r8-K0,
1790849929	40279	r8-K0,
1790849930	40136	r8-K0,
1790849931	40038	r8-K0,
1790849932	40258	r8-K0,
1790849933	40150	r8-K0,
1790849934	40029	r8-K0,
1790849935	40166	r8-K0,
1790849936	40141	r8-K0,
1790849937	40001	r8-K0,
1790849938	40252	r8-K0,
1790849939	40125	r8-K0,
1790849940	40263	r8-K0,
1790849941	40142	r8-K0,
1790849942	40088	r8-K0,
1790849943	40234	r8-K0,
1790849944	40205	r8-K0,
1790849945	40085	r8-K0,
1790849946	40218	r8-K0,
1790849947	40167	r8-K0,
1790849948	40062	r8-K0,
1790849949	40213	r8-K0,
1790849950	40102	r8-K0,
1790849951	39982	r8-K0,
1790849952	40199	r8-K0,
1790849953	40084	r8-K0,
1790849954	39968	r8-K0,
1790849955	40201	r8-K0,
1790849956	40092	r8-K0,
1790849957	39973	r8-K0,
1790849958	40204	r8-K0,
1790849959	40093	r8-K0,
1790849960	40274	r8-K0,
1790849961	40190	r8-K0,
1790849962	40063	r8-K0,
1790849963	40281	r8-K0,
1790849964	40177	r8-K0,
1790849965	40056	r8-K0,
1790849966	40341	r8-K0,
1790849967	40229	r8-K0,
1790849968	40105	r8-K0,
1790849969	40310	r8-K0,
1790849970	40206	r8-K0,
1790849971	40088	r8-K0,
1790849972	40287	r8-K0,
1790849973	40187	r8-K0,
1790849974	40085	r8-K0,
1790849975	40298	r8-K0,
1790849976	40184	r8-K0,
1790849977	40079	r8-K0,
1790849978	40304	r8-K0,
1790849979	40179	r8-K0,
1790849980	40074	r8-K0,
1790849981	40310	r8-K0,
1790849982	40228	r8-K0,
1790849983	40088	r8-K0,
1790849984	40311	r8-K0,
1790849985	40185	r8-K0,
1790849986	40050	r8-K0,
1790849987	40241	r8-K0,
1790849988	40125	r8-K0,
1790849989	40002	r8-K0,
1790849990	40231	r8-K0,
1790849992	40110	r8-K0,
1790849993	40000	r8-K0,
1790849994	40228	r8-K0,
1790849995	40110	r8-K0,
1790849996	39979	r8-K0,
1790849997	40221	r8-K0,
1790849998	40093	r8-K0,
1790849999	40295	r8-K0,
1790850000	40166	r8-K0,
1790850001	40050	r8-K0,
1790850002	40277	r8-K0,
1790850003	40164	r8-K0,
1790850004	40055	r8-K0,
1790850005	40268	r8-K0,
1790850006	40133	r8-K0,
1790850007	40035	r8-K0,
1790850008	40246	r8-K0,
1790850009	40136	r8-K0,
1790850010	40028	r8-K0,
1790850011	40252	r8-K0,
1790850012	40125	r8-K0,
1790850013	40021	r8-K0,
1790850014	40234	r8-K0,
1790850015	40131	r8-K0,
1790850016	40022	r8-K0,
1790850017	40334	r8-K0,
1790850018	40185	r8-K0,
1790850019	40063	r8-K0,
1790850020	40278	r8-K0,
1790850021	40151	r8-K0,
1790850022	40021	r8-K0,
1790850023	40240	r8-K0,
1790850024	40135	r8-K0,
1790850025	40014	r8-K0,
1790850026	40220	r8-K0,
1790850027	40098	r8-K0,
1790850028	39986	r8-K0,
1790850029	40209	r8-K0,
1790850030	40108	r8-K0,
1790850031	40210	r8-K0,
1790850032	40184	r8-K0,
1790850033	40145	r8-K0,
1790850034	40333	r8-K0,
1790850035	40204	r8-K0,
1790850036	40122	r8-K0,
1790850037	40290	r8-K0,
1790850038	40168	r8-K0,
1790850039	40039	r8-K0,
1790850040	40261	r8-K0,
1790850041	40197	r8-K0,
1790850042	40045	r8-K0,
1790850043	40255	r8-K0,
1790850044	40130	r8-K0,
1790850045	40001	r8-K0,
1790850046	40215	r8-K0,
1790850047	40091	r8-K0,
1790850048	40309	r8-K0,
1790850049	40191	r8-K0,
1790850050	40080	r8-K0,
1790850051	40302	r8-K0,
1790850052	40177	r8-K0,
1790850053	40071	r8-K0,
1790850054	40284	r8-K0,
1790850055	40164	r8-K0,
1790850056	40044	r8-K0,
1790850058	40242	r8-K0,
1790850059	40117	r8-K0,
1790850060	39998	r8-K0,
1790850061	40222	r8-K0,
1790850062	40105	r8-K0,
1790850063	39976	r8-K0,
1790850064	40225	r8-K0,
1790850065	40097	r8-K0,
1790850066	39981	r8-K0,
1790850067	40287	r8-K0,
1790850068	40142	r8-K0,
1790850069	40093	r8-K0,
1790850070	40278	r8-K0,
1790850071	40131	r8-K0,
1790850072	40305	r8-K0,
1790850073	40163	r8-K0,
1790850074	40046	r8-K0,
1790850075	40287	r8-K0,
1790850076	40161	r8-K0,
1790850077	40045	r8-K0,
1790850078	40266	r8-K0,
1790850079	40160	r8-K0,
1790850080	40045	r8-K0,
1790850081	40255	r8-K0,
1790850082	40135	r8-K0,
1790850083	39976	r8-K0,
1790850084	40185	r8-K0,
1790850085	40081	r8-K0,
1790850086	40307	r8-K0,
1790850087	40193	r8-K0,
1790850088	40135	r8-K0,
1790850089	40319	r8-K0,
1790850090	40187	r8-K0,
1790850091	40070	r8-K0,
1790850092	40284	r8-K0,
1790850093	40163	r8-K0,
1790850094	40058	r8-K0,
1790850095	40276	r8-K0,
1790850096	40177	r8-K0,
1790850097	40031	r8-K0,
1790850098	40255	r8-K0,
1790850099	40141	r8-K0,
1790850100	40020	r8-K0,
1790850101	40236	r8-K0,
1790850102	40094	r8-K0,
1790850103	40306	r8-K0,
1790850104	40190	r8-K0,
1790850105	40055	r8-K0,
1790850106	40334	r8-K0,
1790850107	40184	r8-K0,
1790850108	40059	r8-K0,
1790850109	40282	r8-K0,
1790850110	40157	r8-K0,
1790850111	40041	r8-K0,
1790850112	40265	r8-K0,
1790850113	40161	r8-K0,
1790850114	40040	r8-K0,
1790850115	40247	r8-K0,
1790850116	40140	r8-K0,
1790850117	40072	r8-K0,
1790850118	40274	r8-K0,
1790850119	40159	r8-K0,
1790850120	40087	r8-K0,
1790850121	40283	r8-K0,
1790850122	40160	r8-K0,
1790850124	40094	r8-K0,
1790850125	40275	r8-K0,
1790850126	40145	r8-K0,
1790850127	40086	r8-K0,
1790850128	40244	r8-K0,
1790850129	40122	r8-K0,
1790850130	40060	r8-K0,
1790850131	40248	r8-K0,
1790850132	40124	r8-K0,
1790850133	40337	r8-K0,
1790850134	40213	r8-K0,
1790850135	40165	r8-K0,
1790850136	40164	r8-K0,
1790850137	40240	r8-K0,
1790850138	40089	r8-K0,
1790850139	40300	r8-K0,
1790850140	40189	r8-K0,
1790850141	40139	r8-K0,
1790850142	40331	r8-K0,
1790850143	40201	r8-K0,
1790850144	40085	r8-K0,
1790850145	40320	r8-K0,
1790850146	40198	r8-K0,
1790850147	40072	r8-K0,
1790850148	40302	r8-K0,
1790850149	40184	r8-K0,
1790850150	40115	r8-K0,
1790850151	40293	r8-K0,
1790850152	40177	r8-K0,
1790850153	40039	r8-K0,
1790850154	40328	r8-K0,
1790850155	40192	r8-K0,
1790850156	40071	r8-K0,
1790850157	40330	r8-K0,
1790850158	40189	r8-K0,
1790850159	40087	r8-K0,
1790850160	40314	r8-K0,
1790850161	40203	r8-K0,
1790850162	40113	r8-K0,
1790850163	40290	r8-K0,
1790850164	40153	r8-K0,
1790850165	40043	r8-K0,
1790850166	40271	r8-K0,
1790850167	40153	r8-K0,
1790850168	40016	r8-K0,
1790850169	40229	r8-K0,
1790850170	40115	r8-K0,
1790850171	39997	r8-K0,
1790850172	40212	r8-K0,
1790850173	40113	r8-K0,
1790850174	40002	r8-K0,
1790850175	40232	r8-K0,
1790850176	40110	r8-K0,
1790850177	39993	r8-K0,
1790850178	40232	r8-K0,
1790850179	40107	r8-K0,
1790850180	39991	r8-K0,
1790850181	40215	r8-K0,
1790850182	40194	r8-K0,
1790850183	40069	r8-K0,
1790850184	40257	r8-K0,
1790850185	40130	r8-K0,
1790850186	40017	r8-K0,
1790850187	40234	r8-K0,
1790850188	40190	r8-K0,
1790850190	40062	r8-K0,
1790850191	40260	r8-K0,
1790850192	40145	r8-K0,
1790850193	40004	r8-K0,
1790850194	40301	r8-K0,
1790850195	40162	r8-K0,
1790850196	40318	r8-K0,
1790850197	40238	r8-K0,
1790850198	40149	r8-K0,
1790850199	40325	r8-K0,
1790850200	40287	r8-K0,
1790850201	40154	r8-K0,
1790850202	40349	r8-K0,
1790850203	40220	r8-K0,
1790850204	40167	r8-K0,
1790850205	40338	r8-K0,
1790850206	40202	r8-K0,
1790850207	40158	r8-K0,
1790850208	40322	r8-K0,
1790850209	40200	r8-K0,
1790850210	40081	r8-K0,
1790850211	40307	r8-K0,
1790850212	40259	r8-K0,
1790850213	40109	r8-K0,
1790850214	40345	r8-K0,
1790850215	40218	r8-K0,
1790850216	40071	r8-K0,
1790850217	40288	r8-K0,
1790850218	40159	r8-K0,
1790850219	40122	r8-K0,
1790850220	40322	r8-K0,
1790850221	40193	r8-K0,
1790850222	40068	r8-K0,
1790850223	40271	r8-K0,
1790850224	40158	r8-K0,
1790850225	40054	r8-K0,
1790850226	40261	r8-K0,
1790850227	40225	r8-K0,
1790850228	40064	r8-K0,
1790850229	40329	r8-K0,
1790850230	40193	r8-K0,
1790850231	40056	r8-K0,
1790850232	40255	r8-K0,
1790850233	40185	r8-K0,
1790850234	40261	r8-K0,
1790850235	40313	r8-K0,
1790850236	40174	r8-K0,
1790850237	40372	r8-K0,
1790850238	40236	r8-K0,
1790850239	40116	r8-K0,
1790850240	40347	r8-K0,
1790850241	40236	r8-K0,
1790850242	40124	r8-K0,
1790850243	40345	r8-K0,
1790850244	40286	r8-K0,
1790850245	40148	r8-K0,
1790850246	40317	r8-K0,
1790850247	40269	r8-K0,
1790850248	40128	r8-K0,
1790850249	40325	r8-K0,
1790850250	40272	r8-K0,
1790850251	40132	r8-K0,
1790850252	40311	r8-K0,
1790850253	40190	r8-K0,
1790850255	40072	r8-K0,
1790850256	40297	r8-K0,
1790850257	40179	r8-K0,
1790850258	40009	r8-K0,
1790850259	39906	r8-K0,
1790850260	39788	r8-K0,
1790850261	39682	r8-K0,
1790850262	39670	r8-K0,
1790850263	39515	r8-K0,
1790850264	39402	r8-K0,
1790850265	39286	r8-K0,
1790850266	40302	r8-K0,
1790850267	40172	r8-K0,
1790850268	40034	r8-K0,
1790850269	40225	r8-K0,
1790850270	40116	r8-K0,
1790850271	40100	r8-K0,
1790850272	39968	r8-K0,
1790850273	39805	r8-K0,
1790850274	39676	r8-K0,
1790850275	39537	r8-K0,
1790850276	39474	r8-K0,
1790850277	39331	r8-K0,
1790850278	39066	r8-K0,
1790850279	38975	r8-K0,
1790850280	38824	r8-K0,
1790850281	38687	r8-K0,
1790850282	38607	r8-K0,
1790850283	38457	r8-K0,
1790850284	38367	r8-K0,
1790850285	38225	r8-K0,
1790850286	38075	r8-K0,
1790850287	37900	r8-K0,
1790850288	37772	r8-K0,
1790850289	37667	r8-K0,
1790850290	37523	r8-K0,
1790850291	37389	r8-K0,
1790850292	37302	r8-K0,
1790850293	37153	r8-K0,
1790850294	37035	r8-K0,
1790850295	37016	r8-K0,
1790850296	37203	r8-K0,
1790850297	37883	r8-K0,
1790850298	38146	r8-K0,
1790850299	38427	r8-K0,
1790850300	38624	r8-K0,
1790850301	38602	r8-K0,
1790850302	38434	r8-K0,
1790850303	38275	r8-K0,
1790850304	38148	r8-K0,
1790850305	38020	r8-K0,
1790850306	37891	r8-K0,
1790850307	37846	r8-K0,
1790850308	37694	r8-K0,
1790850309	37553	r8-K0,
1790850310	42776	r8-K0,
1790850311	42659	r8-K0,
1790850312	42535	r8-K0,
1790850313	42392	r8-K0,
1790850314	42264	r8-K0,
1790850315	42125	r8-K0,
1790850316	41993	r8-K0,
1790850317	41860	r8-K0,
1790850318	41730	r8-K0,
1790850320	41604	r8-K0,
1790850321	41473	r8-K0,
1790850322	41356	r8-K0,
1790850323	41225	r8-K0,
1790850324	41084	r8-K0,
1790850325	40947	r8-K0,
1790850326	40826	r8-K0,
1790850327	40713	r8-K0,
1790850328	40595	r8-K0,
1790850329	40657	r8-K0,
1790850330	40504	r8-K0,
1790850331	40323	r8-K0,
1790850332	40163	r8-K0,
1790850333	39997	r8-K0,
1790850334	39925	r8-K0,
1790850335	39860	r8-K0,
1790850336	39673	r8-K0,
1790850337	42146	r8-K0,
1790850338	42391	r8-K0,
1790850339	40691	r8-K0,
1790850340	40664	r8-K0,
1790850341	40641	r8-K0,
1790850342	40620	r8-K0,
1790850343	40578	r8-K0,
1790850344	34638	r8-K0,
1790850345	34633	r8-K0,
1790850346	34300	r8-K0,
1790850347	34674	r8-K0,
1790850348	34710	r8-K0,
1790850349	34702	r8-K0,
1790850350	34692	r8-K0,
1790850351	34713	r8-K0,
1790850352	34718	r8-K0,
1790850353	34712	r8-K0,
1790850354	34729	r8-K0,
1790850355	34729	r8-K0,
1790850356	34713	r8-K0,
1790850357	34698	r8-K0,
1790850358	34672	r8-K0,
1790850359	34460	r8-K0,
1790850360	34706	r8-K0,
1790850361	34678	r8-K0,
1790850362	34742	r8-K0,
1790850363	34713	r8-K0,
1790850364	34723	r8-K0,
1790850365	34737	r8-K0,
1790850366	34715	r8-K0,
1790850367	34701	r8-K0,
1790850368	34682	r8-K0,
1790850369	34671	r8-K0,
1790850370	34665	r8-K0,
1790850371	34657	r8-K0,
1790850372	34731	r8-K0,
1790850373	34724	r8-K0,
1790850374	34705	r8-K0,
1790850375	34727	r8-K0,
1790850376	34711	r8-K0,
1790850377	34709	r8-K0,
1790850378	34698	r8-K0,
1790850379	34689	r8-K0,
1790850380	34678	r8-K0,
1790850381	34724	r8-K0,
1790850382	34711	r8-K0,
1790850383	34686	r8-K0,
1790850385	34676	r8-K0,
1790850386	34672	r8-K0,
1790850387	34663	r8-K0,
1790850388	34654	r8-K0,
1790850389	34650	r8-K0,
1790850390	34646	r8-K0,
1790850391	34639	r8-K0,
1790850392	34605	r8-K0,
1790850393	34472	r8-K0,
1790850394	34349	r8-K0,
1790850395	34225	r8-K0,
1790850396	34108	r8-K0,
1790850397	33979	r8-K0,
1790850398	33534	r8-K0,
1790850399	33317	r8-K0,
1790850400	33221	r8-K0,
1790850401	33552	r8-K0,
1790850402	33388	r8-K0,
1790850403	33364	r8-K0,
1790850404	33287	r8-K0,
1790850405	32846	r8-K0,
1790850406	32367	r8-K0,
1790850407	31589	r8-K0,
1790850408	31371	r8-K0,
1790850409	31207	r8-K0,
1790850410	31084	r8-K0,
1790850411	30918	r8-K0,
1790850412	30777	r8-K0,
1790850413	30641	r8-K0,
1790850414	30495	r8-K0,
1790850415	30304	r8-K0,
1790850416	30201	r8-K0,
1790850417	30039	r8-K0,
1790850418	30414	r8-K0,
1790850419	33632	r8-K0,
1790850420	33482	r8-K0,
1790850421	33348	r8-K0,
1790850422	33200	r8-K0,
1790850423	33068	r8-K0,
1790850424	32942	r8-K0,
1790850425	32815	r8-K0,
1790850426	32684	r8-K0,
1790850427	32573	r8-K0,
1790850428	32401	r8-K0,
1790850429	32798	r8-K0,
1790850430	31588	r8-K0,
1790850431	31533	r8-K0,
1790850432	31467	r8-K0,
1790850433	31407	r8-K0,
1790850434	31349	r8-K0,
1790850435	31314	r8-K0,
1790850436	31265	r8-K0,
1790850437	31219	r8-K0,
1790850438	31149	r8-K0,
1790850439	37735	r8-K0,
1790850440	37531	r8-K0,
1790850441	37510	r8-K0,
1790850442	37284	r8-K0,
1790850443	37182	r8-K0,
1790850444	37140	r8-K0,
1790850446	35640	r8-K0,
1790850447	34740	r8-K0,
1790850448	34175	r8-K0,
1790850449	34163	r8-K0,
1790850450	34135	r8-K0,
1790850451	34139	r8-K0,
1790850452	34120	r8-K0,
1790850453	32882	r8-K0,
1790850454	32875	r8-K0,
1790850455	32868	r8-K0,
1790850456	32874	r8-K0,
1790850457	32874	r8-K0,
1790850458	32886	r8-K0,
1790850459	32893	r8-K0,
1790850460	32900	r8-K0,
1790850461	32909	r8-K0,
1790850462	32927	r8-K0,
1790850463	32923	r8-K0,
1790850464	32914	r8-K0,
1790850465	32912	r8-K0,
1790850466	32905	r8-K0,
1790850467	32903	r8-K0,
1790850468	32897	r8-K0,
1790850469	32878	r8-K0,
1790850470	32838	r8-K0,
1790850471	32820	r8-K0,
1790850472	32807	r8-K0,
1790850473	35255	r8-K0,
1790850474	34895	r8-K0,
1790850475	34887	r8-K0,
1790850476	34699	r8-K0,
1790850477	34709	r8-K0,
1790850478	34196	r8-K0,
1790850479	34197	r8-K0,
1790850480	34236	r8-K0,
1790850481	34241	r8-K0,
1790850482	34236	r8-K0,
1790850483	34252	r8-K0,
1790850484	34220	r8-K0,
1790850485	34208	r8-K0,
1790850486	34202	r8-K0,
1790850487	34212	r8-K0,
1790850488	34201	r8-K0,
1790850489	34210	r8-K0,
1790850490	34203	r8-K0,
1790850491	34205	r8-K0,
1790850492	34195	r8-K0,
1790850493	34143	r8-K0,
1790850494	34152	r8-K0,
1790850495	34152	r8-K0,
1790850496	34123	r8-K0,
1790850497	34139	r8-K0,
1790850498	34132	r8-K0,
1790850499	34114	r8-K0,
1790850500	34137	r8-K0,
1790850501	34141	r8-K0,
1790850502	34153	r8-K0,
1790850503	34162	r8-K0,
1790850504	34132	r8-K0,
1790850506	34125	r8-K0,
1790850507	34101	r8-K0,
1790850508	34130	r8-K0,
1790850509	34135	r8-K0,
1790850510	34117	r8-K0,
1790850511	34112	r8-K0,
1790850512	34038	r8-K0,
1790850513	34890	r8-K0,
1790850514	34846	r8-K0,
1790850515	34193	r8-K0,
1790850516	34051	r8-K0,
1790850517	33451	r8-K0,
1790850518	32217	r8-K0,
1790850519	32231	r8-K0,
1790850520	33882	r8-K0,
1790850521	33020	r8-K0,
1790850522	35855	r8-K0,
1790850523	35671	r8-K0,
1790850524	35488	r8-K0,
1790850525	35658	r8-K0,
1790850526	35640	r8-K0,
1790850527	35621	r8-K0,
1790850528	35546	r8-K0,
1790850529	35524	r8-K0,
1790850530	35466	r8-K0,
1790850531	31282	r8-K0,
1790850532	25630	r8-K0,
1790850533	23259	r8-K0,
1790850534	23310	r8-K0,
1790850535	23265	r8-K0,
1790850536	23151	r8-K0,
1790850537	22960	r8-K0,
1790850538	22913	r8-K0,
1790850539	22825	r8-K0,
1790850540	22835	r8-K0,
1790850541	22818	r8-K0,
1790850542	22848	r8-K0,
1790850543	22861	r8-K0,
1790850544	22845	r8-K0,
1790850545	22818	r8-K0,
1790850546	22809	r8-K0,
1790850547	22778	r8-K0,
1790850548	22791	r8-K0,
1790850549	22778	r8-K0,
1790850550	22754	r8-K0,
1790850551	22724	r8-K0,
1790850552	22571	r8-K0,
1790850553	22570	r8-K0,
1790850554	22534	r8-K0,
1790850555	22505	r8-K0,
1790850556	22385	r8-K0,
1790850557	22269	r8-K0,
1790850558	22211	r8-K0,
1790850559	22111	r8-K0,
1790850560	22000	r8-K0,
1790850561	21871	r8-K0,
1790850563	21746	r8-K0,
1790850564	21929	r8-K0,
1790850565	21882	r8-K0,
1790850566	21859	r8-K0,
1790850567	21800	r8-K0,
1790850568	21168	r8-K0,
1790850569	21035	r8-K0,
1790850570	20760	r8-K0,
1790850571	20742	r8-K0,
1790850572	20734	r8-K0,
1790850573	20858	r8-K0,
1790850574	20803	r8-K0,
1790850575	20750	r8-K0,
1790850576	20704	r8-K0,
1790850577	20693	r8-K0,
1790850578	20508	r8-K0,
1790850579	20405	r8-K0,
1790850580	20569	r8-K0,
1790850581	20460	r8-K0,
1790850582	20453	r8-K0,
1790850583	20441	r8-K0,
1790850584	20438	r8-K0,
1790850585	20428	r8-K0,
1790850586	20421	r8-K0,
1790850587	20421	r8-K0,
1790850588	20413	r8-K0,
1790850589	20409	r8-K0,
1790850590	20379	r8-K0,
1790850591	20359	r8-K0,
1790850592	20356	r8-K0,
1790850593	20356	r8-K0,
1790850594	20366	r8-K0,
1790850595	20358	r8-K0,
1790850596	20366	r8-K0,
1790850597	20361	r8-K0,
1790850598	20366	r8-K0,
1790850599	20370	r8-K0,
1790850600	20362	r8-K0,
1790850601	20365	r8-K0,
1790850602	20334	r8-K0,
1790850603	18013	r8-K0,
1790850604	17939	r8-K0,
1790850605	17873	r8-K0,
1790850606	17872	r8-K0,
1790850607	17866	r8-K0,
1790850608	17843	r8-K0,
1790850609	17845	r8-K0,
1790850610	17846	r8-K0,
1790850611	17842	r8-K0,
1790850612	17826	r8-K0,
1790850613	17821	r8-K0,
1790850614	17814	r8-K0,
1790850615	17824	r8-K0,
1790850617	17827	r8-K0,
1790850618	17825	r8-K0,
1790850619	17839	r8-K0,
1790850620	17848	r8-K0,
1790850621	17862	r8-K0,
1790850622	17862	r8-K0,
1790850623	17841	r8-K0,
1790850624	17836	r8-K0,
1790850625	17833	r8-K0,
1790850626	17830	r8-K0,
1790850627	17845	r8-K0,
1790850628	17860	r8-K0,
1790850629	17859	r8-K0,
1790850630	17854	r8-K0,
1790850631	17858	r8-K0,
1790850632	17861	r8-K0,
1790850633	17870	r8-K0,
1790850634	17866	r8-K0,
1790850635	17864	r8-K0,
1790850636	17858	r8-K0,
1790850637	17854	r8-K0,
1790850638	17853	r8-K0,
1790850639	17861	r8-K0,
1790850640	17856	r8-K0,
1790850641	17861	r8-K0,
1790850642	17867	r8-K0,
1790850643	17870	r8-K0,
1790850644	17870	r8-K0,
1790850645	17872	r8-K0,
1790850646	17878	r8-K0,
1790850647	17883	r8-K0,
1790850648	17875	r8-K0,
1790850649	17871	r8-K0,
1790850650	17873	r8-K0,
1790850651	17869	r8-K0,
1790850652	17877	r8-K0,
1790850654	17872	r8-K0,
1790850655	17865	r8-K0,
1790850656	17856	r8-K0,
1790850657	17856	r8-K0,
1790850658	17833	r8-K0,
1790850659	17877	r8-K0,
1790850660	17874	r8-K0,
1790850661	17865	r8-K0,
1790850662	17878	r8-K0,
1790850663	17879	r8-K0,
1790850664	17883	r8-K0,
1790850665	17882	r8-K0,
1790850666	17880	r8-K0,
1790850667	17876	r8-K0,
1790850668	17876	r8-K0,
1790850669	17879	r8-K0,
1790850670	17879	r8-K0,
1790850671	17876	r8-K0,
1790850672	17880	r8-K0,
1790850673	17881	r8-K0,
1790850674	17879	r8-K0,
1790850675	17876	r8-K0,
1790850676	17879	r8-K0,
1790850677	17881	r8-K0,
1790850678	17882	r8-K0,
1790850679	17852	r8-K0,
1790850680	17854	r8-K0,
1790850681	17852	r8-K0,
1790850682	17850	r8-K0,
1790850683	17849	r8-K0,
1790850684	17853	r8-K0,
1790850685	17858	r8-K0,
1790850686	17855	r8-K0,
1790850687	17856	r8-K0,
1790850688	17853	r8-K0,
1790850689	17849	r8-K0,
1790850690	17847	r8-K0,
1790850692	17847	r8-K0,
1790850693	17853	r8-K0,
1790850694	17849	r8-K0,
1790850695	17849	r8-K0,
1790850696	17848	r8-K0,
1790850697	17844	r8-K0,
1790850698	17842	r8-K0,
1790850699	17845	r8-K0,
1790850700	17844	r8-K0,
1790850701	17844	r8-K0,
1790850702	17843	r8-K0,
1790850703	17839	r8-K0,
1790850704	17841	r8-K0,
1790850705	17841	r8-K0,
1790850706	17842	r8-K0,
1790850707	17842	r8-K0,
1790850708	17846	r8-K0,
1790850709	17853	r8-K0,
1790850710	17850	r8-K0,
1790850711	17852	r8-K0,
1790850712	17847	r8-K0,
1790850713	17849	r8-K0,
1790850714	17851	r8-K0,
1790850715	17849	r8-K0,
1790850716	17851	r8-K0,
1790850717	17841	r8-K0,
1790850718	17840	r8-K0,
1790850719	17837	r8-K0,
1790850720	17800	r8-K0,
1790850721	17843	r8-K0,
1790850722	17835	r8-K0,
1790850723	17834	r8-K0,
1790850724	17840	r8-K0,
1790850725	17846	r8-K0,
1790850726	17838	r8-K0,
1790850727	17837	r8-K0,
1790850728	17819	r8-K0,
1790850730	17813	r8-K0,
1790850731	17806	r8-K0,
1790850732	17802	r8-K0,
1790850733	17803	r8-K0,
1790850734	17811	r8-K0,
1790850735	17804	r8-K0,
1790850736	17809	r8-K0,
1790850737	17809	r8-K0,
1790850738	17817	r8-K0,
1790850739	17818	r8-K0,
1790850740	17812	r8-K0,
1790850741	17805	r8-K0,
1790850742	17813	r8-K0,
1790850743	17807	r8-K0,
1790850744	17804	r8-K0,
1790850745	17807	r8-K0,
1790850746	17799	r8-K0,
1790850747	17796	r8-K0,
1790850748	17786	r8-K0,
1790850749	17780	r8-K0,
1790850750	17789	r8-K0,
1790850751	17782	r8-K0,
1790850752	17784	r8-K0,
1790850753	17791	r8-K0,
1790850754	17795	r8-K0,
1790850755	17800	r8-K0,
1790850756	17795	r8-K0,
1790850757	17797	r8-K0,
1790850758	17802	r8-K0,
1790850759	17808	r8-K0,
1790850760	17805	r8-K0,
1790850761	17810	r8-K0,
1790850762	17806	r8-K0,
1790850763	17799	r8-K0,
1790850764	17777	r8-K0,
1790850765	17631	r8-K0,
1790850766	17551	r8-K0,
1790850768	17505	r8-K0,
1790850769	17466	r8-K0,
1790850770	17437	r8-K0,
1790850771	17421	r8-K0,
1790850772	17397	r8-K0,
1790850773	17394	r8-K0,
1790850774	17366	r8-K0,
1790850775	17350	r8-K0,
1790850776	17349	r8-K0,
1790850777	17325	r8-K0,
1790850778	17297	r8-K0,
1790850779	17307	r8-K0,
1790850780	17359	r8-K0,
1790850781	17332	r8-K0,
1790850782	17306	r8-K0,
1790850783	17262	r8-K0,
1790850784	17218	r8-K0,
1790850785	17206	r8-K0,
1790850786	17197	r8-K0,
1790850787	17225	r8-K0,
1790850788	17216	r8-K0,
1790850789	17214	r8-K0,
1790850790	17828	r8-K0,
1790850791	17818	r8-K0,
1790850792	17810	r8-K0,
1790850793	17804	r8-K0,
1790850794	17796	r8-K0,
1790850795	17791	r8-K0,
1790850796	17797	r8-K0,
1790850797	17790	r8-K0,
1790850798	17786	r8-K0,
1790850799	17783	r8-K0,
1790850800	17791	r8-K0,
1790850801	17797	r8-K0,
1790850802	17801	r8-K0,
1790850803	17794	r8-K0,
1790850805	17802	r8-K0,
1790850806	17807	r8-K0,
1790850807	17814	r8-K0,
1790850808	17807	r8-K0,
1790850809	17800	r8-K0,
1790850810	17793	r8-K0,
1790850811	17800	r8-K0,
1790850812	17804	r8-K0,
1790850813	17799	r8-K0,
1790850814	17806	r8-K0,
1790850815	17811	r8-K0,
1790850816	17817	r8-K0,
1790850817	17816	r8-K0,
1790850818	17810	r8-K0,
1790850819	17816	r8-K0,
1790850820	17815	r8-K0,
1790850821	17812	r8-K0,
1790850822	17805	r8-K0,
1790850823	17799	r8-K0,
1790850824	17812	r8-K0,
1790850825	17819	r8-K0,
1790850826	17811	r8-K0,
1790850827	17816	r8-K0,
1790850828	17807	r8-K0,
1790850829	17768	r8-K0,
1790850830	17770	r8-K0,
1790850831	17764	r8-K0,
1790850832	17758	r8-K0,
1790850833	17754	r8-K0,
1790850834	17750	r8-K0,
1790850835	17763	r8-K0,
1790850836	17766	r8-K0,
1790850837	17765	r8-K0,
1790850838	17765	r8-K0,
1790850839	17771	r8-K0,
1790850841	17775	r8-K0,
1790850842	17773	r8-K0,
1790850843	17768	r8-K0,
1790850844	17772	r8-K0,
1790850845	17767	r8-K0,
1790850846	17760	r8-K0,
1790850847	17767	r8-K0,
1790850848	17758	r8-K0,
1790850849	17765	r8-K0,
1790850850	17772	r8-K0,
1790850851	17766	r8-K0,
1790850852	17772	r8-K0,
1790850853	17769	r8-K0,
1790850854	17777	r8-K0,
1790850855	17778	r8-K0,
1790850856	17790	r8-K0,
1790850857	17783	r8-K0,
1790850858	17789	r8-K0,
1790850859	17783	r8-K0,
1790850860	17787	r8-K0,
1790850861	17794	r8-K0,
1790850862	17801	r8-K0,
1790850863	17796	r8-K0,
1790850864	17792	r8-K0,
1790850865	17786	r8-K0,
1790850866	17792	r8-K0,
1790850867	17787	r8-K0,
1790850868	17792	r8-K0,
1790850869	17788	r8-K0,
1790850870	17781	r8-K0,
1790850871	17776	r8-K0,
1790850872	17790	r8-K0,
1790850873	17798	r8-K0,
1790850874	17807	r8-K0,
1790850875	17801	r8-K0,
1790850876	17801	r8-K0,
1790850877	17809	r8-K0,
1790850878	17801	r8-K0,
1790850880	17809	r8-K0,
1790850881	17808	r8-K0,
1790850882	17800	r8-K0,
1790850883	17811	r8-K0,
1790850884	17805	r8-K0,
1790850885	17813	r8-K0,
1790850886	17802	r8-K0,
1790850887	17780	r8-K0,
1790850888	17783	r8-K0,
1790850889	17776	r8-K0,
1790850890	17774	r8-K0,
1790850891	17782	r8-K0,
1790850892	17791	r8-K0,
1790850893	17791	r8-K0,
1790850894	17795	r8-K0,
1790850895	17787	r8-K0,
1790850896	17785	r8-K0,
1790850897	17792	r8-K0,
1790850898	17788	r8-K0,
1790850899	17796	r8-K0,
1790850900	17804	r8-K0,
1790850901	17798	r8-K0,
1790850902	17795	r8-K0,
1790850903	17789	r8-K0,
1790850904	17787	r8-K0,
1790850905	17783	r8-K0,
1790850906	17788	r8-K0,
1790850907	17793	r8-K0,
1790850908	17797	r8-K0,
1790850909	17792	r8-K0,
1790850910	17785	r8-K0,
1790850911	17783	r8-K0,
1790850912	17789	r8-K0,
1790850913	17787	r8-K0,
1790850914	17793	r8-K0,
1790850915	17785	r8-K0,
1790850916	17787	r8-K0,
1790850918	17778	r8-K0,
1790850919	17778	r8-K0,
1790850920	17788	r8-K0,
1790850921	17782	r8-K0,
1790850922	17776	r8-K0,
1790850923	17771	r8-K0,
1790850924	17776	r8-K0,
1790850925	17783	r8-K0,
1790850926	17778	r8-K0,
1790850927	17770	r8-K0,
1790850928	17776	r8-K0,
1790850929	17775	r8-K0,
1790850930	17780	r8-K0,
1790850931	17787	r8-K0,
1790850932	17794	r8-K0,
1790850933	17801	r8-K0,
1790850934	17794	r8-K0,
1790850935	17788	r8-K0,
1790850936	17783	r8-K0,
1790850937	17776	r8-K0,
1790850938	17773	r8-K0,
1790850939	17791	r8-K0,
1790850940	17785	r8-K0,
1790850941	17777	r8-K0,
1790850942	17785	r8-K0,
1790850943	17780	r8-K0,
1790850944	17770	r8-K0,
1790850945	17777	r8-K0,
1790850946	17772	r8-K0,
1790850947	17774	r8-K0,
1790850948	17783	r8-K0,
1790850949	17776	r8-K0,
1790850950	17769	r8-K0,
1790850951	17764	r8-K0,
1790850952	17772	r8-K0,
1790850953	17778	r8-K0,
1790850954	17789	r8-K0,
1790850956	17796	r8-K0,
1790850957	17801	r8-K0,
1790850958	17799	r8-K0,
1790850959	17792	r8-K0,
1790850960	17787	r8-K0,
1790850961	17796	r8-K0,
1790850962	17793	r8-K0,
1790850963	17803	r8-K0,
1790850964	17807	r8-K0,
1790850965	17807	r8-K0,
1790850966	17817	r8-K0,
1790850967	17820	r8-K0,
1790850968	17819	r8-K0,
1790850969	17814	r8-K0,
1790850970	17808	r8-K0,
1790850971	17808	r8-K0,
1790850972	17803	r8-K0,
1790850973	17804	r8-K0,
1790850974	17809	r8-K0,
1790850975	17812	r8-K0,
1790850976	17809	r8-K0,
1790850977	17805	r8-K0,
1790850978	17787	r8-K0,
1790850979	17784	r8-K0,
1790850980	17791	r8-K0,
1790850981	17798	r8-K0,
1790850982	17806	r8-K0,
1790850983	17799	r8-K0,
1790850984	17803	r8-K0,
1790850985	17810	r8-K0,
1790850986	17803	r8-K0,
1790850987	17796	r8-K0,
1790850988	17799	r8-K0,
1790850989	17792	r8-K0,
1790850990	17799	r8-K0,
1790850991	17792	r8-K0,
1790850992	17786	r8-K0,
1790850993	17784	r8-K0,
1790850994	17786	r8-K0,
1790850995	17792	r8-K0,
1790850996	17792	r8-K0,
1790850997	17800	r8-K0,
1790850998	17794	r8-K0,
1790850999	17793	r8-K0,
1790851001	17790	r8-K0,
1790851002	17785	r8-K0,
1790851003	17799	r8-K0,
1790851004	17801	r8-K0,
1790851005	17807	r8-K0,
1790851006	17800	r8-K0,
1790851007	17805	r8-K0,
1790851008	17799	r8-K0,
1790851009	17802	r8-K0,
1790851010	17808	r8-K0,
1790851011	17802	r8-K0,
1790851012	17809	r8-K0,
1790851013	17802	r8-K0,
1790851014	17806	r8-K0,
1790851015	17801	r8-K0,
1790851016	17798	r8-K0,
1790851017	17804	r8-K0,
1790851018	17810	r8-K0,
1790851019	17803	r8-K0,
1790851020	17801	r8-K0,
1790851021	17794	r8-K0,
1790851022	17803	r8-K0,
1790851023	17798	r8-K0,
1790851024	17798	r8-K0,
1790851025	17804	r8-K0,
1790851026	17803	r8-K0,
1790851027	17800	r8-K0,
1790851028	17798	r8-K0,
1790851029	17793	r8-K0,
1790851030	17791	r8-K0,
1790851031	17797	r8-K0,
1790851032	17805	r8-K0,
1790851033	17808	r8-K0,
1790851034	17805	r8-K0,
1790851035	17797	r8-K0,
1790851036	17787	r8-K0,
1790851038	17779	r8-K0,
1790851039	17783	r8-K0,
1790851040	17791	r8-K0,
1790851041	17783	r8-K0,
1790851042	17790	r8-K0,
1790851043	17788	r8-K0,
1790851044	17781	r8-K0,
1790851045	17787	r8-K0,
1790851046	17780	r8-K0,
1790851047	17784	r8-K0,
1790851048	17783	r8-K0,
1790851049	17778	r8-K0,
1790851050	17786	r8-K0,
1790851051	17790	r8-K0,
1790851052	17803	r8-K0,
1790851053	17795	r8-K0,
1790851054	17800	r8-K0,
1790851055	17793	r8-K0,
1790851056	17786	r8-K0,
1790851057	17792	r8-K0,
1790851058	17787	r8-K0,
1790851059	17781	r8-K0,
1790851060	17775	r8-K0,
1790851061	17782	r8-K0,
1790851062	17790	r8-K0,
1790851063	17796	r8-K0,
1790851064	17790	r8-K0,
1790851065	17795	r8-K0,
1790851066	17788	r8-K0,
1790851067	17799	r8-K0,
1790851068	17794	r8-K0,
1790851069	17792	r8-K0,
1790851070	17793	r8-K0,
1790851071	17793	r8-K0,
1790851072	17797	r8-K0,
1790851073	17802	r8-K0,
1790851075	17799	r8-K0,
1790851076	17791	r8-K0,
1790851077	17790	r8-K0,
1790851078	17798	r8-K0,
1790851079	17801	r8-K0,
1790851080	17806	r8-K0,
1790851081	17797	r8-K0,
1790851082	17804	r8-K0,
1790851083	17804	r8-K0,
1790851084	17799	r8-K0,
1790851085	17811	r8-K0,
1790851086	17807	r8-K0,
1790851087	17813	r8-K0,
1790851088	17807	r8-K0,
1790851089	17809	r8-K0,
1790851090	17808	r8-K0,
1790851091	17801	r8-K0,
1790851092	17795	r8-K0,
1790851093	17802	r8-K0,
1790851094	17803	r8-K0,
1790851095	17806	r8-K0,
1790851096	17804	r8-K0,
1790851097	17810	r8-K0,
1790851098	17809	r8-K0,
1790851099	17819	r8-K0,
1790851100	17811	r8-K0,
1790851101	17816	r8-K0,
1790851102	17811	r8-K0,
1790851103	17817	r8-K0,
1790851104	17807	r8-K0,
1790851105	17813	r8-K0,
1790851106	17802	r8-K0,
1790851107	17806	r8-K0,
1790851108	17801	r8-K0,
1790851109	17794	r8-K0,
1790851110	17793	r8-K0,
1790851111	17788	r8-K0,
1790851113	17794	r8-K0,
1790851114	17797	r8-K0,
1790851115	17802	r8-K0,
1790851116	17795	r8-K0,
1790851117	17791	r8-K0,
1790851118	17797	r8-K0,
1790851119	17791	r8-K0,
1790851120	17799	r8-K0,
1790851121	17798	r8-K0,
1790851122	17791	r8-K0,
1790851123	17784	r8-K0,
1790851124	17790	r8-K0,
1790851125	17788	r8-K0,
1790851126	17780	r8-K0,
1790851127	17777	r8-K0,
1790851128	17782	r8-K0,
1790851129	17788	r8-K0,
1790851130	17780	r8-K0,
1790851131	17787	r8-K0,
1790851132	17794	r8-K0,
1790851133	17794	r8-K0,
1790851134	17790	r8-K0,
1790851135	17785	r8-K0,
1790851136	17791	r8-K0,
1790851137	17793	r8-K0,
1790851138	17797	r8-K0,
1790851139	17790	r8-K0,
1790851140	17793	r8-K0,
1790851141	17800	r8-K0,
1790851142	17797	r8-K0,
1790851143	17805	r8-K0,
1790851144	17801	r8-K0,
1790851145	17809	r8-K0,
1790851146	17805	r8-K0,
1790851147	17804	r8-K0,
1790851148	17810	r8-K0,
1790851149	17802	r8-K0,
1790851150	17796	r8-K0,
1790851152	17781	r8-K0,
1790851153	17776	r8-K0,
1790851154	17781	r8-K0,
1790851155	17788	r8-K0,
1790851156	17785	r8-K0,
1790851157	17789	r8-K0,
1790851158	17784	r8-K0,
1790851159	17776	r8-K0,
1790851160	17775	r8-K0,
1790851161	17782	r8-K0,
1790851162	17788	r8-K0,
1790851163	17784	r8-K0,
1790851164	17792	r8-K0,
1790851165	17793	r8-K0,
1790851166	17815	r8-K0,
1790851167	17820	r8-K0,
1790851168	17822	r8-K0,
1790851169	17827	r8-K0,
1790851170	17818	r8-K0,
1790851171	17814	r8-K0,
1790851172	17809	r8-K0,
1790851173	17813	r8-K0,
1790851174	17805	r8-K0,
1790851175	17811	r8-K0,
1790851176	17811	r8-K0,
1790851177	20143	r8-K0,
1790851178	39418	r8-K0,
1790851179	119249	r8-K0,
1790851180	119228	r8-K0,
1790851181	119210	r8-K0,
1790851182	119186	r8-K0,
1790851183	119161	r8-K0,
1790851184	119144	r8-K0,
1790851185	121820	
1790851186	121644	r8-K1a,
1790851187	121512	r8-K1a,
1790851188	121482	r8-K1a,
1790851189	121455	r8-K1a,
1790851190	121409	r8-K1a,
1790851191	121375	r8-K1a,
1790851192	121379	r8-K1a,
1790851193	121373	r8-K1a,
1790851194	121360	r8-K1a,
1790851195	121317	r8-K1a,
1790851196	121281	r8-K1a,
1790851197	121257	r8-K1a,
1790851198	121046	r8-K1a,
1790851199	120877	r8-K1a,
1790851200	120798	r8-K1a,
1790851201	120709	r8-K1a,
1790851202	120655	r8-K1a,
1790851204	120635	r8-K1a,
1790851205	120146	r8-K1a,
1790851206	120591	r8-K1a,
1790851207	121177	r8-K1a,
1790851208	120406	r8-K1a,
1790851209	120611	r8-K1a,
1790851210	120464	r8-K1a,
1790851211	120392	r8-K1a,
1790851212	120284	r8-K1a,
1790851213	119801	r8-K1a,
1790851214	120733	r8-K1a,
1790851215	120504	r8-K1a,
1790851216	120374	r8-K1a,
1790851217	120250	r8-K1a,
1790851218	120122	r8-K1a,
1790851219	119943	r8-K1a,
1790851220	119932	r8-K1a,
1790851221	119365	r8-K1a,
1790851222	119176	r8-K1a,
1790851223	118981	r8-K1a,
1790851224	118895	r8-K1a,
1790851225	118125	r8-K1a,
1790851226	115718	r8-K1a,
1790851227	115451	r8-K1a,
1790851228	113254	r8-K1a,
1790851229	82508	r8-K1a,
1790851230	51030	r8-K1a,
1790851231	39588	r8-K1a,
1790851232	38413	r8-K1a,
1790851233	38487	r8-K1a,
1790851234	38523	r8-K1a,
1790851235	38520	r8-K1a,
1790851236	38533	r8-K1a,
1790851237	38543	r8-K1a,
1790851238	38544	r8-K1a,
1790851239	38560	r8-K1a,
1790851240	38600	r8-K1a,
1790851241	38621	r8-K1a,
1790851242	38624	r8-K1a,
1790851243	38628	r8-K1a,
1790851244	38629	r8-K1a,
1790851245	38639	r8-K1a,
1790851246	38644	r8-K1a,
1790851247	38663	r8-K1a,
1790851248	38680	r8-K1a,
1790851249	38699	r8-K1a,
1790851250	38718	r8-K1a,
1790851251	38734	r8-K1a,
1790851252	38736	r8-K1a,
1790851253	38737	r8-K1a,
1790851254	38750	r8-K1a,
1790851255	38756	r8-K1a,
1790851256	38776	r8-K1a,
1790851257	38803	r8-K1a,
1790851258	38812	r8-K1a,
1790851259	38827	r8-K1a,
1790851260	38840	r8-K1a,
1790851261	38850	r8-K1a,
1790851262	39073	r8-K1a,
1790851263	39072	r8-K1a,
1790851264	39073	r8-K1a,
1790851265	39073	r8-K1a,
1790851267	39049	r8-K1a,
1790851268	39074	r8-K1a,
1790851269	39057	r8-K1a,
1790851270	39069	r8-K1a,
1790851271	39074	r8-K1a,
1790851272	39055	r8-K1a,
1790851273	39073	r8-K1a,
1790851274	39073	r8-K1a,
1790851275	39072	r8-K1a,
1790851276	39073	r8-K1a,
1790851277	39055	r8-K1a,
1790851278	39073	r8-K1a,
1790851279	39073	r8-K1a,
1790851280	39074	r8-K1a,
1790851281	39074	r8-K1a,
1790851282	39058	r8-K1a,
1790851283	39074	r8-K1a,
1790851284	39074	r8-K1a,
1790851285	39075	r8-K1a,
1790851286	39074	r8-K1a,
1790851287	39075	r8-K1a,
1790851288	39075	r8-K1a,
1790851289	39075	r8-K1a,
1790851290	39075	r8-K1a,
1790851291	39074	r8-K1a,
1790851292	39059	r8-K1a,
1790851293	39074	r8-K1a,
1790851294	39075	r8-K1a,
1790851295	39058	r8-K1a,
1790851296	39053	r8-K1a,
1790851297	39045	r8-K1a,
1790851298	39075	r8-K1a,
1790851299	39075	r8-K1a,
1790851300	39075	r8-K1a,
1790851301	39061	r8-K1a,
1790851302	39052	r8-K1a,
1790851303	39076	r8-K1a,
1790851304	39075	r8-K1a,
1790851305	39076	r8-K1a,
1790851306	39076	r8-K1a,
1790851307	39059	r8-K1a,
1790851308	39076	r8-K1a,
1790851309	39077	r8-K1a,
1790851310	39073	r8-K1a,
1790851311	39072	r8-K1a,
1790851312	39076	r8-K1a,
1790851313	39073	r8-K1a,
1790851314	39076	r8-K1a,
1790851315	39072	r8-K1a,
1790851316	39061	r8-K1a,
1790851317	39073	r8-K1a,
1790851318	39076	r8-K1a,
1790851319	39072	r8-K1a,
1790851320	39068	r8-K1a,
1790851321	39075	r8-K1a,
1790851322	38914	r8-K1a,
1790851323	39045	r8-K1a,
1790851324	39066	r8-K1a,
1790851325	39050	r8-K1a,
1790851326	39074	r8-K1a,
1790851327	39075	r8-K1a,
1790851328	38587	r8-K1a,
1790851329	38570	r8-K1a,
1790851330	38965	r8-K1a,
1790851332	38991	r8-K1a,
1790851333	38987	r8-K1a,
1790851334	39019	r8-K1a,
1790851335	38959	r8-K1a,
1790851336	38835	r8-K1a,
1790851337	38923	r8-K1a,
1790851338	38338	r8-K1a,
1790851339	36533	r8-K1a,
1790851340	30666	r8-K1a,
1790851341	30749	r8-K1a,
1790851342	30739	r8-K1a,
1790851343	27459	r8-K1a,
1790851344	33890	r8-K1a,
1790851345	33671	r8-K1a,
1790851346	33550	r8-K1a,
1790851347	33509	r8-K1a,
1790851348	31904	r8-K1a,
1790851349	30534	r8-K1a,
1790851350	30441	r8-K1a,
1790851351	30428	r8-K1a,
1790851352	30399	r8-K1a,
1790851353	30378	r8-K1a,
1790851354	29128	r8-K1a,
1790851355	29128	r8-K1a,
1790851356	29128	r8-K1a,
1790851357	29124	r8-K1a,
1790851358	29130	r8-K1a,
1790851359	29131	r8-K1a,
1790851360	29147	r8-K1a,
1790851361	29158	r8-K1a,
1790851362	29177	r8-K1a,
1790851363	29188	r8-K1a,
1790851364	29200	r8-K1a,
1790851365	29204	r8-K1a,
1790851366	29064	r8-K1a,
1790851367	30180	r8-K1a,
1790851368	29566	r8-K1a,
1790851369	29579	r8-K1a,
1790851370	29766	r8-K1a,
1790851371	31540	r8-K1a,
1790851372	31559	r8-K1a,
1790851373	31473	r8-K1a,
1790851374	31425	r8-K1a,
1790851375	31394	r8-K1a,
1790851376	31335	r8-K1a,
1790851377	31198	r8-K1a,
1790851378	23112	r8-K1a,
1790851379	23025	r8-K1a,
1790851380	22970	r8-K1a,
1790851381	22944	r8-K1a,
1790851382	22865	r8-K1a,
1790851383	22847	r8-K1a,
1790851384	22991	r8-K1a,
1790851385	22981	r8-K1a,
1790851386	22920	r8-K1a,
1790851387	22935	r8-K1a,
1790851388	22942	r8-K1a,
1790851389	22942	r8-K1a,
1790851390	22957	r8-K1a,
1790851392	22966	r8-K1a,
1790851393	22755	r8-K1a,
1790851394	22984	r8-K1a,
1790851395	22958	r8-K1a,
1790851396	22918	r8-K1a,
1790851397	22906	r8-K1a,
1790851398	22905	r8-K1a,
1790851399	22903	r8-K1a,
1790851400	22905	r8-K1a,
1790851401	22896	r8-K1a,
1790851402	22898	r8-K1a,
1790851403	22897	r8-K1a,
1790851404	22889	r8-K1a,
1790851405	22938	r8-K1a,
1790851406	22930	r8-K1a,
1790851407	22927	r8-K1a,
1790851408	22918	r8-K1a,
1790851409	22898	r8-K1a,
1790851410	22940	r8-K1a,
1790851411	22936	r8-K1a,
1790851412	22931	r8-K1a,
1790851413	22907	r8-K1a,
1790851414	22900	r8-K1a,
1790851415	22868	r8-K1a,
1790851416	22840	r8-K1a,
1790851417	22836	r8-K1a,
1790851418	22845	r8-K1a,
1790851419	22837	r8-K1a,
1790851420	22841	r8-K1a,
1790851421	22824	r8-K1a,
1790851422	22829	r8-K1a,
1790851423	21206	r8-K1a,
1790851424	21102	r8-K1a,
1790851425	20297	r8-K1a,
1790851426	20266	r8-K1a,
1790851427	20255	r8-K1a,
1790851428	20254	r8-K1a,
1790851429	20255	r8-K1a,
1790851430	20221	r8-K1a,
1790851431	20213	r8-K1a,
1790851432	20215	r8-K1a,
1790851433	20210	r8-K1a,
1790851434	20212	r8-K1a,
1790851435	20210	r8-K1a,
1790851436	20219	r8-K1a,
1790851437	20213	r8-K1a,
1790851438	20210	r8-K1a,
1790851439	20192	r8-K1a,
1790851440	20198	r8-K1a,
1790851442	20192	r8-K1a,
1790851443	20193	r8-K1a,
1790851444	20194	r8-K1a,
1790851445	20189	r8-K1a,
1790851446	20195	r8-K1a,
1790851447	20204	r8-K1a,
1790851448	20212	r8-K1a,
1790851449	20222	r8-K1a,
1790851450	20219	r8-K1a,
1790851451	20215	r8-K1a,
1790851452	20224	r8-K1a,
1790851453	20218	r8-K1a,
1790851454	20226	r8-K1a,
1790851455	20226	r8-K1a,
1790851456	20222	r8-K1a,
1790851457	20230	r8-K1a,
1790851458	20238	r8-K1a,
1790851459	20233	r8-K1a,
1790851460	20226	r8-K1a,
1790851461	20219	r8-K1a,
1790851462	20212	r8-K1a,
1790851463	20220	r8-K1a,
1790851464	20220	r8-K1a,
1790851465	20214	r8-K1a,
1790851466	20222	r8-K1a,
1790851467	20220	r8-K1a,
1790851468	20217	r8-K1a,
1790851469	20219	r8-K1a,
1790851470	20227	r8-K1a,
1790851471	20233	r8-K1a,
1790851472	20226	r8-K1a,
1790851473	20234	r8-K1a,
1790851474	20248	r8-K1a,
1790851475	20248	r8-K1a,
1790851476	20246	r8-K1a,
1790851477	20243	r8-K1a,
1790851478	20242	r8-K1a,
1790851479	20241	r8-K1a,
1790851480	20243	r8-K1a,
1790851481	20239	r8-K1a,
1790851482	20237	r8-K1a,
1790851484	20236	r8-K1a,
1790851485	20238	r8-K1a,
1790851486	20237	r8-K1a,
1790851487	20238	r8-K1a,
1790851488	20236	r8-K1a,
1790851489	20233	r8-K1a,
1790851490	20235	r8-K1a,
1790851491	20232	r8-K1a,
1790851492	20232	r8-K1a,
1790851493	20203	r8-K1a,
1790851494	20208	r8-K1a,
1790851495	20208	r8-K1a,
1790851496	20208	r8-K1a,
1790851497	20208	r8-K1a,
1790851498	20207	r8-K1a,
1790851499	20212	r8-K1a,
1790851500	20211	r8-K1a,
1790851501	20213	r8-K1a,
1790851502	20212	r8-K1a,
1790851503	20218	r8-K1a,
1790851504	20219	r8-K1a,
1790851505	20218	r8-K1a,
1790851506	20219	r8-K1a,
1790851507	20218	r8-K1a,
1790851508	20219	r8-K1a,
1790851509	20220	r8-K1a,
1790851510	20224	r8-K1a,
1790851511	20223	r8-K1a,
1790851512	20221	r8-K1a,
1790851513	20223	r8-K1a,
1790851514	20224	r8-K1a,
1790851515	20230	r8-K1a,
1790851516	20226	r8-K1a,
1790851517	20226	r8-K1a,
1790851518	20227	r8-K1a,
1790851519	20227	r8-K1a,
1790851520	20226	r8-K1a,
1790851521	20224	r8-K1a,
1790851522	20226	r8-K1a,
1790851523	20214	r8-K1a,
1790851525	20726	r8-K1a,
1790851526	20708	r8-K1a,
1790851527	20622	r8-K1a,
1790851528	20617	r8-K1a,
1790851529	20612	r8-K1a,
1790851530	20619	r8-K1a,
1790851531	20619	r8-K1a,
1790851532	20621	r8-K1a,
1790851533	20633	r8-K1a,
1790851534	20632	r8-K1a,
1790851535	20631	r8-K1a,
1790851536	20644	r8-K1a,
1790851537	20654	r8-K1a,
1790851538	20646	r8-K1a,
1790851539	20647	r8-K1a,
1790851540	20646	r8-K1a,
1790851541	20648	r8-K1a,
1790851542	20654	r8-K1a,
1790851543	20656	r8-K1a,
1790851544	20667	r8-K1a,
1790851545	20661	r8-K1a,
1790851546	20654	r8-K1a,
1790851547	20654	r8-K1a,
1790851548	20661	r8-K1a,
1790851549	20662	r8-K1a,
1790851550	20662	r8-K1a,
1790851551	20658	r8-K1a,
1790851552	20665	r8-K1a,
1790851553	20658	r8-K1a,
1790851554	20665	r8-K1a,
1790851555	20674	r8-K1a,
1790851556	20668	r8-K1a,
1790851557	20668	r8-K1a,
1790851558	20676	r8-K1a,
1790851559	20670	r8-K1a,
1790851560	20665	r8-K1a,
1790851562	20669	r8-K1a,
1790851563	20674	r8-K1a,
1790851564	20680	r8-K1a,
1790851565	20673	r8-K1a,
1790851566	20678	r8-K1a,
1790851567	20655	r8-K1a,
1790851568	20651	r8-K1a,
1790851569	20644	r8-K1a,
1790851570	20642	r8-K1a,
1790851571	20635	r8-K1a,
1790851572	20635	r8-K1a,
1790851573	20641	r8-K1a,
1790851574	20635	r8-K1a,
1790851575	20632	r8-K1a,
1790851576	20632	r8-K1a,
1790851577	20631	r8-K1a,
1790851578	20645	r8-K1a,
1790851579	20654	r8-K1a,
1790851580	20649	r8-K1a,
1790851581	20654	r8-K1a,
1790851582	20661	r8-K1a,
1790851583	20660	r8-K1a,
1790851584	20659	r8-K1a,
1790851585	20665	r8-K1a,
1790851586	20658	r8-K1a,
1790851587	20650	r8-K1a,
1790851588	20652	r8-K1a,
1790851589	20672	r8-K1a,
1790851590	20672	r8-K1a,
1790851591	20678	r8-K1a,
1790851592	20671	r8-K1a,
1790851593	20670	r8-K1a,
1790851594	20672	r8-K1a,
1790851595	20665	r8-K1a,
1790851596	20672	r8-K1a,
1790851597	20667	r8-K1a,
1790851599	20663	r8-K1a,
1790851600	20664	r8-K1a,
1790851601	20659	r8-K1a,
1790851602	20663	r8-K1a,
1790851603	20669	r8-K1a,
1790851604	20661	r8-K1a,
1790851605	20675	r8-K1a,
1790851606	20669	r8-K1a,
1790851607	20675	r8-K1a,
1790851608	20680	r8-K1a,
1790851609	20679	r8-K1a,
1790851610	20685	r8-K1a,
1790851611	20690	r8-K1a,
1790851612	20680	r8-K1a,
1790851613	20684	r8-K1a,
1790851614	20678	r8-K1a,
1790851615	20683	r8-K1a,
1790851616	20678	r8-K1a,
1790851617	20670	r8-K1a,
1790851618	20669	r8-K1a,
1790851619	20663	r8-K1a,
1790851620	20671	r8-K1a,
1790851621	20675	r8-K1a,
1790851622	20682	r8-K1a,
1790851623	20674	r8-K1a,
1790851624	20681	r8-K1a,
1790851625	20673	r8-K1a,
1790851626	20675	r8-K1a,
1790851627	20668	r8-K1a,
1790851628	20662	r8-K1a,
1790851629	20656	r8-K1a,
1790851630	20657	r8-K1a,
1790851631	20652	r8-K1a,
1790851632	20648	r8-K1a,
1790851633	20656	r8-K1a,
1790851634	20667	r8-K1a,
1790851636	20663	r8-K1a,
1790851637	20670	r8-K1a,
1790851638	20678	r8-K1a,
1790851639	20665	r8-K1a,
1790851640	20657	r8-K1a,
1790851641	20663	r8-K1a,
1790851642	20655	r8-K1a,
1790851643	20664	r8-K1a,
1790851644	20660	r8-K1a,
1790851645	20653	r8-K1a,
1790851646	20671	r8-K1a,
1790851647	20677	r8-K1a,
1790851648	20673	r8-K1a,
1790851649	20672	r8-K1a,
1790851650	20660	r8-K1a,
1790851651	20663	r8-K1a,
1790851652	20669	r8-K1a,
1790851653	20672	r8-K1a,
1790851654	20665	r8-K1a,
1790851655	20662	r8-K1a,
1790851656	20658	r8-K1a,
1790851657	20654	r8-K1a,
1790851658	20649	r8-K1a,
1790851659	20664	r8-K1a,
1790851660	20665	r8-K1a,
1790851661	20654	r8-K1a,
1790851662	20649	r8-K1a,
1790851663	20648	r8-K1a,
1790851664	20657	r8-K1a,
1790851665	20662	r8-K1a,
1790851666	20658	r8-K1a,
1790851667	20656	r8-K1a,
1790851668	20648	r8-K1a,
1790851669	20655	r8-K1a,
1790851670	20650	r8-K1a,
1790851671	20646	r8-K1a,
1790851673	20657	r8-K1a,
1790851674	20653	r8-K1a,
1790851675	20661	r8-K1a,
1790851676	20655	r8-K1a,
1790851677	20662	r8-K1a,
1790851678	20654	r8-K1a,
1790851679	20654	r8-K1a,
1790851680	20648	r8-K1a,
1790851681	20642	r8-K1a,
1790851682	20649	r8-K1a,
1790851683	20649	r8-K1a,
1790851684	20645	r8-K1a,
1790851685	20662	r8-K1a,
1790851686	20655	r8-K1a,
1790851687	20657	r8-K1a,
1790851688	20651	r8-K1a,
1790851689	20657	r8-K1a,
1790851690	20652	r8-K1a,
1790851691	20661	r8-K1a,
1790851692	20668	r8-K1a,
1790851693	20663	r8-K1a,
1790851694	20656	r8-K1a,
1790851695	20647	r8-K1a,
1790851696	20654	r8-K1a,
1790851697	20662	r8-K1a,
1790851698	20661	r8-K1a,
1790851699	20675	r8-K1a,
1790851700	20665	r8-K1a,
1790851701	20670	r8-K1a,
1790851702	20678	r8-K1a,
1790851703	20685	r8-K1a,
1790851704	20673	r8-K1a,
1790851705	20686	r8-K1a,
1790851706	20692	r8-K1a,
1790851707	20684	r8-K1a,
1790851708	20676	r8-K1a,
1790851710	20669	r8-K1a,
1790851711	20666	r8-K1a,
1790851712	20660	r8-K1a,
1790851713	20654	r8-K1a,
1790851714	20659	r8-K1a,
1790851715	20656	r8-K1a,
1790851716	20653	r8-K1a,
1790851717	20648	r8-K1a,
1790851718	20656	r8-K1a,
1790851719	20651	r8-K1a,
1790851720	20656	r8-K1a,
1790851721	20651	r8-K1a,
1790851722	20645	r8-K1a,
1790851723	20649	r8-K1a,
1790851724	20650	r8-K1a,
1790851725	20653	r8-K1a,
1790851726	20661	r8-K1a,
1790851727	20659	r8-K1a,
1790851728	20654	r8-K1a,
1790851729	20664	r8-K1a,
1790851730	20669	r8-K1a,
1790851731	20665	r8-K1a,
1790851732	20658	r8-K1a,
1790851733	20657	r8-K1a,
1790851734	20656	r8-K1a,
1790851735	20653	r8-K1a,
1790851736	20662	r8-K1a,
1790851737	20665	r8-K1a,
1790851738	20655	r8-K1a,
1790851739	20656	r8-K1a,
1790851740	20656	r8-K1a,
1790851741	20653	r8-K1a,
1790851742	20647	r8-K1a,
1790851743	20640	r8-K1a,
1790851744	20647	r8-K1a,
1790851745	20653	r8-K1a,
1790851746	20653	r8-K1a,
1790851748	20668	r8-K1a,
1790851749	20676	r8-K1a,
1790851750	20669	r8-K1a,
1790851751	20665	r8-K1a,
1790851752	20667	r8-K1a,
1790851753	20664	r8-K1a,
1790851754	20658	r8-K1a,
1790851755	20652	r8-K1a,
1790851756	20661	r8-K1a,
1790851757	20667	r8-K1a,
1790851758	20666	r8-K1a,
1790851759	20660	r8-K1a,
1790851760	20665	r8-K1a,
1790851761	20671	r8-K1a,
1790851762	20678	r8-K1a,
1790851763	20688	r8-K1a,
1790851764	20681	r8-K1a,
1790851765	20684	r8-K1a,
1790851766	20679	r8-K1a,
1790851767	20672	r8-K1a,
1790851768	20674	r8-K1a,
1790851769	20683	r8-K1a,
1790851770	20687	r8-K1a,
1790851771	20677	r8-K1a,
1790851772	20669	r8-K1a,
1790851773	20667	r8-K1a,
1790851774	20671	r8-K1a,
1790851775	20671	r8-K1a,
1790851776	20671	r8-K1a,
1790851777	20675	r8-K1a,
1790851778	20683	r8-K1a,
1790851779	20683	r8-K1a,
1790851780	20689	r8-K1a,
1790851781	20693	r8-K1a,
1790851782	20686	r8-K1a,
1790851783	20679	r8-K1a,
1790851784	20678	r8-K1a,
1790851786	20676	r8-K1a,
1790851787	20683	r8-K1a,
1790851788	20682	r8-K1a,
1790851789	20676	r8-K1a,
1790851790	20674	r8-K1a,
1790851791	20684	r8-K1a,
1790851792	20677	r8-K1a,
1790851793	20666	r8-K1a,
1790851794	20674	r8-K1a,
1790851795	20665	r8-K1a,
1790851796	20675	r8-K1a,
1790851797	20682	r8-K1a,
1790851798	20677	r8-K1a,
1790851799	20670	r8-K1a,
1790851800	20676	r8-K1a,
1790851801	20672	r8-K1a,
1790851802	20663	r8-K1a,
1790851803	20670	r8-K1a,
1790851804	20682	r8-K1a,
1790851805	20685	r8-K1a,
1790851806	20680	r8-K1a,
1790851807	20673	r8-K1a,
1790851808	20666	r8-K1a,
1790851809	20673	r8-K1a,
1790851810	20672	r8-K1a,
1790851811	20686	r8-K1a,
1790851812	20692	r8-K1a,
1790851813	20698	r8-K1a,
1790851814	20690	r8-K1a,
1790851815	20695	r8-K1a,
1790851816	20702	r8-K1a,
1790851817	20689	r8-K1a,
1790851818	20680	r8-K1a,
1790851819	20678	r8-K1a,
1790851820	20667	r8-K1a,
1790851821	20660	r8-K1a,
1790851823	20659	r8-K1a,
1790851824	20652	r8-K1a,
1790851825	20647	r8-K1a,
1790851826	20657	r8-K1a,
1790851827	20652	r8-K1a,
1790851828	20641	r8-K1a,
1790851829	20648	r8-K1a,
1790851830	20644	r8-K1a,
1790851831	20649	r8-K1a,
1790851832	20656	r8-K1a,
1790851833	20651	r8-K1a,
1790851834	20646	r8-K1a,
1790851835	20644	r8-K1a,
1790851836	20642	r8-K1a,
1790851837	20637	r8-K1a,
1790851838	20645	r8-K1a,
1790851839	20660	r8-K1a,
1790851840	20653	r8-K1a,
1790851841	20659	r8-K1a,
1790851842	20657	r8-K1a,
1790851843	20657	r8-K1a,
1790851844	20646	r8-K1a,
1790851845	20644	r8-K1a,
1790851846	20650	r8-K1a,
1790851847	20651	r8-K1a,
1790851848	20659	r8-K1a,
1790851849	20666	r8-K1a,
1790851850	20661	r8-K1a,
1790851851	20655	r8-K1a,
1790851852	20660	r8-K1a,
1790851853	20654	r8-K1a,
1790851854	20648	r8-K1a,
1790851855	20656	r8-K1a,
1790851856	20661	r8-K1a,
1790851857	20685	r8-K1a,
1790851858	20680	r8-K1a,
1790851859	20686	r8-K1a,
1790851860	20692	r8-K1a,
1790851861	20696	r8-K1a,
1790851862	20698	r8-K1a,
1790851864	20699	r8-K1a,
1790851865	20692	r8-K1a,
1790851866	20702	r8-K1a,
1790851867	20703	r8-K1a,
1790851868	20695	r8-K1a,
1790851869	20695	r8-K1a,
1790851870	20690	r8-K1a,
1790851871	20698	r8-K1a,
1790851872	21828	r8-K1a,
1790851873	24699	r8-K1a,
1790851874	121880	r8-K1a,
1790851875	121646	r8-K1b,
1790851876	121551	r8-K1b,
1790851877	121518	r8-K1b,
1790851878	121471	r8-K1b,
1790851879	121437	r8-K1b,
1790851880	121411	r8-K1b,
1790851881	121405	r8-K1b,
1790851882	121376	r8-K1b,
1790851883	121362	r8-K1b,
1790851884	121328	r8-K1b,
1790851885	121308	r8-K1b,
1790851886	121287	r8-K1b,
1790851887	121253	r8-K1b,
1790851888	120916	r8-K1b,
1790851889	120806	r8-K1b,
1790851890	120737	r8-K1b,
1790851891	120655	r8-K1b,
1790851892	120642	r8-K1b,
1790851893	119964	r8-K1b,
1790851894	120591	r8-K1b,
1790851895	121203	r8-K1b,
1790851896	120299	r8-K1b,
1790851897	120317	r8-K1b,
1790851898	120232	r8-K1b,
1790851899	120142	r8-K1b,
1790851900	120096	r8-K1b,
1790851901	119788	r8-K1b,
1790851902	120660	r8-K1b,
1790851903	120462	r8-K1b,
1790851904	120244	r8-K1b,
1790851905	120162	r8-K1b,
1790851906	120093	r8-K1b,
1790851907	119962	r8-K1b,
1790851908	119966	r8-K1b,
1790851909	119438	r8-K1b,
1790851910	119230	r8-K1b,
1790851911	119067	r8-K1b,
1790851912	118958	r8-K1b,
1790851913	118086	r8-K1b,
1790851914	115667	r8-K1b,
1790851915	115472	r8-K1b,
1790851916	111283	r8-K1b,
1790851917	83511	r8-K1b,
1790851918	55184	r8-K1b,
1790851919	38403	r8-K1b,
1790851920	38523	r8-K1b,
1790851921	38567	r8-K1b,
1790851922	38573	r8-K1b,
1790851923	38574	r8-K1b,
1790851925	38584	r8-K1b,
1790851926	38596	r8-K1b,
1790851927	38594	r8-K1b,
1790851928	38612	r8-K1b,
1790851929	38632	r8-K1b,
1790851930	38622	r8-K1b,
1790851931	38633	r8-K1b,
1790851932	38636	r8-K1b,
1790851933	38653	r8-K1b,
1790851934	38761	r8-K1b,
1790851935	38780	r8-K1b,
1790851936	38794	r8-K1b,
1790851937	38792	r8-K1b,
1790851938	38787	r8-K1b,
1790851939	38788	r8-K1b,
1790851940	38776	r8-K1b,
1790851941	38776	r8-K1b,
1790851942	38770	r8-K1b,
1790851943	39005	r8-K1b,
1790851944	39004	r8-K1b,
1790851945	38988	r8-K1b,
1790851946	39005	r8-K1b,
1790851947	38500	r8-K1b,
1790851948	39004	r8-K1b,
1790851949	39004	r8-K1b,
1790851950	38980	r8-K1b,
1790851951	39003	r8-K1b,
1790851952	39005	r8-K1b,
1790851953	38503	r8-K1b,
1790851954	38999	r8-K1b,
1790851955	38967	r8-K1b,
1790851956	39004	r8-K1b,
1790851957	39005	r8-K1b,
1790851958	38478	r8-K1b,
1790851959	39003	r8-K1b,
1790851960	38986	r8-K1b,
1790851961	39004	r8-K1b,
1790851962	38984	r8-K1b,
1790851963	39005	r8-K1b,
1790851964	38987	r8-K1b,
1790851965	39006	r8-K1b,
1790851966	39004	r8-K1b,
1790851967	38993	r8-K1b,
1790851968	39005	r8-K1b,
1790851969	39004	r8-K1b,
1790851970	38983	r8-K1b,
1790851971	39005	r8-K1b,
1790851972	39004	r8-K1b,
1790851973	38989	r8-K1b,
1790851974	38986	r8-K1b,
1790851975	39005	r8-K1b,
1790851976	39005	r8-K1b,
1790851977	39005	r8-K1b,
1790851978	39004	r8-K1b,
1790851979	39004	r8-K1b,
1790851980	39004	r8-K1b,
1790851981	39005	r8-K1b,
1790851982	38934	r8-K1b,
1790851983	38930	r8-K1b,
1790851984	38935	r8-K1b,
1790851985	39005	r8-K1b,
1790851986	39005	r8-K1b,
1790851987	39004	r8-K1b,
1790851988	38980	r8-K1b,
1790851989	39004	r8-K1b,
1790851990	38985	r8-K1b,
1790851992	39002	r8-K1b,
1790851993	39005	r8-K1b,
1790851994	38988	r8-K1b,
1790851995	39002	r8-K1b,
1790851996	38982	r8-K1b,
1790851997	38975	r8-K1b,
1790851998	39005	r8-K1b,
1790851999	39005	r8-K1b,
1790852000	39005	r8-K1b,
1790852001	39006	r8-K1b,
1790852002	38545	r8-K1b,
1790852003	38984	r8-K1b,
1790852004	38549	r8-K1b,
1790852005	38995	r8-K1b,
1790852006	39004	r8-K1b,
1790852007	39005	r8-K1b,
1790852008	38484	r8-K1b,
1790852009	39004	r8-K1b,
1790852010	38989	r8-K1b,
1790852011	38568	r8-K1b,
1790852012	39003	r8-K1b,
1790852013	39005	r8-K1b,
1790852014	38990	r8-K1b,
1790852015	38987	r8-K1b,
1790852016	39002	r8-K1b,
1790852017	39003	r8-K1b,
1790852018	39004	r8-K1b,
1790852019	39003	r8-K1b,
1790852020	38971	r8-K1b,
1790852021	38965	r8-K1b,
1790852022	39004	r8-K1b,
1790852023	39005	r8-K1b,
1790852024	39002	r8-K1b,
1790852025	38982	r8-K1b,
1790852026	39002	r8-K1b,
1790852027	38921	r8-K1b,
1790852028	38785	r8-K1b,
1790852029	38884	r8-K1b,
1790852030	38911	r8-K1b,
1790852031	38855	r8-K1b,
1790852032	38886	r8-K1b,
1790852033	38886	r8-K1b,
1790852034	38911	r8-K1b,
1790852035	38031	r8-K1b,
1790852036	31969	r8-K1b,
1790852037	30577	r8-K1b,
1790852038	30200	r8-K1b,
1790852039	30671	r8-K1b,
1790852040	34068	r8-K1b,
1790852041	33827	r8-K1b,
1790852042	33621	r8-K1b,
1790852043	33454	r8-K1b,
1790852044	33452	r8-K1b,
1790852045	31861	r8-K1b,
1790852046	30461	r8-K1b,
1790852047	30430	r8-K1b,
1790852048	30395	r8-K1b,
1790852049	30392	r8-K1b,
1790852050	30387	r8-K1b,
1790852051	29141	r8-K1b,
1790852052	29147	r8-K1b,
1790852053	29161	r8-K1b,
1790852054	29173	r8-K1b,
1790852055	29178	r8-K1b,
1790852057	29189	r8-K1b,
1790852058	29200	r8-K1b,
1790852059	29215	r8-K1b,
1790852060	29232	r8-K1b,
1790852061	29188	r8-K1b,
1790852062	29204	r8-K1b,
1790852063	29147	r8-K1b,
1790852064	31150	r8-K1b,
1790852065	29607	r8-K1b,
1790852066	29631	r8-K1b,
1790852067	29631	r8-K1b,
1790852068	32058	r8-K1b,
1790852069	31760	r8-K1b,
1790852070	31680	r8-K1b,
1790852071	31610	r8-K1b,
1790852072	31555	r8-K1b,
1790852073	31515	r8-K1b,
1790852074	31452	r8-K1b,
1790852075	31261	r8-K1b,
1790852076	23370	r8-K1b,
1790852077	23247	r8-K1b,
1790852078	23285	r8-K1b,
1790852079	23304	r8-K1b,
1790852080	23175	r8-K1b,
1790852081	22874	r8-K1b,
1790852082	23165	r8-K1b,
1790852083	23139	r8-K1b,
1790852084	23013	r8-K1b,
1790852085	22953	r8-K1b,
1790852086	22900	r8-K1b,
1790852087	22896	r8-K1b,
1790852088	22906	r8-K1b,
1790852089	22836	r8-K1b,
1790852090	23001	r8-K1b,
1790852091	22931	r8-K1b,
1790852092	22917	r8-K1b,
1790852093	22890	r8-K1b,
1790852094	22879	r8-K1b,
1790852095	22872	r8-K1b,
1790852096	21106	r8-K1b,
1790852097	20872	r8-K1b,
1790852098	20585	r8-K1b,
1790852099	20565	r8-K1b,
1790852100	20550	r8-K1b,
1790852101	20543	r8-K1b,
1790852102	20508	r8-K1b,
1790852103	20497	r8-K1b,
1790852104	20491	r8-K1b,
1790852105	20497	r8-K1b,
1790852106	20492	r8-K1b,
1790852107	20495	r8-K1b,
1790852108	20491	r8-K1b,
1790852110	20483	r8-K1b,
1790852111	20477	r8-K1b,
1790852112	20472	r8-K1b,
1790852113	20458	r8-K1b,
1790852114	20454	r8-K1b,
1790852115	20463	r8-K1b,
1790852116	20461	r8-K1b,
1790852117	20469	r8-K1b,
1790852118	20463	r8-K1b,
1790852119	20459	r8-K1b,
1790852120	20469	r8-K1b,
1790852121	20475	r8-K1b,
1790852122	20482	r8-K1b,
1790852123	20481	r8-K1b,
1790852124	20477	r8-K1b,
1790852125	20474	r8-K1b,
1790852126	20469	r8-K1b,
1790852127	20463	r8-K1b,
1790852128	20463	r8-K1b,
1790852129	20458	r8-K1b,
1790852130	20466	r8-K1b,
1790852131	20475	r8-K1b,
1790852132	20477	r8-K1b,
1790852133	20486	r8-K1b,
1790852134	20490	r8-K1b,
1790852135	20481	r8-K1b,
1790852136	20477	r8-K1b,
1790852137	20481	r8-K1b,
1790852138	20490	r8-K1b,
1790852139	20479	r8-K1b,
1790852140	20486	r8-K1b,
1790852141	20485	r8-K1b,
1790852142	20495	r8-K1b,
1790852143	20491	r8-K1b,
1790852144	20484	r8-K1b,
1790852145	20483	r8-K1b,
1790852146	20485	r8-K1b,
1790852147	20494	r8-K1b,
1790852148	20486	r8-K1b,
1790852149	20478	r8-K1b,
1790852150	20480	r8-K1b,
1790852152	20476	r8-K1b,
1790852153	20482	r8-K1b,
1790852154	20478	r8-K1b,
1790852155	20471	r8-K1b,
1790852156	20481	r8-K1b,
1790852157	20476	r8-K1b,
1790852158	20475	r8-K1b,
1790852159	20472	r8-K1b,
1790852160	20464	r8-K1b,
1790852161	20469	r8-K1b,
1790852162	20472	r8-K1b,
1790852163	20462	r8-K1b,
1790852164	20443	r8-K1b,
1790852165	20424	r8-K1b,
1790852166	20422	r8-K1b,
1790852167	20429	r8-K1b,
1790852168	20431	r8-K1b,
1790852169	20437	r8-K1b,
1790852170	20431	r8-K1b,
1790852171	20436	r8-K1b,
1790852172	20430	r8-K1b,
1790852173	20435	r8-K1b,
1790852174	20426	r8-K1b,
1790852175	20428	r8-K1b,
1790852176	20434	r8-K1b,
1790852177	20440	r8-K1b,
1790852178	20439	r8-K1b,
1790852179	20434	r8-K1b,
1790852180	20437	r8-K1b,
1790852181	20429	r8-K1b,
1790852182	20440	r8-K1b,
1790852183	20444	r8-K1b,
1790852184	20440	r8-K1b,
1790852185	20448	r8-K1b,
1790852186	20453	r8-K1b,
1790852187	20453	r8-K1b,
1790852188	20461	r8-K1b,
1790852189	20455	r8-K1b,
1790852190	20460	r8-K1b,
1790852192	20453	r8-K1b,
1790852193	20445	r8-K1b,
1790852194	20445	r8-K1b,
1790852195	20438	r8-K1b,
1790852196	20424	r8-K1b,
1790852197	20423	r8-K1b,
1790852198	20425	r8-K1b,
1790852199	20430	r8-K1b,
1790852200	20432	r8-K1b,
1790852201	20446	r8-K1b,
1790852202	20439	r8-K1b,
1790852203	20444	r8-K1b,
1790852204	20436	r8-K1b,
1790852205	20432	r8-K1b,
1790852206	20439	r8-K1b,
1790852207	20445	r8-K1b,
1790852208	20439	r8-K1b,
1790852209	20436	r8-K1b,
1790852210	20445	r8-K1b,
1790852211	20456	r8-K1b,
1790852212	24321	r8-K1b,
1790852213	120178	r8-K1b,
1790852214	121678	
1790852215	121664	
1790852216	121655	
1790852217	121656	
1790852218	121665	
1790852219	121666	
1790852220	121665	
1790852221	121670	
1790852222	121675	
1790852223	121679	
1790852224	121691	
1790852225	121698	
1790852226	121698	
1790852227	121695	
1790852228	121696	
1790852229	121684	
1790852230	121684	
1790852231	121690	
1790852232	121697	
1790852233	121705	
1790852234	121707	
1790852235	121706	
1790852236	121710	
1790852237	121705	
1790852238	121700	
1790852239	121696	
1790852240	121693	
1790852241	121689	
1790852242	121697	
1790852243	121697	
1790852244	121707	
1790852245	121707	
1790852246	121703	
1790852247	121695	
1790852248	121702	
1790852249	121698	
1790852250	121697	
1790852251	121692	
1790852253	121698	
1790852254	121692	
1790852255	121690	
1790852256	121690	
1790852257	121690	
1790852258	121689	
1790852259	121688	
1790852260	121691	
1790852261	121684	
1790852262	121682	
1790852263	121695	
1790852264	121690	
1790852265	121687	
1790852266	121688	
1790852267	121681	
1790852268	121688	
1790852269	121689	
1790852270	121682	
1790852271	121685	
1790852272	121686	
1790852273	121692	
1790852274	121696	
1790852275	121691	
1790852276	121694	
1790852277	121695	
1790852278	121698	
1790852279	121693	
1790852280	121686	
1790852281	121689	
1790852282	121689	
1790852283	121691	
1790852284	121696	
1790852285	121699	
1790852286	121699	
1790852287	121701	
1790852288	121698	
1790852289	121691	
1790852290	121690	
1790852291	121690	
1790852292	121698	
1790852293	121704	
1790852294	121698	
1790852295	121704	
1790852296	121703	
1790852297	121699	
1790852298	121699	
1790852299	121704	
1790852300	121700	
1790852301	121699	
1790852302	121704	
1790852303	121699	
1790852304	121697	
1790852305	121693	
1790852306	121695	
1790852307	121698	
1790852308	121703	
1790852309	121706	
1790853298	121641	
1790853299	121321	r8-K2probe,
1790853300	121201	r8-K2probe,
1790853301	121168	r8-K2probe,
1790853302	121106	r8-K2probe,
1790853303	121042	r8-K2probe,
1790853304	120821	r8-K2probe,
1790853305	120644	r8-K2probe,
1790853306	120572	r8-K2probe,
1790853307	120461	r8-K2probe,
1790853308	120396	r8-K2probe,
1790853310	119839	r8-K2probe,
1790853311	120223	r8-K2probe,
1790853312	120841	r8-K2probe,
1790853313	120096	r8-K2probe,
1790853314	120377	r8-K2probe,
1790853315	120235	r8-K2probe,
1790853316	120176	r8-K2probe,
1790853317	120078	r8-K2probe,
1790853318	119520	r8-K2probe,
1790853319	120562	r8-K2probe,
1790853320	120338	r8-K2probe,
1790853321	120253	r8-K2probe,
1790853322	120121	r8-K2probe,
1790853323	119965	r8-K2probe,
1790853324	119824	r8-K2probe,
1790853325	119802	r8-K2probe,
1790853326	119602	r8-K2probe,
1790853327	119263	r8-K2probe,
1790853328	119060	r8-K2probe,
1790853329	118859	r8-K2probe,
1790853330	118350	r8-K2probe,
1790853331	117695	r8-K2probe,
1790853332	115110	r8-K2probe,
1790853333	115043	r8-K2probe,
1790853334	94703	r8-K2probe,
1790853335	67405	r8-K2probe,
1790853336	40067	r8-K2probe,
1790853337	38584	r8-K2probe,
1790853338	38131	r8-K2probe,
1790853339	38147	r8-K2probe,
1790853340	38261	r8-K2probe,
1790853341	38366	r8-K2probe,
1790853342	38417	r8-K2probe,
1790853343	38420	r8-K2probe,
1790853344	38428	r8-K2probe,
1790853345	38437	r8-K2probe,
1790853346	38433	r8-K2probe,
1790853347	38446	r8-K2probe,
1790853348	38464	r8-K2probe,
1790853349	38465	r8-K2probe,
1790853350	38472	r8-K2probe,
1790853351	38480	r8-K2probe,
1790853352	38484	r8-K2probe,
1790853353	38505	r8-K2probe,
1790853354	38539	r8-K2probe,
1790853355	38571	r8-K2probe,
1790853356	38614	r8-K2probe,
1790853357	38617	r8-K2probe,
1790853358	38612	r8-K2probe,
1790853359	38616	r8-K2probe,
1790853360	38625	r8-K2probe,
1790853361	38517	r8-K2probe,
1790853362	38515	r8-K2probe,
1790853363	39037	r8-K2probe,
1790853364	39036	r8-K2probe,
1790853365	39037	r8-K2probe,
1790853366	39035	r8-K2probe,
1790853367	39035	r8-K2probe,
1790853368	39020	r8-K2probe,
1790853369	39036	r8-K2probe,
1790853371	39034	r8-K2probe,
1790853372	39036	r8-K2probe,
1790853373	39028	r8-K2probe,
1790853374	39035	r8-K2probe,
1790853375	39037	r8-K2probe,
1790853376	39036	r8-K2probe,
1790853377	39009	r8-K2probe,
1790853378	39037	r8-K2probe,
1790853379	38998	r8-K2probe,
1790853380	39005	r8-K2probe,
1790853381	39034	r8-K2probe,
1790853382	39020	r8-K2probe,
1790853383	39008	r8-K2probe,
1790853384	38995	r8-K2probe,
1790853385	38981	r8-K2probe,
1790853386	38990	r8-K2probe,
1790853387	38980	r8-K2probe,
1790853388	38980	r8-K2probe,
1790853389	38971	r8-K2probe,
1790853390	39037	r8-K2probe,
1790853391	39018	r8-K2probe,
1790853392	39008	r8-K2probe,
1790853393	39004	r8-K2probe,
1790853394	39001	r8-K2probe,
1790853395	38983	r8-K2probe,
1790853396	38980	r8-K2probe,
1790853397	38976	r8-K2probe,
1790853398	39037	r8-K2probe,
1790853399	39030	r8-K2probe,
1790853400	39023	r8-K2probe,
1790853401	39037	r8-K2probe,
1790853402	39037	r8-K2probe,
1790853403	39025	r8-K2probe,
1790853404	39036	r8-K2probe,
1790853405	39035	r8-K2probe,
1790853406	39037	r8-K2probe,
1790853407	39020	r8-K2probe,
1790853408	39036	r8-K2probe,
1790853409	39013	r8-K2probe,
1790853410	39037	r8-K2probe,
1790853411	39036	r8-K2probe,
1790853412	39035	r8-K2probe,
1790853413	39036	r8-K2probe,
1790853414	39012	r8-K2probe,
1790853415	39036	r8-K2probe,
1790853416	39036	r8-K2probe,
1790853417	39036	r8-K2probe,
1790853418	39021	r8-K2probe,
1790853419	39017	r8-K2probe,
1790853420	39034	r8-K2probe,
1790853421	39032	r8-K2probe,
1790853422	39035	r8-K2probe,
1790853423	39035	r8-K2probe,
1790853424	38797	r8-K2probe,
1790853425	38946	r8-K2probe,
1790853426	38939	r8-K2probe,
1790853427	38912	r8-K2probe,
1790853428	38958	r8-K2probe,
1790853429	38948	r8-K2probe,
1790853430	38432	r8-K2probe,
1790853431	38990	r8-K2probe,
1790853432	37763	r8-K2probe,
1790853434	30239	r8-K2probe,
1790853435	30708	r8-K2probe,
1790853436	30712	r8-K2probe,
1790853437	30700	r8-K2probe,
1790853438	34055	r8-K2probe,
1790853439	33769	r8-K2probe,
1790853440	33629	r8-K2probe,
1790853441	33479	r8-K2probe,
1790853442	33175	r8-K2probe,
1790853443	32012	r8-K2probe,
1790853444	30623	r8-K2probe,
1790853445	30609	r8-K2probe,
1790853446	30580	r8-K2probe,
1790853447	30566	r8-K2probe,
1790853448	30550	r8-K2probe,
1790853449	29321	r8-K2probe,
1790853450	29315	r8-K2probe,
1790853451	29318	r8-K2probe,
1790853452	29332	r8-K2probe,
1790853453	29329	r8-K2probe,
1790853454	29334	r8-K2probe,
1790853455	29343	r8-K2probe,
1790853456	29361	r8-K2probe,
1790853457	29359	r8-K2probe,
1790853458	29365	r8-K2probe,
1790853459	29372	r8-K2probe,
1790853460	29212	r8-K2probe,
1790853461	30642	r8-K2probe,
1790853462	29821	r8-K2probe,
1790853463	29794	r8-K2probe,
1790853464	29798	r8-K2probe,
1790853465	32154	r8-K2probe,
1790853466	31894	r8-K2probe,
1790853467	31836	r8-K2probe,
1790853468	31754	r8-K2probe,
1790853469	31551	r8-K2probe,
1790853470	22326	r8-K2probe,
1790853471	22823	r8-K2probe,
1790853472	22762	r8-K2probe,
1790853473	22718	r8-K2probe,
1790853474	22714	r8-K2probe,
1790853475	22676	r8-K2probe,
1790853476	22659	r8-K2probe,
1790853477	22625	r8-K2probe,
1790853478	22457	r8-K2probe,
1790853479	22432	r8-K2probe,
1790853480	22548	r8-K2probe,
1790853481	22478	r8-K2probe,
1790853482	22427	r8-K2probe,
1790853483	22369	r8-K2probe,
1790853484	22553	r8-K2probe,
1790853485	22417	r8-K2probe,
1790853486	22299	r8-K2probe,
1790853487	22280	r8-K2probe,
1790853488	22226	r8-K2probe,
1790853489	22222	r8-K2probe,
1790853490	22216	r8-K2probe,
1790853491	22208	r8-K2probe,
1790853492	22202	r8-K2probe,
1790853493	22194	r8-K2probe,
1790853495	22194	r8-K2probe,
1790853496	22209	r8-K2probe,
1790853497	22208	r8-K2probe,
1790853498	22212	r8-K2probe,
1790853499	22209	r8-K2probe,
1790853500	22187	r8-K2probe,
1790853501	25864	r8-K2probe,
1790853502	120357	r8-K2probe,
1790853503	121734	r8-K2off,
1790853504	121522	r8-K2off,
1790853505	121424	r8-K2off,
1790853506	121349	r8-K2off,
1790853507	121336	r8-K2off,
1790853508	121282	r8-K2off,
1790853509	121233	r8-K2off,
1790853510	121213	r8-K2off,
1790853511	120930	r8-K2off,
1790853512	120798	r8-K2off,
1790853513	120723	r8-K2off,
1790853514	120644	r8-K2off,
1790853515	120614	r8-K2off,
1790853516	120594	r8-K2off,
1790853517	120214	r8-K2off,
1790853518	121141	r8-K2off,
1790853519	120770	r8-K2off,
1790853520	120759	r8-K2off,
1790853521	120531	r8-K2off,
1790853522	120449	r8-K2off,
1790853523	120348	r8-K2off,
1790853524	120278	r8-K2off,
1790853525	119633	r8-K2off,
1790853526	120807	r8-K2off,
1790853527	120588	r8-K2off,
1790853528	120494	r8-K2off,
1790853529	120404	r8-K2off,
1790853530	120250	r8-K2off,
1790853531	120152	r8-K2off,
1790853532	120106	r8-K2off,
1790853533	119605	r8-K2off,
1790853534	119380	r8-K2off,
1790853535	119222	r8-K2off,
1790853536	119098	r8-K2off,
1790853537	118331	r8-K2off,
1790853538	115904	r8-K2off,
1790853539	115581	r8-K2off,
1790853540	114031	r8-K2off,
1790853541	86683	r8-K2off,
1790853542	58707	r8-K2off,
1790853543	39543	r8-K2off,
1790853544	38575	r8-K2off,
1790853545	38614	r8-K2off,
1790853546	38617	r8-K2off,
1790853547	38614	r8-K2off,
1790853548	38627	r8-K2off,
1790853549	38642	r8-K2off,
1790853550	38658	r8-K2off,
1790853551	38652	r8-K2off,
1790853552	38666	r8-K2off,
1790853553	38664	r8-K2off,
1790853554	38666	r8-K2off,
1790853555	38662	r8-K2off,
1790853556	38665	r8-K2off,
1790853558	38657	r8-K2off,
1790853559	38657	r8-K2off,
1790853560	38669	r8-K2off,
1790853561	38665	r8-K2off,
1790853562	38672	r8-K2off,
1790853563	38687	r8-K2off,
1790853564	38702	r8-K2off,
1790853565	38710	r8-K2off,
1790853566	38717	r8-K2off,
1790853567	38725	r8-K2off,
1790853568	38739	r8-K2off,
1790853569	38742	r8-K2off,
1790853570	38746	r8-K2off,
1790853571	38755	r8-K2off,
1790853572	38772	r8-K2off,
1790853573	38790	r8-K2off,
1790853574	38810	r8-K2off,
1790853575	38819	r8-K2off,
1790853576	38830	r8-K2off,
1790853577	38836	r8-K2off,
1790853578	38812	r8-K2off,
1790853579	38848	r8-K2off,
1790853580	38874	r8-K2off,
1790853581	38859	r8-K2off,
1790853582	39020	r8-K2off,
1790853583	39034	r8-K2off,
1790853584	39055	r8-K2off,
1790853585	39029	r8-K2off,
1790853586	39053	r8-K2off,
1790853587	39054	r8-K2off,
1790853588	39054	r8-K2off,
1790853589	39032	r8-K2off,
1790853590	39054	r8-K2off,
1790853591	39054	r8-K2off,
1790853592	39037	r8-K2off,
1790853593	39036	r8-K2off,
1790853594	39055	r8-K2off,
1790853595	39054	r8-K2off,
1790853596	39036	r8-K2off,
1790853597	39054	r8-K2off,
1790853598	39042	r8-K2off,
1790853599	39054	r8-K2off,
1790853600	39036	r8-K2off,
1790853601	39054	r8-K2off,
1790853602	39054	r8-K2off,
1790853603	39044	r8-K2off,
1790853604	38625	r8-K2off,
1790853605	39031	r8-K2off,
1790853606	39055	r8-K2off,
1790853607	39055	r8-K2off,
1790853608	39052	r8-K2off,
1790853609	39032	r8-K2off,
1790853610	39034	r8-K2off,
1790853611	39053	r8-K2off,
1790853612	39055	r8-K2off,
1790853613	39029	r8-K2off,
1790853614	39054	r8-K2off,
1790853615	39054	r8-K2off,
1790853616	39054	r8-K2off,
1790853617	39033	r8-K2off,
1790853618	39039	r8-K2off,
1790853619	39054	r8-K2off,
1790853620	39054	r8-K2off,
1790853621	39055	r8-K2off,
1790853623	39054	r8-K2off,
1790853624	39054	r8-K2off,
1790853625	39054	r8-K2off,
1790853626	39053	r8-K2off,
1790853627	39035	r8-K2off,
1790853628	38950	r8-K2off,
1790853629	39056	r8-K2off,
1790853630	39054	r8-K2off,
1790853631	39055	r8-K2off,
1790853632	39039	r8-K2off,
1790853633	39042	r8-K2off,
1790853634	39024	r8-K2off,
1790853635	39054	r8-K2off,
1790853636	39047	r8-K2off,
1790853637	39044	r8-K2off,
1790853638	39053	r8-K2off,
1790853639	39052	r8-K2off,
1790853640	39038	r8-K2off,
1790853641	39028	r8-K2off,
1790853642	39018	r8-K2off,
1790853643	39019	r8-K2off,
1790853644	39055	r8-K2off,
1790853645	39055	r8-K2off,
1790853646	39054	r8-K2off,
1790853647	39055	r8-K2off,
1790853648	39054	r8-K2off,
1790853649	39055	r8-K2off,
1790853650	39053	r8-K2off,
1790853651	39055	r8-K2off,
1790853652	39053	r8-K2off,
1790853653	39056	r8-K2off,
1790853654	39028	r8-K2off,
1790853655	39054	r8-K2off,
1790853656	39056	r8-K2off,
1790853657	38987	r8-K2off,
1790853658	39055	r8-K2off,
1790853659	39025	r8-K2off,
1790853660	39057	r8-K2off,
1790853661	39057	r8-K2off,
1790853662	39056	r8-K2off,
1790853663	38922	r8-K2off,
1790853664	38945	r8-K2off,
1790853665	39005	r8-K2off,
1790853666	38971	r8-K2off,
1790853667	38942	r8-K2off,
1790853668	38918	r8-K2off,
1790853669	38990	r8-K2off,
1790853670	38947	r8-K2off,
1790853671	38938	r8-K2off,
1790853672	37754	r8-K2off,
1790853673	30146	r8-K2off,
1790853674	30222	r8-K2off,
1790853675	30733	r8-K2off,
1790853676	27436	r8-K2off,
1790853677	33857	r8-K2off,
1790853678	33656	r8-K2off,
1790853679	33506	r8-K2off,
1790853680	33480	r8-K2off,
1790853681	31940	r8-K2off,
1790853682	30475	r8-K2off,
1790853683	30463	r8-K2off,
1790853684	30425	r8-K2off,
1790853685	30428	r8-K2off,
1790853687	30413	r8-K2off,
1790853688	29169	r8-K2off,
1790853689	29157	r8-K2off,
1790853690	29151	r8-K2off,
1790853691	29163	r8-K2off,
1790853692	29169	r8-K2off,
1790853693	29169	r8-K2off,
1790853694	29182	r8-K2off,
1790853695	29198	r8-K2off,
1790853696	29213	r8-K2off,
1790853697	29219	r8-K2off,
1790853698	29239	r8-K2off,
1790853699	29243	r8-K2off,
1790853700	29120	r8-K2off,
1790853701	30326	r8-K2off,
1790853702	30139	r8-K2off,
1790853703	29688	r8-K2off,
1790853704	29379	r8-K2off,
1790853705	31928	r8-K2off,
1790853706	31808	r8-K2off,
1790853707	31695	r8-K2off,
1790853708	31595	r8-K2off,
1790853709	31522	r8-K2off,
1790853710	31497	r8-K2off,
1790853711	31395	r8-K2off,
1790853712	31512	r8-K2off,
1790853713	23417	r8-K2off,
1790853714	23381	r8-K2off,
1790853715	23336	r8-K2off,
1790853716	23332	r8-K2off,
1790853717	23308	r8-K2off,
1790853718	23180	r8-K2off,
1790853719	23184	r8-K2off,
1790853720	23086	r8-K2off,
1790853721	23115	r8-K2off,
1790853722	23117	r8-K2off,
1790853723	23125	r8-K2off,
1790853724	23111	r8-K2off,
1790853725	23116	r8-K2off,
1790853726	22949	r8-K2off,
1790853727	22899	r8-K2off,
1790853728	22877	r8-K2off,
1790853729	22799	r8-K2off,
1790853730	22800	r8-K2off,
1790853731	22796	r8-K2off,
1790853732	22787	r8-K2off,
1790853733	22786	r8-K2off,
1790853734	21221	r8-K2off,
1790853735	21186	r8-K2off,
1790853736	20838	r8-K2off,
1790853737	20833	r8-K2off,
1790853738	20826	r8-K2off,
1790853739	20820	r8-K2off,
1790853740	20815	r8-K2off,
1790853741	20783	r8-K2off,
1790853742	20782	r8-K2off,
1790853744	20784	r8-K2off,
1790853745	20779	r8-K2off,
1790853746	20787	r8-K2off,
1790853747	20782	r8-K2off,
1790853748	20795	r8-K2off,
1790853749	20789	r8-K2off,
1790853750	20782	r8-K2off,
1790853751	20761	r8-K2off,
1790853752	20777	r8-K2off,
1790853753	20769	r8-K2off,
1790853754	20773	r8-K2off,
1790853755	20770	r8-K2off,
1790853756	20776	r8-K2off,
1790853757	20785	r8-K2off,
1790853758	20780	r8-K2off,
1790853759	20788	r8-K2off,
1790853760	20782	r8-K2off,
1790853761	20776	r8-K2off,
1790853762	20767	r8-K2off,
1790853763	20768	r8-K2off,
1790853764	20773	r8-K2off,
1790853765	20773	r8-K2off,
1790853766	20771	r8-K2off,
1790853767	20781	r8-K2off,
1790853768	20788	r8-K2off,
1790853769	20783	r8-K2off,
1790853770	20787	r8-K2off,
1790853771	20793	r8-K2off,
1790853772	20783	r8-K2off,
1790853773	20789	r8-K2off,
1790853774	20793	r8-K2off,
1790853775	20786	r8-K2off,
1790853776	20782	r8-K2off,
1790853777	20796	r8-K2off,
1790853778	20792	r8-K2off,
1790853779	20806	r8-K2off,
1790853780	20800	r8-K2off,
1790853781	20802	r8-K2off,
1790853783	20801	r8-K2off,
1790853784	20819	r8-K2off,
1790853785	20791	r8-K2off,
1790853786	20818	r8-K2off,
1790853787	20811	r8-K2off,
1790853788	20807	r8-K2off,
1790853789	20803	r8-K2off,
1790853790	20804	r8-K2off,
1790853791	20803	r8-K2off,
1790853792	20792	r8-K2off,
1790853793	20784	r8-K2off,
1790853794	20785	r8-K2off,
1790853795	20794	r8-K2off,
1790853796	20792	r8-K2off,
1790853797	20786	r8-K2off,
1790853798	20789	r8-K2off,
1790853799	20793	r8-K2off,
1790853800	20785	r8-K2off,
1790853801	20793	r8-K2off,
1790853802	20784	r8-K2off,
1790853803	20766	r8-K2off,
1790853804	20759	r8-K2off,
1790853805	20755	r8-K2off,
1790853806	20750	r8-K2off,
1790853807	20749	r8-K2off,
1790853808	20766	r8-K2off,
1790853809	20774	r8-K2off,
1790853810	20767	r8-K2off,
1790853811	20762	r8-K2off,
1790853812	20755	r8-K2off,
1790853813	20755	r8-K2off,
1790853814	20749	r8-K2off,
1790853815	20745	r8-K2off,
1790853816	20743	r8-K2off,
1790853817	20741	r8-K2off,
1790853818	20747	r8-K2off,
1790853819	20758	r8-K2off,
1790853820	20757	r8-K2off,
1790853822	20757	r8-K2off,
1790853823	20765	r8-K2off,
1790853824	20760	r8-K2off,
1790853825	20753	r8-K2off,
1790853826	20749	r8-K2off,
1790853827	20749	r8-K2off,
1790853828	20757	r8-K2off,
1790853829	20755	r8-K2off,
1790853830	20761	r8-K2off,
1790853831	20753	r8-K2off,
1790853832	20754	r8-K2off,
1790853833	20759	r8-K2off,
1790853834	20753	r8-K2off,
1790853835	20764	r8-K2off,
1790853836	20744	r8-K2off,
1790853837	20674	r8-K2off,
1790853838	20688	r8-K2off,
1790853839	20696	r8-K2off,
1790853840	20692	r8-K2off,
1790853841	20694	r8-K2off,
1790853842	20689	r8-K2off,
1790853843	20703	r8-K2off,
1790853844	20710	r8-K2off,
1790853845	20706	r8-K2off,
1790853846	20702	r8-K2off,
1790853847	20713	r8-K2off,
1790853848	20717	r8-K2off,
1790853849	20728	r8-K2off,
1790853850	20727	r8-K2off,
1790853851	20737	r8-K2off,
1790853852	20734	r8-K2off,
1790853853	20747	r8-K2off,
1790853854	20741	r8-K2off,
1790853855	20741	r8-K2off,
1790853856	20739	r8-K2off,
1790853857	20735	r8-K2off,
1790853858	20731	r8-K2off,
1790853859	20748	r8-K2off,
1790853860	20741	r8-K2off,
1790853862	20747	r8-K2off,
1790853863	20747	r8-K2off,
1790853864	20746	r8-K2off,
1790853865	20744	r8-K2off,
1790853866	20735	r8-K2off,
1790853867	20739	r8-K2off,
1790853868	20743	r8-K2off,
1790853869	20741	r8-K2off,
1790853870	20748	r8-K2off,
1790853871	20749	r8-K2off,
1790853872	20745	r8-K2off,
1790853873	20740	r8-K2off,
1790853874	20746	r8-K2off,
1790853875	20744	r8-K2off,
1790853876	20752	r8-K2off,
1790853877	20758	r8-K2off,
1790853878	20750	r8-K2off,
1790853879	20755	r8-K2off,
1790853880	20752	r8-K2off,
1790853881	20751	r8-K2off,
1790853882	20755	r8-K2off,
1790853883	20759	r8-K2off,
1790853884	20759	r8-K2off,
1790853885	20751	r8-K2off,
1790853886	20746	r8-K2off,
1790853887	20757	r8-K2off,
1790853888	20752	r8-K2off,
1790853889	20761	r8-K2off,
1790853890	20755	r8-K2off,
1790853891	20748	r8-K2off,
1790853892	20751	r8-K2off,
1790853893	20748	r8-K2off,
1790853894	20758	r8-K2off,
1790853895	20758	r8-K2off,
1790853896	20764	r8-K2off,
1790853897	20768	r8-K2off,
1790853899	20760	r8-K2off,
1790853900	20774	r8-K2off,
1790853901	20762	r8-K2off,
1790853902	20754	r8-K2off,
1790853903	20753	r8-K2off,
1790853904	20758	r8-K2off,
1790853905	20752	r8-K2off,
1790853906	20744	r8-K2off,
1790853907	20753	r8-K2off,
1790853908	20749	r8-K2off,
1790853909	20762	r8-K2off,
1790853910	20768	r8-K2off,
1790853911	20768	r8-K2off,
1790853912	20770	r8-K2off,
1790853913	20766	r8-K2off,
1790853914	20772	r8-K2off,
1790853915	20765	r8-K2off,
1790853916	20759	r8-K2off,
1790853917	20768	r8-K2off,
1790853918	20776	r8-K2off,
1790853919	20769	r8-K2off,
1790853920	20767	r8-K2off,
1790853921	20765	r8-K2off,
1790853922	20772	r8-K2off,
1790853923	20766	r8-K2off,
1790853924	20771	r8-K2off,
1790853925	20778	r8-K2off,
1790853926	20784	r8-K2off,
1790853927	20777	r8-K2off,
1790853928	20770	r8-K2off,
1790853929	20773	r8-K2off,
1790853930	20781	r8-K2off,
1790853931	20784	r8-K2off,
1790853932	20781	r8-K2off,
1790853933	20772	r8-K2off,
1790853934	20765	r8-K2off,
1790853936	20755	r8-K2off,
1790853937	20747	r8-K2off,
1790853938	20756	r8-K2off,
1790853939	20760	r8-K2off,
1790853940	20759	r8-K2off,
1790853941	20763	r8-K2off,
1790853942	20759	r8-K2off,
1790853943	20766	r8-K2off,
1790853944	20763	r8-K2off,
1790853945	20768	r8-K2off,
1790853946	20763	r8-K2off,
1790853947	20762	r8-K2off,
1790853948	20768	r8-K2off,
1790853949	20763	r8-K2off,
1790853950	20770	r8-K2off,
1790853951	20764	r8-K2off,
1790853952	20769	r8-K2off,
1790853953	20765	r8-K2off,
1790853954	20767	r8-K2off,
1790853955	20765	r8-K2off,
1790853956	20774	r8-K2off,
1790853957	20776	r8-K2off,
1790853958	20782	r8-K2off,
1790853959	20778	r8-K2off,
1790853960	20773	r8-K2off,
1790853961	20766	r8-K2off,
1790853962	20768	r8-K2off,
1790853963	20761	r8-K2off,
1790853964	20768	r8-K2off,
1790853965	20771	r8-K2off,
1790853966	20762	r8-K2off,
1790853967	20757	r8-K2off,
1790853968	20753	r8-K2off,
1790853969	20748	r8-K2off,
1790853970	20756	r8-K2off,
1790853971	20751	r8-K2off,
1790853972	20758	r8-K2off,
1790853974	20755	r8-K2off,
1790853975	20757	r8-K2off,
1790853976	20754	r8-K2off,
1790853977	20748	r8-K2off,
1790853978	20745	r8-K2off,
1790853979	20752	r8-K2off,
1790853980	20747	r8-K2off,
1790853981	20740	r8-K2off,
1790853982	20734	r8-K2off,
1790853983	20726	r8-K2off,
1790853984	20716	r8-K2off,
1790853985	20712	r8-K2off,
1790853986	20717	r8-K2off,
1790853987	20713	r8-K2off,
1790853988	20719	r8-K2off,
1790853989	20714	r8-K2off,
1790853990	20726	r8-K2off,
1790853991	20721	r8-K2off,
1790853992	20728	r8-K2off,
1790853993	20735	r8-K2off,
1790853994	20741	r8-K2off,
1790853995	20733	r8-K2off,
1790853996	20737	r8-K2off,
1790853997	20743	r8-K2off,
1790853998	20747	r8-K2off,
1790853999	20759	r8-K2off,
1790854000	20760	r8-K2off,
1790854001	20752	r8-K2off,
1790854002	20745	r8-K2off,
1790854003	20742	r8-K2off,
1790854004	20751	r8-K2off,
1790854005	20746	r8-K2off,
1790854006	20744	r8-K2off,
1790854007	20750	r8-K2off,
1790854008	20761	r8-K2off,
1790854009	20768	r8-K2off,
1790854011	20758	r8-K2off,
1790854012	20762	r8-K2off,
1790854013	20763	r8-K2off,
1790854014	20762	r8-K2off,
1790854015	20762	r8-K2off,
1790854016	20755	r8-K2off,
1790854017	20746	r8-K2off,
1790854018	20742	r8-K2off,
1790854019	20747	r8-K2off,
1790854020	20751	r8-K2off,
1790854021	20758	r8-K2off,
1790854022	20765	r8-K2off,
1790854023	20769	r8-K2off,
1790854024	20765	r8-K2off,
1790854025	20758	r8-K2off,
1790854026	20754	r8-K2off,
1790854027	20773	r8-K2off,
1790854028	20779	r8-K2off,
1790854029	20785	r8-K2off,
1790854030	20778	r8-K2off,
1790854031	20765	r8-K2off,
1790854032	20763	r8-K2off,
1790854033	20769	r8-K2off,
1790854034	20761	r8-K2off,
1790854035	20753	r8-K2off,
1790854036	20751	r8-K2off,
1790854037	20758	r8-K2off,
1790854038	20758	r8-K2off,
1790854039	20751	r8-K2off,
1790854040	20761	r8-K2off,
1790854041	20757	r8-K2off,
1790854042	20762	r8-K2off,
1790854043	20768	r8-K2off,
1790854044	20762	r8-K2off,
1790854045	20754	r8-K2off,
1790854046	20748	r8-K2off,
1790854047	20753	r8-K2off,
1790854049	20746	r8-K2off,
1790854050	20752	r8-K2off,
1790854051	20750	r8-K2off,
1790854052	20742	r8-K2off,
1790854053	20749	r8-K2off,
1790854054	20742	r8-K2off,
1790854055	20745	r8-K2off,
1790854056	20739	r8-K2off,
1790854057	20746	r8-K2off,
1790854058	20750	r8-K2off,
1790854059	20741	r8-K2off,
1790854060	20748	r8-K2off,
1790854061	20741	r8-K2off,
1790854062	20747	r8-K2off,
1790854063	20754	r8-K2off,
1790854064	20757	r8-K2off,
1790854065	20760	r8-K2off,
1790854066	20755	r8-K2off,
1790854067	20749	r8-K2off,
1790854068	20749	r8-K2off,
1790854069	20755	r8-K2off,
1790854070	20756	r8-K2off,
1790854071	20760	r8-K2off,
1790854072	20753	r8-K2off,
1790854073	20757	r8-K2off,
1790854074	20770	r8-K2off,
1790854075	20769	r8-K2off,
1790854076	20763	r8-K2off,
1790854077	20763	r8-K2off,
1790854078	20759	r8-K2off,
1790854079	20752	r8-K2off,
1790854080	20759	r8-K2off,
1790854081	20752	r8-K2off,
1790854082	20747	r8-K2off,
1790854083	20742	r8-K2off,
1790854084	20750	r8-K2off,
1790854085	20752	r8-K2off,
1790854087	20748	r8-K2off,
1790854088	20755	r8-K2off,
1790854089	20750	r8-K2off,
1790854090	20742	r8-K2off,
1790854091	20746	r8-K2off,
1790854092	20740	r8-K2off,
1790854093	20747	r8-K2off,
1790854094	20751	r8-K2off,
1790854095	20759	r8-K2off,
1790854096	20750	r8-K2off,
1790854097	20744	r8-K2off,
1790854098	20748	r8-K2off,
1790854099	20743	r8-K2off,
1790854100	20749	r8-K2off,
1790854101	20751	r8-K2off,
1790854102	20758	r8-K2off,
1790854103	20762	r8-K2off,
1790854104	20766	r8-K2off,
1790854105	20760	r8-K2off,
1790854106	20753	r8-K2off,
1790854107	20759	r8-K2off,
1790854108	20763	r8-K2off,
1790854109	20767	r8-K2off,
1790854110	20762	r8-K2off,
1790854111	20755	r8-K2off,
1790854112	20762	r8-K2off,
1790854113	20753	r8-K2off,
1790854114	20759	r8-K2off,
1790854115	20760	r8-K2off,
1790854116	20754	r8-K2off,
1790854117	20749	r8-K2off,
1790854118	20755	r8-K2off,
1790854119	20694	r8-K2off,
1790854120	20686	r8-K2off,
1790854121	20693	r8-K2off,
1790854122	20685	r8-K2off,
1790854123	20684	r8-K2off,
1790854125	20691	r8-K2off,
1790854126	20695	r8-K2off,
1790854127	20693	r8-K2off,
1790854128	20701	r8-K2off,
1790854129	20698	r8-K2off,
1790854130	20693	r8-K2off,
1790854131	20704	r8-K2off,
1790854132	20697	r8-K2off,
1790854133	20696	r8-K2off,
1790854134	20693	r8-K2off,
1790854135	20693	r8-K2off,
1790854136	20702	r8-K2off,
1790854137	20708	r8-K2off,
1790854138	20717	r8-K2off,
1790854139	20724	r8-K2off,
1790854140	20730	r8-K2off,
1790854141	20726	r8-K2off,
1790854142	20731	r8-K2off,
1790854143	20724	r8-K2off,
1790854144	20730	r8-K2off,
1790854145	20727	r8-K2off,
1790854146	20725	r8-K2off,
1790854147	20734	r8-K2off,
1790854148	20711	r8-K2off,
1790854149	20704	r8-K2off,
1790854150	20706	r8-K2off,
1790854151	20702	r8-K2off,
1790854152	20708	r8-K2off,
1790854153	20714	r8-K2off,
1790854154	20716	r8-K2off,
1790854155	20721	r8-K2off,
1790854156	20726	r8-K2off,
1790854157	20722	r8-K2off,
1790854158	20718	r8-K2off,
1790854159	20711	r8-K2off,
1790854160	20714	r8-K2off,
1790854161	20708	r8-K2off,
1790854163	20705	r8-K2off,
1790854164	20711	r8-K2off,
1790854165	20706	r8-K2off,
1790854166	20695	r8-K2off,
1790854167	20689	r8-K2off,
1790854168	20683	r8-K2off,
1790854169	20692	r8-K2off,
1790854170	20700	r8-K2off,
1790854171	20696	r8-K2off,
1790854172	20690	r8-K2off,
1790854173	20696	r8-K2off,
1790854174	20700	r8-K2off,
1790854175	20706	r8-K2off,
1790854176	20712	r8-K2off,
1790854177	20706	r8-K2off,
1790854178	20707	r8-K2off,
1790854179	20702	r8-K2off,
1790854180	20716	r8-K2off,
1790854181	20711	r8-K2off,
1790854182	20706	r8-K2off,
1790854183	20713	r8-K2off,
1790854184	20705	r8-K2off,
1790854185	20712	r8-K2off,
1790854186	20708	r8-K2off,
1790854187	20705	r8-K2off,
1790854188	20712	r8-K2off,
1790854189	20720	r8-K2off,
1790854190	20729	r8-K2off,
1790854191	20724	r8-K2off,
1790854192	20730	r8-K2off,
1790854193	20723	r8-K2off,
1790854194	20729	r8-K2off,
1790854195	20734	r8-K2off,
1790854196	20739	r8-K2off,
1790854197	20728	r8-K2off,
1790854198	20727	r8-K2off,
1790854199	20732	r8-K2off,
1790854200	20726	r8-K2off,
1790854202	20720	r8-K2off,
1790854203	20728	r8-K2off,
1790854204	20722	r8-K2off,
1790854205	20721	r8-K2off,
1790854206	20725	r8-K2off,
1790854207	20720	r8-K2off,
1790854208	20720	r8-K2off,
1790854209	20726	r8-K2off,
1790854210	20718	r8-K2off,
1790854211	20710	r8-K2off,
1790854212	20703	r8-K2off,
1790854213	20699	r8-K2off,
1790854214	20699	r8-K2off,
1790854215	20699	r8-K2off,
1790854216	20704	r8-K2off,
1790854217	20711	r8-K2off,
1790854218	20717	r8-K2off,
1790854219	20711	r8-K2off,
1790854220	20719	r8-K2off,
1790854221	20724	r8-K2off,
1790854222	20734	r8-K2off,
1790854223	20735	r8-K2off,
1790854224	20729	r8-K2off,
1790854225	20728	r8-K2off,
1790854226	20730	r8-K2off,
1790854227	20736	r8-K2off,
1790854228	20735	r8-K2off,
1790854229	20728	r8-K2off,
1790854230	20733	r8-K2off,
1790854231	20734	r8-K2off,
1790854232	20740	r8-K2off,
1790854233	20744	r8-K2off,
1790854234	20735	r8-K2off,
1790854235	20729	r8-K2off,
1790854236	20725	r8-K2off,
1790854237	20731	r8-K2off,
1790854238	20731	r8-K2off,
1790854240	20737	r8-K2off,
1790854241	20743	r8-K2off,
1790854242	20745	r8-K2off,
1790854243	20737	r8-K2off,
1790854244	20730	r8-K2off,
1790854245	20732	r8-K2off,
1790854246	20724	r8-K2off,
1790854247	20731	r8-K2off,
1790854248	20730	r8-K2off,
1790854249	20724	r8-K2off,
1790854250	20716	r8-K2off,
1790854251	20727	r8-K2off,
1790854252	20733	r8-K2off,
1790854253	20725	r8-K2off,
1790854254	20731	r8-K2off,
1790854255	20732	r8-K2off,
1790854256	20736	r8-K2off,
1790854257	20735	r8-K2off,
1790854258	20738	r8-K2off,
1790854259	20738	r8-K2off,
1790854260	20744	r8-K2off,
1790854261	20736	r8-K2off,
1790854262	20731	r8-K2off,
1790854263	20730	r8-K2off,
1790854264	20721	r8-K2off,
1790854265	20728	r8-K2off,
1790854266	20734	r8-K2off,
1790854267	20742	r8-K2off,
1790854268	20736	r8-K2off,
1790854269	20740	r8-K2off,
1790854270	20746	r8-K2off,
1790854271	20747	r8-K2off,
1790854272	20742	r8-K2off,
1790854273	20733	r8-K2off,
1790854274	20739	r8-K2off,
1790854275	20739	r8-K2off,
1790854277	20731	r8-K2off,
1790854278	20722	r8-K2off,
1790854279	20717	r8-K2off,
1790854280	20715	r8-K2off,
1790854281	20714	r8-K2off,
1790854282	20722	r8-K2off,
1790854283	20727	r8-K2off,
1790854284	20733	r8-K2off,
1790854285	20727	r8-K2off,
1790854286	20721	r8-K2off,
1790854287	20727	r8-K2off,
1790854288	20722	r8-K2off,
1790854289	20710	r8-K2off,
1790854290	20718	r8-K2off,
1790854291	20717	r8-K2off,
1790854292	20721	r8-K2off,
1790854293	20720	r8-K2off,
1790854294	20716	r8-K2off,
1790854295	20705	r8-K2off,
1790854296	20714	r8-K2off,
1790854297	20720	r8-K2off,
1790854298	20713	r8-K2off,
1790854299	20717	r8-K2off,
1790854300	20723	r8-K2off,
1790854301	20722	r8-K2off,
1790854302	20719	r8-K2off,
1790854303	20727	r8-K2off,
1790854304	20731	r8-K2off,
1790854305	20741	r8-K2off,
1790854306	20738	r8-K2off,
1790854307	20739	r8-K2off,
1790854308	20733	r8-K2off,
1790854309	20730	r8-K2off,
1790854310	20736	r8-K2off,
1790854311	20729	r8-K2off,
1790854312	20721	r8-K2off,
1790854313	20714	r8-K2off,
1790854315	20713	r8-K2off,
1790854316	20703	r8-K2off,
1790854317	20710	r8-K2off,
1790854318	20718	r8-K2off,
1790854319	20724	r8-K2off,
1790854320	20732	r8-K2off,
1790854321	20727	r8-K2off,
1790854322	20727	r8-K2off,
1790854323	20720	r8-K2off,
1790854324	20718	r8-K2off,
1790854325	20723	r8-K2off,
1790854326	20731	r8-K2off,
1790854327	20725	r8-K2off,
1790854328	20733	r8-K2off,
1790854329	20731	r8-K2off,
1790854330	20725	r8-K2off,
1790854331	20731	r8-K2off,
1790854332	20726	r8-K2off,
1790854333	20732	r8-K2off,
1790854334	20726	r8-K2off,
1790854335	20720	r8-K2off,
1790854336	20718	r8-K2off,
1790854337	20712	r8-K2off,
1790854338	20717	r8-K2off,
1790854339	20714	r8-K2off,
1790854340	20726	r8-K2off,
1790854341	20731	r8-K2off,
1790854342	20728	r8-K2off,
1790854343	20735	r8-K2off,
1790854344	20729	r8-K2off,
1790854345	20726	r8-K2off,
1790854346	20723	r8-K2off,
1790854347	20730	r8-K2off,
1790854348	20734	r8-K2off,
1790854349	20727	r8-K2off,
1790854350	20719	r8-K2off,
1790854351	20711	r8-K2off,
1790854353	20703	r8-K2off,
1790854354	20703	r8-K2off,
1790854355	20750	r8-K2off,
1790854356	20740	r8-K2off,
1790854357	20744	r8-K2off,
1790854358	20737	r8-K2off,
1790854359	20742	r8-K2off,
1790854360	20743	r8-K2off,
1790854361	20738	r8-K2off,
1790854362	20730	r8-K2off,
1790854363	20723	r8-K2off,
1790854364	20729	r8-K2off,
1790854365	20725	r8-K2off,
1790854366	20722	r8-K2off,
1790854367	20720	r8-K2off,
1790854368	20728	r8-K2off,
1790854369	20721	r8-K2off,
1790854370	20728	r8-K2off,
1790854371	20726	r8-K2off,
1790854372	20733	r8-K2off,
1790854373	20725	r8-K2off,
1790854374	20731	r8-K2off,
1790854375	20724	r8-K2off,
1790854376	20715	r8-K2off,
1790854377	20711	r8-K2off,
1790854378	20720	r8-K2off,
1790854379	20730	r8-K2off,
1790854380	20724	r8-K2off,
1790854381	20721	r8-K2off,
1790854382	20726	r8-K2off,
1790854383	20724	r8-K2off,
1790854384	20718	r8-K2off,
1790854385	20718	r8-K2off,
1790854386	20725	r8-K2off,
1790854387	20722	r8-K2off,
1790854388	20730	r8-K2off,
1790854389	20722	r8-K2off,
1790854391	20714	r8-K2off,
1790854392	20706	r8-K2off,
1790854393	20713	r8-K2off,
1790854394	20710	r8-K2off,
1790854395	20717	r8-K2off,
1790854396	20723	r8-K2off,
1790854397	20731	r8-K2off,
1790854398	20723	r8-K2off,
1790854399	20716	r8-K2off,
1790854400	20711	r8-K2off,
1790854401	20706	r8-K2off,
1790854402	20700	r8-K2off,
1790854403	20695	r8-K2off,
1790854404	20697	r8-K2off,
1790854405	20703	r8-K2off,
1790854406	20710	r8-K2off,
1790854407	20698	r8-K2off,
1790854408	20698	r8-K2off,
1790854409	20706	r8-K2off,
1790854410	20700	r8-K2off,
1790854411	20697	r8-K2off,
1790854412	20699	r8-K2off,
1790854413	20696	r8-K2off,
1790854414	20702	r8-K2off,
1790854415	20701	r8-K2off,
1790854416	20707	r8-K2off,
1790854417	20715	r8-K2off,
1790854418	20721	r8-K2off,
1790854419	20733	r8-K2off,
1790854420	20739	r8-K2off,
1790854421	20733	r8-K2off,
1790854422	20726	r8-K2off,
1790854423	20719	r8-K2off,
1790854424	20727	r8-K2off,
1790854425	20720	r8-K2off,
1790854426	20715	r8-K2off,
1790854427	20722	r8-K2off,
1790854429	20721	r8-K2off,
1790854430	20728	r8-K2off,
1790854431	20734	r8-K2off,
1790854432	20741	r8-K2off,
1790854433	20742	r8-K2off,
1790854434	20730	r8-K2off,
1790854435	20735	r8-K2off,
1790854436	20736	r8-K2off,
1790854437	20728	r8-K2off,
1790854438	20723	r8-K2off,
1790854439	20719	r8-K2off,
1790854440	20720	r8-K2off,
1790854441	20727	r8-K2off,
1790854442	20724	r8-K2off,
1790854443	20718	r8-K2off,
1790854444	20725	r8-K2off,
1790854445	20719	r8-K2off,
1790854446	20714	r8-K2off,
1790854447	20717	r8-K2off,
1790854448	20711	r8-K2off,
1790854449	20703	r8-K2off,
1790854450	20709	r8-K2off,
1790854451	20717	r8-K2off,
1790854452	20715	r8-K2off,
1790854453	20720	r8-K2off,
1790854454	20712	r8-K2off,
1790854455	20705	r8-K2off,
1790854456	20698	r8-K2off,
1790854457	20706	r8-K2off,
1790854458	20701	r8-K2off,
1790854459	20700	r8-K2off,
1790854460	20698	r8-K2off,
1790854461	20698	r8-K2off,
1790854462	20704	r8-K2off,
1790854463	20710	r8-K2off,
1790854464	20717	r8-K2off,
1790854466	20711	r8-K2off,
1790854467	20718	r8-K2off,
1790854468	20711	r8-K2off,
1790854469	20705	r8-K2off,
1790854470	20702	r8-K2off,
1790854471	20711	r8-K2off,
1790854472	20708	r8-K2off,
1790854473	20705	r8-K2off,
1790854474	20709	r8-K2off,
1790854475	20717	r8-K2off,
1790854476	20724	r8-K2off,
1790854477	20719	r8-K2off,
1790854478	20718	r8-K2off,
1790854479	20717	r8-K2off,
1790854480	20718	r8-K2off,
1790854481	20714	r8-K2off,
1790854482	20712	r8-K2off,
1790854483	20717	r8-K2off,
1790854484	20715	r8-K2off,
1790854485	20711	r8-K2off,
1790854486	20704	r8-K2off,
1790854487	20718	r8-K2off,
1790854488	20721	r8-K2off,
1790854489	20716	r8-K2off,
1790854490	20715	r8-K2off,
1790854491	20729	r8-K2off,
1790854492	20727	r8-K2off,
1790854493	20720	r8-K2off,
1790854494	20727	r8-K2off,
1790854495	20722	r8-K2off,
1790854496	20717	r8-K2off,
1790854497	20727	r8-K2off,
1790854498	20720	r8-K2off,
1790854499	20728	r8-K2off,
1790854500	20729	r8-K2off,
1790854501	20724	r8-K2off,
1790854502	20718	r8-K2off,
1790854504	20723	r8-K2off,
1790854505	20728	r8-K2off,
1790854506	20735	r8-K2off,
1790854507	20730	r8-K2off,
1790854508	20723	r8-K2off,
1790854509	20731	r8-K2off,
1790854510	20725	r8-K2off,
1790854511	20732	r8-K2off,
1790854512	20727	r8-K2off,
1790854513	20734	r8-K2off,
1790854514	20727	r8-K2off,
1790854515	20722	r8-K2off,
1790854516	20718	r8-K2off,
1790854517	20723	r8-K2off,
1790854518	20715	r8-K2off,
1790854519	20719	r8-K2off,
1790854520	20712	r8-K2off,
1790854521	20721	r8-K2off,
1790854522	20729	r8-K2off,
1790854523	20722	r8-K2off,
1790854524	20716	r8-K2off,
1790854525	20713	r8-K2off,
1790854526	20708	r8-K2off,
1790854527	20715	r8-K2off,
1790854528	20720	r8-K2off,
1790854529	20720	r8-K2off,
1790854530	20727	r8-K2off,
1790854531	20723	r8-K2off,
1790854532	20732	r8-K2off,
1790854533	20728	r8-K2off,
1790854534	20730	r8-K2off,
1790854535	20730	r8-K2off,
1790854536	20739	r8-K2off,
1790854537	20732	r8-K2off,
1790854538	20725	r8-K2off,
1790854539	20732	r8-K2off,
1790854541	20724	r8-K2off,
1790854542	20727	r8-K2off,
1790854543	20735	r8-K2off,
1790854544	20728	r8-K2off,
1790854545	20720	r8-K2off,
1790854546	20716	r8-K2off,
1790854547	20709	r8-K2off,
1790854548	20710	r8-K2off,
1790854549	20705	r8-K2off,
1790854550	20713	r8-K2off,
1790854551	20721	r8-K2off,
1790854552	20727	r8-K2off,
1790854553	20731	r8-K2off,
1790854554	20737	r8-K2off,
1790854555	20742	r8-K2off,
1790854556	20738	r8-K2off,
1790854557	20731	r8-K2off,
1790854558	20737	r8-K2off,
1790854559	20734	r8-K2off,
1790854560	20740	r8-K2off,
1790854561	20749	r8-K2off,
1790854562	20744	r8-K2off,
1790854563	20737	r8-K2off,
1790854564	20730	r8-K2off,
1790854565	20728	r8-K2off,
1790854566	20718	r8-K2off,
1790854567	20718	r8-K2off,
1790854568	20717	r8-K2off,
1790854569	20724	r8-K2off,
1790854570	20732	r8-K2off,
1790854571	20722	r8-K2off,
1790854572	20731	r8-K2off,
1790854573	20738	r8-K2off,
1790854574	20729	r8-K2off,
1790854575	20725	r8-K2off,
1790854576	20731	r8-K2off,
1790854577	20718	r8-K2off,
1790854579	20724	r8-K2off,
1790854580	20731	r8-K2off,
1790854581	20723	r8-K2off,
1790854582	20716	r8-K2off,
1790854583	20715	r8-K2off,
1790854584	20718	r8-K2off,
1790854585	20712	r8-K2off,
1790854586	20723	r8-K2off,
1790854587	20718	r8-K2off,
1790854588	20724	r8-K2off,
1790854589	20718	r8-K2off,
1790854590	20714	r8-K2off,
1790854591	20727	r8-K2off,
1790854592	20720	r8-K2off,
1790854593	20722	r8-K2off,
1790854594	20724	r8-K2off,
1790854595	20723	r8-K2off,
1790854596	20716	r8-K2off,
1790854597	20711	r8-K2off,
1790854598	20705	r8-K2off,
1790854599	20720	r8-K2off,
1790854600	20709	r8-K2off,
1790854601	20702	r8-K2off,
1790854602	20696	r8-K2off,
1790854603	20697	r8-K2off,
1790854604	20704	r8-K2off,
1790854605	20706	r8-K2off,
1790854606	20714	r8-K2off,
1790854607	20713	r8-K2off,
1790854608	20709	r8-K2off,
1790854609	20715	r8-K2off,
1790854610	20722	r8-K2off,
1790854611	20726	r8-K2off,
1790854612	20716	r8-K2off,
1790854613	20723	r8-K2off,
1790854614	20728	r8-K2off,
1790854616	20726	r8-K2off,
1790854617	20724	r8-K2off,
1790854618	20718	r8-K2off,
1790854619	20724	r8-K2off,
1790854620	20718	r8-K2off,
1790854621	20713	r8-K2off,
1790854622	20720	r8-K2off,
1790854623	20715	r8-K2off,
1790854624	20709	r8-K2off,
1790854625	20717	r8-K2off,
1790854626	20713	r8-K2off,
1790854627	20708	r8-K2off,
1790854628	20720	r8-K2off,
1790854629	20718	r8-K2off,
1790854630	20715	r8-K2off,
1790854631	20728	r8-K2off,
1790854632	20731	r8-K2off,
1790854633	20725	r8-K2off,
1790854634	20723	r8-K2off,
1790854635	20730	r8-K2off,
1790854636	20725	r8-K2off,
1790854637	20727	r8-K2off,
1790854638	20726	r8-K2off,
1790854639	20730	r8-K2off,
1790854640	20732	r8-K2off,
1790854641	20730	r8-K2off,
1790854642	20737	r8-K2off,
1790854643	20739	r8-K2off,
1790854644	20734	r8-K2off,
1790854645	20739	r8-K2off,
1790854646	20744	r8-K2off,
1790854647	20737	r8-K2off,
1790854648	20743	r8-K2off,
1790854649	20736	r8-K2off,
1790854650	20730	r8-K2off,
1790854651	20719	r8-K2off,
1790854652	20718	r8-K2off,
1790854654	20726	r8-K2off,
1790854655	20733	r8-K2off,
1790854656	20740	r8-K2off,
1790854657	20741	r8-K2off,
1790854658	20747	r8-K2off,
1790854659	20742	r8-K2off,
1790854660	20746	r8-K2off,
1790854661	20750	r8-K2off,
1790854662	20744	r8-K2off,
1790854663	20741	r8-K2off,
1790854664	20743	r8-K2off,
1790854665	20739	r8-K2off,
1790854666	20730	r8-K2off,
1790854667	20729	r8-K2off,
1790854668	20720	r8-K2off,
1790854669	20727	r8-K2off,
1790854670	20722	r8-K2off,
1790854671	20719	r8-K2off,
1790854672	20728	r8-K2off,
1790854673	20728	r8-K2off,
1790854674	20734	r8-K2off,
1790854675	20740	r8-K2off,
1790854676	20738	r8-K2off,
1790854677	20745	r8-K2off,
1790854678	20753	r8-K2off,
1790854679	20751	r8-K2off,
1790854680	20745	r8-K2off,
1790854681	20748	r8-K2off,
1790854682	20750	r8-K2off,
1790854683	20742	r8-K2off,
1790854684	20741	r8-K2off,
1790854685	20743	r8-K2off,
1790854686	20735	r8-K2off,
1790854687	20739	r8-K2off,
1790854688	20745	r8-K2off,
1790854689	20739	r8-K2off,
1790854690	20730	r8-K2off,
1790854692	20730	r8-K2off,
1790854693	20724	r8-K2off,
1790854694	20718	r8-K2off,
1790854695	20734	r8-K2off,
1790854696	20735	r8-K2off,
1790854697	20729	r8-K2off,
1790854698	20723	r8-K2off,
1790854699	20717	r8-K2off,
1790854700	20725	r8-K2off,
1790854701	20733	r8-K2off,
1790854702	20727	r8-K2off,
1790854703	20732	r8-K2off,
1790854704	20726	r8-K2off,
1790854705	20725	r8-K2off,
1790854706	20719	r8-K2off,
1790854707	20713	r8-K2off,
1790854708	20708	r8-K2off,
1790854709	20703	r8-K2off,
1790854710	20698	r8-K2off,
1790854711	20693	r8-K2off,
1790854712	20706	r8-K2off,
1790854713	20699	r8-K2off,
1790854714	20700	r8-K2off,
1790854715	20707	r8-K2off,
1790854716	20711	r8-K2off,
1790854717	20706	r8-K2off,
1790854718	20713	r8-K2off,
1790854719	20712	r8-K2off,
1790854720	20718	r8-K2off,
1790854721	20719	r8-K2off,
1790854722	20725	r8-K2off,
1790854723	20723	r8-K2off,
1790854724	20717	r8-K2off,
1790854725	20718	r8-K2off,
1790854726	20714	r8-K2off,
1790854727	20710	r8-K2off,
1790854729	20723	r8-K2off,
1790854730	20727	r8-K2off,
1790854731	20720	r8-K2off,
1790854732	20713	r8-K2off,
1790854733	20714	r8-K2off,
1790854734	20709	r8-K2off,
1790854735	20711	r8-K2off,
1790854736	20704	r8-K2off,
1790854737	20707	r8-K2off,
1790854738	20715	r8-K2off,
1790854739	20720	r8-K2off,
1790854740	20714	r8-K2off,
1790854741	20707	r8-K2off,
1790854742	20715	r8-K2off,
1790854743	20718	r8-K2off,
1790854744	20722	r8-K2off,
1790854745	20728	r8-K2off,
1790854746	20723	r8-K2off,
1790854747	20725	r8-K2off,
1790854748	20727	r8-K2off,
1790854749	20721	r8-K2off,
1790854750	20719	r8-K2off,
1790854751	20719	r8-K2off,
1790854752	20731	r8-K2off,
1790854753	20729	r8-K2off,
1790854754	20735	r8-K2off,
1790854755	20727	r8-K2off,
1790854756	20734	r8-K2off,
1790854757	20729	r8-K2off,
1790854758	20734	r8-K2off,
1790854759	20726	r8-K2off,
1790854760	20733	r8-K2off,
1790854761	20726	r8-K2off,
1790854762	20719	r8-K2off,
1790854763	20725	r8-K2off,
1790854764	20724	r8-K2off,
1790854766	20718	r8-K2off,
1790854767	20726	r8-K2off,
1790854768	20732	r8-K2off,
1790854769	20728	r8-K2off,
1790854770	20736	r8-K2off,
1790854771	20696	r8-K2off,
1790854772	20700	r8-K2off,
1790854773	20706	r8-K2off,
1790854774	20713	r8-K2off,
1790854775	20707	r8-K2off,
1790854776	20715	r8-K2off,
1790854777	20712	r8-K2off,
1790854778	20713	r8-K2off,
1790854779	20716	r8-K2off,
1790854780	20724	r8-K2off,
1790854781	20721	r8-K2off,
1790854782	20716	r8-K2off,
1790854783	20718	r8-K2off,
1790854784	20717	r8-K2off,
1790854785	20716	r8-K2off,
1790854786	20710	r8-K2off,
1790854787	20704	r8-K2off,
1790854788	20697	r8-K2off,
1790854789	20690	r8-K2off,
1790854790	20692	r8-K2off,
1790854791	20700	r8-K2off,
1790854792	20710	r8-K2off,
1790854793	20708	r8-K2off,
1790854794	20714	r8-K2off,
1790854795	20721	r8-K2off,
1790854796	20722	r8-K2off,
1790854797	20729	r8-K2off,
1790854798	20735	r8-K2off,
1790854799	20739	r8-K2off,
1790854800	20733	r8-K2off,
1790854801	20728	r8-K2off,
1790854802	20722	r8-K2off,
1790854803	20730	r8-K2off,
1790854805	20725	r8-K2off,
1790854806	20722	r8-K2off,
1790854807	20718	r8-K2off,
1790854808	20725	r8-K2off,
1790854809	20728	r8-K2off,
1790854810	20725	r8-K2off,
1790854811	20718	r8-K2off,
1790854812	20723	r8-K2off,
1790854813	20732	r8-K2off,
1790854814	20724	r8-K2off,
1790854815	20715	r8-K2off,
1790854816	20721	r8-K2off,
1790854817	20727	r8-K2off,
1790854818	20732	r8-K2off,
1790854819	20724	r8-K2off,
1790854820	20724	r8-K2off,
1790854821	20732	r8-K2off,
1790854822	20727	r8-K2off,
1790854823	20718	r8-K2off,
1790854824	20725	r8-K2off,
1790854825	20718	r8-K2off,
1790854826	20713	r8-K2off,
1790854827	20714	r8-K2off,
1790854828	20708	r8-K2off,
1790854829	20713	r8-K2off,
1790854830	20717	r8-K2off,
1790854831	20719	r8-K2off,
1790854832	20726	r8-K2off,
1790854833	20732	r8-K2off,
1790854834	20727	r8-K2off,
1790854835	20722	r8-K2off,
1790854836	20727	r8-K2off,
1790854837	20722	r8-K2off,
1790854838	20722	r8-K2off,
1790854839	20718	r8-K2off,
1790854840	20715	r8-K2off,
1790854842	20724	r8-K2off,
1790854843	20731	r8-K2off,
1790854844	20736	r8-K2off,
1790854845	20730	r8-K2off,
1790854846	20736	r8-K2off,
1790854847	20728	r8-K2off,
1790854848	20723	r8-K2off,
1790854849	20732	r8-K2off,
1790854850	20724	r8-K2off,
1790854851	20721	r8-K2off,
1790854852	20712	r8-K2off,
1790854853	20706	r8-K2off,
1790854854	20704	r8-K2off,
1790854855	20711	r8-K2off,
1790854856	20723	r8-K2off,
1790854857	20728	r8-K2off,
1790854858	20725	r8-K2off,
1790854859	20732	r8-K2off,
1790854860	20734	r8-K2off,
1790854861	20725	r8-K2off,
1790854862	20719	r8-K2off,
1790854863	20725	r8-K2off,
1790854864	20717	r8-K2off,
1790854865	20713	r8-K2off,
1790854866	20711	r8-K2off,
1790854867	20707	r8-K2off,
1790854868	20714	r8-K2off,
1790854869	20726	r8-K2off,
1790854870	20730	r8-K2off,
1790854871	20721	r8-K2off,
1790854872	20727	r8-K2off,
1790854873	20734	r8-K2off,
1790854874	20725	r8-K2off,
1790854875	20720	r8-K2off,
1790854876	20716	r8-K2off,
1790854877	20723	r8-K2off,
1790854879	20716	r8-K2off,
1790854880	20729	r8-K2off,
1790854881	20735	r8-K2off,
1790854882	20741	r8-K2off,
1790854883	20734	r8-K2off,
1790854884	20730	r8-K2off,
1790854885	20722	r8-K2off,
1790854886	20730	r8-K2off,
1790854887	20724	r8-K2off,
1790854888	20728	r8-K2off,
1790854889	20724	r8-K2off,
1790854890	20729	r8-K2off,
1790854891	20722	r8-K2off,
1790854892	20723	r8-K2off,
1790854893	20724	r8-K2off,
1790854894	20718	r8-K2off,
1790854895	20712	r8-K2off,
1790854896	20718	r8-K2off,
1790854897	20712	r8-K2off,
1790854898	20710	r8-K2off,
1790854899	20716	r8-K2off,
1790854900	20711	r8-K2off,
1790854901	20718	r8-K2off,
1790854902	20714	r8-K2off,
1790854903	20715	r8-K2off,
1790854904	20720	r8-K2off,
1790854905	20714	r8-K2off,
1790854906	20709	r8-K2off,
1790854907	20713	r8-K2off,
1790854908	20719	r8-K2off,
1790854909	20726	r8-K2off,
1790854910	20723	r8-K2off,
1790854911	20733	r8-K2off,
1790854912	20725	r8-K2off,
1790854913	20718	r8-K2off,
1790854914	20717	r8-K2off,
1790854915	20728	r8-K2off,
1790854916	20737	r8-K2off,
1790854918	20733	r8-K2off,
1790854919	20742	r8-K2off,
1790854920	20734	r8-K2off,
1790854921	20729	r8-K2off,
1790854922	20723	r8-K2off,
1790854923	20729	r8-K2off,
1790854924	20724	r8-K2off,
1790854925	20716	r8-K2off,
1790854926	20725	r8-K2off,
1790854927	20732	r8-K2off,
1790854928	20731	r8-K2off,
1790854929	20723	r8-K2off,
1790854930	20727	r8-K2off,
1790854931	20720	r8-K2off,
1790854932	20729	r8-K2off,
1790854933	20723	r8-K2off,
1790854934	20726	r8-K2off,
1790854935	20728	r8-K2off,
1790854936	20720	r8-K2off,
1790854937	20716	r8-K2off,
1790854938	20708	r8-K2off,
1790854939	20719	r8-K2off,
1790854940	20715	r8-K2off,
1790854941	20720	r8-K2off,
1790854942	20714	r8-K2off,
1790854943	20721	r8-K2off,
1790854944	20727	r8-K2off,
1790854945	20721	r8-K2off,
1790854946	20729	r8-K2off,
1790854947	20724	r8-K2off,
1790854948	20719	r8-K2off,
1790854949	20727	r8-K2off,
1790854950	20732	r8-K2off,
1790854951	20739	r8-K2off,
1790854952	20730	r8-K2off,
1790854953	20734	r8-K2off,
1790854954	20727	r8-K2off,
1790854956	20717	r8-K2off,
1790854957	20726	r8-K2off,
1790854958	20733	r8-K2off,
1790854959	20727	r8-K2off,
1790854960	20720	r8-K2off,
1790854961	20716	r8-K2off,
1790854962	20719	r8-K2off,
1790854963	20731	r8-K2off,
1790854964	20722	r8-K2off,
1790854965	20727	r8-K2off,
1790854966	20723	r8-K2off,
1790854967	20716	r8-K2off,
1790854968	20711	r8-K2off,
1790854969	20704	r8-K2off,
1790854970	20710	r8-K2off,
1790854971	20714	r8-K2off,
1790854972	20722	r8-K2off,
1790854973	20714	r8-K2off,
1790854974	20714	r8-K2off,
1790854975	20717	r8-K2off,
1790854976	20724	r8-K2off,
1790854977	20718	r8-K2off,
1790854978	20726	r8-K2off,
1790854979	20720	r8-K2off,
1790854980	20727	r8-K2off,
1790854981	20733	r8-K2off,
1790854982	20727	r8-K2off,
1790854983	20735	r8-K2off,
1790854984	20727	r8-K2off,
1790854985	20724	r8-K2off,
1790854986	20730	r8-K2off,
1790854987	20727	r8-K2off,
1790854988	20733	r8-K2off,
1790854989	20725	r8-K2off,
1790854990	20723	r8-K2off,
1790854991	20717	r8-K2off,
1790854992	20735	r8-K2off,
1790854993	20728	r8-K2off,
1790854995	20720	r8-K2off,
1790854996	20721	r8-K2off,
1790854997	20715	r8-K2off,
1790854998	20714	r8-K2off,
1790854999	20710	r8-K2off,
1790855000	20703	r8-K2off,
1790855001	20697	r8-K2off,
1790855002	20698	r8-K2off,
1790855003	20695	r8-K2off,
1790855004	20701	r8-K2off,
1790855005	20699	r8-K2off,
1790855006	20704	r8-K2off,
1790855007	20698	r8-K2off,
1790855008	20704	r8-K2off,
1790855009	20705	r8-K2off,
1790855010	20714	r8-K2off,
1790855011	20720	r8-K2off,
1790855012	20712	r8-K2off,
1790855013	20718	r8-K2off,
1790855014	20723	r8-K2off,
1790855015	20718	r8-K2off,
1790855016	20726	r8-K2off,
1790855017	20733	r8-K2off,
1790855018	20727	r8-K2off,
1790855019	20734	r8-K2off,
1790855020	20739	r8-K2off,
1790855021	20732	r8-K2off,
1790855022	20728	r8-K2off,
1790855023	20730	r8-K2off,
1790855024	20725	r8-K2off,
1790855025	20727	r8-K2off,
1790855026	20726	r8-K2off,
1790855027	20718	r8-K2off,
1790855028	20718	r8-K2off,
1790855029	20719	r8-K2off,
1790855030	20723	r8-K2off,
1790855031	20728	r8-K2off,
1790855033	20734	r8-K2off,
1790855034	20740	r8-K2off,
1790855035	20734	r8-K2off,
1790855036	20725	r8-K2off,
1790855037	20725	r8-K2off,
1790855038	20732	r8-K2off,
1790855039	20726	r8-K2off,
1790855040	20733	r8-K2off,
1790855041	20740	r8-K2off,
1790855042	20734	r8-K2off,
1790855043	20725	r8-K2off,
1790855044	20730	r8-K2off,
1790855045	20726	r8-K2off,
1790855046	20730	r8-K2off,
1790855047	20737	r8-K2off,
1790855048	20729	r8-K2off,
1790855049	20721	r8-K2off,
1790855050	20726	r8-K2off,
1790855051	20732	r8-K2off,
1790855052	20725	r8-K2off,
1790855053	20718	r8-K2off,
1790855054	20710	r8-K2off,
1790855055	20721	r8-K2off,
1790855056	20715	r8-K2off,
1790855057	20708	r8-K2off,
1790855058	20711	r8-K2off,
1790855059	20708	r8-K2off,
1790855060	20704	r8-K2off,
1790855061	20704	r8-K2off,
1790855062	20711	r8-K2off,
1790855063	20710	r8-K2off,
1790855064	20718	r8-K2off,
1790855065	20731	r8-K2off,
1790855066	20724	r8-K2off,
1790855067	20730	r8-K2off,
1790855068	20733	r8-K2off,
1790855070	20726	r8-K2off,
1790855071	20733	r8-K2off,
1790855072	20726	r8-K2off,
1790855073	20719	r8-K2off,
1790855074	20713	r8-K2off,
1790855075	20712	r8-K2off,
1790855076	20721	r8-K2off,
1790855077	20715	r8-K2off,
1790855078	20714	r8-K2off,
1790855079	20720	r8-K2off,
1790855080	20713	r8-K2off,
1790855081	20707	r8-K2off,
1790855082	20708	r8-K2off,
1790855083	20712	r8-K2off,
1790855084	20719	r8-K2off,
1790855085	20719	r8-K2off,
1790855086	20709	r8-K2off,
1790855087	20704	r8-K2off,
1790855088	20698	r8-K2off,
1790855089	20692	r8-K2off,
1790855090	20693	r8-K2off,
1790855091	20687	r8-K2off,
1790855092	20700	r8-K2off,
1790855093	20694	r8-K2off,
1790855094	20702	r8-K2off,
1790855095	20714	r8-K2off,
1790855096	20720	r8-K2off,
1790855097	20717	r8-K2off,
1790855098	20724	r8-K2off,
1790855099	20722	r8-K2off,
1790855100	20718	r8-K2off,
1790855101	20723	r8-K2off,
1790855102	20716	r8-K2off,
1790855103	20710	r8-K2off,
1790855104	20711	r8-K2off,
1790855105	20707	r8-K2off,
1790855106	20714	r8-K2off,
1790855108	20709	r8-K2off,
1790855109	20710	r8-K2off,
1790855110	20703	r8-K2off,
1790855111	20711	r8-K2off,
1790855112	20709	r8-K2off,
1790855113	20707	r8-K2off,
1790855114	20706	r8-K2off,
1790855115	20716	r8-K2off,
1790855116	20710	r8-K2off,
1790855117	20717	r8-K2off,
1790855118	20714	r8-K2off,
1790855119	20714	r8-K2off,
1790855120	20707	r8-K2off,
1790855121	20713	r8-K2off,
1790855122	20707	r8-K2off,
1790855123	20711	r8-K2off,
1790855124	20706	r8-K2off,
1790855125	20699	r8-K2off,
1790855126	20706	r8-K2off,
1790855127	20701	r8-K2off,
1790855128	20708	r8-K2off,
1790855129	20708	r8-K2off,
1790855130	20714	r8-K2off,
1790855131	20708	r8-K2off,
1790855132	20701	r8-K2off,
1790855133	20703	r8-K2off,
1790855134	20698	r8-K2off,
1790855135	20693	r8-K2off,
1790855136	20700	r8-K2off,
1790855137	20696	r8-K2off,
1790855138	20691	r8-K2off,
1790855139	20698	r8-K2off,
1790855140	20714	r8-K2off,
1790855141	20723	r8-K2off,
1790855142	20718	r8-K2off,
1790855143	20725	r8-K2off,
1790855144	20731	r8-K2off,
1790855146	20737	r8-K2off,
1790855147	20730	r8-K2off,
1790855148	20736	r8-K2off,
1790855149	20733	r8-K2off,
1790855150	20740	r8-K2off,
1790855151	20733	r8-K2off,
1790855152	20726	r8-K2off,
1790855153	20720	r8-K2off,
1790855154	20713	r8-K2off,
1790855155	20719	r8-K2off,
1790855156	20726	r8-K2off,
1790855157	20727	r8-K2off,
1790855158	20723	r8-K2off,
1790855159	20718	r8-K2off,
1790855160	20717	r8-K2off,
1790855161	20710	r8-K2off,
1790855162	20702	r8-K2off,
1790855163	20710	r8-K2off,
1790855164	20704	r8-K2off,
1790855165	20713	r8-K2off,
1790855166	20709	r8-K2off,
1790855167	20710	r8-K2off,
1790855168	20705	r8-K2off,
1790855169	20710	r8-K2off,
1790855170	20716	r8-K2off,
1790855171	20722	r8-K2off,
1790855172	20726	r8-K2off,
1790855173	20722	r8-K2off,
1790855174	20727	r8-K2off,
1790855175	20734	r8-K2off,
1790855176	20727	r8-K2off,
1790855177	20731	r8-K2off,
1790855178	20724	r8-K2off,
1790855179	20727	r8-K2off,
1790855180	20725	r8-K2off,
1790855181	20724	r8-K2off,
1790855182	20732	r8-K2off,
1790855183	20738	r8-K2off,
1790855185	20729	r8-K2off,
1790855186	20723	r8-K2off,
1790855187	20716	r8-K2off,
1790855188	20721	r8-K2off,
1790855189	20724	r8-K2off,
1790855190	20720	r8-K2off,
1790855191	20714	r8-K2off,
1790855192	20709	r8-K2off,
1790855193	20709	r8-K2off,
1790855194	20715	r8-K2off,
1790855195	20709	r8-K2off,
1790855196	20706	r8-K2off,
1790855197	20700	r8-K2off,
1790855198	20693	r8-K2off,
1790855199	20689	r8-K2off,
1790855200	20698	r8-K2off,
1790855201	20705	r8-K2off,
1790855202	20711	r8-K2off,
1790855203	20707	r8-K2off,
1790855204	20700	r8-K2off,
1790855205	20709	r8-K2off,
1790855206	20721	r8-K2off,
1790855207	20715	r8-K2off,
1790855208	20714	r8-K2off,
1790855209	20704	r8-K2off,
1790855210	20696	r8-K2off,
1790855211	20693	r8-K2off,
1790855212	20685	r8-K2off,
1790855213	20694	r8-K2off,
1790855214	20695	r8-K2off,
1790855215	20694	r8-K2off,
1790855216	20694	r8-K2off,
1790855217	20701	r8-K2off,
1790855218	20707	r8-K2off,
1790855219	20713	r8-K2off,
1790855220	20725	r8-K2off,
1790855221	20718	r8-K2off,
1790855223	20721	r8-K2off,
1790855224	20714	r8-K2off,
1790855225	20721	r8-K2off,
1790855226	20725	r8-K2off,
1790855227	20719	r8-K2off,
1790855228	20714	r8-K2off,
1790855229	20727	r8-K2off,
1790855230	20729	r8-K2off,
1790855231	20721	r8-K2off,
1790855232	20721	r8-K2off,
1790855233	20725	r8-K2off,
1790855234	20716	r8-K2off,
1790855235	20708	r8-K2off,
1790855236	20701	r8-K2off,
1790855237	20694	r8-K2off,
1790855238	20706	r8-K2off,
1790855239	20712	r8-K2off,
1790855240	20720	r8-K2off,
1790855241	20717	r8-K2off,
1790855242	20728	r8-K2off,
1790855243	20693	r8-K2off,
1790855244	20685	r8-K2off,
1790855245	20656	r8-K2off,
1790855246	20651	r8-K2off,
1790855247	20644	r8-K2off,
1790855248	20657	r8-K2off,
1790855249	20681	r8-K2off,
1790855250	20690	r8-K2off,
1790855251	20690	r8-K2off,
1790855252	20691	r8-K2off,
1790855253	20702	r8-K2off,
1790855254	20696	r8-K2off,
1790855255	20705	r8-K2off,
1790855256	20705	r8-K2off,
1790855257	20700	r8-K2off,
1790855258	20705	r8-K2off,
1790855259	20712	r8-K2off,
1790855261	20715	r8-K2off,
1790855262	20713	r8-K2off,
1790855263	20721	r8-K2off,
1790855264	20715	r8-K2off,
1790855265	20721	r8-K2off,
1790855266	20714	r8-K2off,
1790855267	20713	r8-K2off,
1790855268	20719	r8-K2off,
1790855269	20708	r8-K2off,
1790855270	20702	r8-K2off,
1790855271	20701	r8-K2off,
1790855272	20704	r8-K2off,
1790855273	20700	r8-K2off,
1790855274	20691	r8-K2off,
1790855275	20690	r8-K2off,
1790855276	20697	r8-K2off,
1790855277	20704	r8-K2off,
1790855278	20702	r8-K2off,
1790855279	20697	r8-K2off,
1790855280	20699	r8-K2off,
1790855281	20695	r8-K2off,
1790855282	20700	r8-K2off,
1790855283	20695	r8-K2off,
1790855284	20691	r8-K2off,
1790855285	20702	r8-K2off,
1790855286	20691	r8-K2off,
1790855287	20697	r8-K2off,
1790855288	20697	r8-K2off,
1790855289	20701	r8-K2off,
1790855290	20699	r8-K2off,
1790855291	20701	r8-K2off,
1790855292	20693	r8-K2off,
1790855293	20701	r8-K2off,
1790855294	20692	r8-K2off,
1790855295	20692	r8-K2off,
1790855296	20687	r8-K2off,
1790855297	20685	r8-K2off,
1790855298	20692	r8-K2off,
1790855299	20688	r8-K2off,
1790855300	20696	r8-K2off,
1790855301	20695	r8-K2off,
1790855303	20688	r8-K2off,
1790855304	20693	r8-K2off,
1790855305	20715	r8-K2off,
1790855306	20702	r8-K2off,
1790855307	20703	r8-K2off,
1790855308	20696	r8-K2off,
1790855309	20696	r8-K2off,
1790855310	20704	r8-K2off,
1790855311	20692	r8-K2off,
1790855312	20700	r8-K2off,
1790855313	20693	r8-K2off,
1790855314	20700	r8-K2off,
1790855315	20690	r8-K2off,
1790855316	20681	r8-K2off,
1790855317	20685	r8-K2off,
1790855318	20684	r8-K2off,
1790855319	20684	r8-K2off,
1790855320	20680	r8-K2off,
1790855321	20676	r8-K2off,
1790855322	20685	r8-K2off,
1790855323	20692	r8-K2off,
1790855324	20684	r8-K2off,
1790855325	20691	r8-K2off,
1790855326	20684	r8-K2off,
1790855327	20694	r8-K2off,
1790855328	20688	r8-K2off,
1790855329	20686	r8-K2off,
1790855330	20681	r8-K2off,
1790855331	20679	r8-K2off,
1790855332	20670	r8-K2off,
1790855333	20680	r8-K2off,
1790855334	20686	r8-K2off,
1790855335	20681	r8-K2off,
1790855336	20688	r8-K2off,
1790855337	20685	r8-K2off,
1790855338	20677	r8-K2off,
1790855339	20687	r8-K2off,
1790855340	20687	r8-K2off,
1790855341	20690	r8-K2off,
1790855342	20686	r8-K2off,
1790855344	20679	r8-K2off,
1790855345	20679	r8-K2off,
1790855346	20683	r8-K2off,
1790855347	20679	r8-K2off,
1790855348	20687	r8-K2off,
1790855349	20689	r8-K2off,
1790855350	20694	r8-K2off,
1790855351	20699	r8-K2off,
1790855352	20702	r8-K2off,
1790855353	20701	r8-K2off,
1790855354	20693	r8-K2off,
1790855355	20695	r8-K2off,
1790855356	20686	r8-K2off,
1790855357	20681	r8-K2off,
1790855358	20683	r8-K2off,
1790855359	20690	r8-K2off,
1790855360	20689	r8-K2off,
1790855361	20690	r8-K2off,
1790855362	20683	r8-K2off,
1790855363	20678	r8-K2off,
1790855364	20678	r8-K2off,
1790855365	20680	r8-K2off,
1790855366	20687	r8-K2off,
1790855367	20689	r8-K2off,
1790855368	20684	r8-K2off,
1790855369	20697	r8-K2off,
1790855370	20690	r8-K2off,
1790855371	20688	r8-K2off,
1790855372	20686	r8-K2off,
1790855373	20676	r8-K2off,
1790855374	20673	r8-K2off,
1790855375	20676	r8-K2off,
1790855376	20673	r8-K2off,
1790855377	20668	r8-K2off,
1790855378	20662	r8-K2off,
1790855379	20669	r8-K2off,
1790855380	20666	r8-K2off,
1790855381	20663	r8-K2off,
1790855382	20670	r8-K2off,
1790855383	20675	r8-K2off,
1790855384	20686	r8-K2off,
1790855385	20679	r8-K2off,
1790855386	20674	r8-K2off,
1790855388	20681	r8-K2off,
1790855389	20687	r8-K2off,
1790855390	20689	r8-K2off,
1790855391	20688	r8-K2off,
1790855392	20683	r8-K2off,
1790855393	20672	r8-K2off,
1790855394	20664	r8-K2off,
1790855395	20673	r8-K2off,
1790855396	20677	r8-K2off,
1790855397	20676	r8-K2off,
1790855398	20671	r8-K2off,
1790855399	20671	r8-K2off,
1790855400	20666	r8-K2off,
1790855401	20666	r8-K2off,
1790855402	20664	r8-K2off,
1790855403	20654	r8-K2off,
1790855404	20655	r8-K2off,
1790855405	20666	r8-K2off,
1790855406	20658	r8-K2off,
1790855407	20658	r8-K2off,
1790855408	20666	r8-K2off,
1790855409	20665	r8-K2off,
1790855410	20675	r8-K2off,
1790855411	20663	r8-K2off,
1790855412	20662	r8-K2off,
1790855413	20657	r8-K2off,
1790855414	20658	r8-K2off,
1790855415	20667	r8-K2off,
1790855416	20670	r8-K2off,
1790855417	20666	r8-K2off,
1790855418	20663	r8-K2off,
1790855419	20671	r8-K2off,
1790855420	20675	r8-K2off,
1790855421	20675	r8-K2off,
1790855422	20681	r8-K2off,
1790855423	20681	r8-K2off,
1790855424	20679	r8-K2off,
1790855425	20680	r8-K2off,
1790855426	20677	r8-K2off,
1790855428	20682	r8-K2off,
1790855429	20673	r8-K2off,
1790855430	20682	r8-K2off,
1790855431	20669	r8-K2off,
1790855432	20678	r8-K2off,
1790855433	20670	r8-K2off,
1790855434	20669	r8-K2off,
1790855435	20671	r8-K2off,
1790855436	20673	r8-K2off,
1790855437	20669	r8-K2off,
1790855438	20662	r8-K2off,
1790855439	20673	r8-K2off,
1790855440	20682	r8-K2off,
1790855441	20678	r8-K2off,
1790855442	20683	r8-K2off,
1790855443	20675	r8-K2off,
1790855444	20671	r8-K2off,
1790855445	20663	r8-K2off,
1790855446	20664	r8-K2off,
1790855447	20669	r8-K2off,
1790855448	20660	r8-K2off,
1790855449	20665	r8-K2off,
1790855450	20667	r8-K2off,
1790855451	20665	r8-K2off,
1790855452	20658	r8-K2off,
1790855453	20667	r8-K2off,
1790855454	20664	r8-K2off,
1790855455	20671	r8-K2off,
1790855456	20681	r8-K2off,
1790855457	20685	r8-K2off,
1790855458	20689	r8-K2off,
1790855459	20679	r8-K2off,
1790855460	20691	r8-K2off,
1790855461	20686	r8-K2off,
1790855462	20690	r8-K2off,
1790855463	20687	r8-K2off,
1790855464	20688	r8-K2off,
1790855465	20697	r8-K2off,
1790855466	20701	r8-K2off,
1790855467	20690	r8-K2off,
1790855468	20679	r8-K2off,
1790855469	20676	r8-K2off,
1790855470	20676	r8-K2off,
1790855472	20688	r8-K2off,
1790855473	20686	r8-K2off,
1790855474	20681	r8-K2off,
1790855475	20685	r8-K2off,
1790855476	20696	r8-K2off,
1790855477	20683	r8-K2off,
1790855478	20695	r8-K2off,
1790855479	20690	r8-K2off,
1790855480	20687	r8-K2off,
1790855481	20701	r8-K2off,
1790855482	20699	r8-K2off,
1790855483	20691	r8-K2off,
1790855484	20700	r8-K2off,
1790855485	20697	r8-K2off,
1790855486	20694	r8-K2off,
1790855487	20689	r8-K2off,
1790855488	20697	r8-K2off,
1790855489	20699	r8-K2off,
1790855490	20693	r8-K2off,
1790855491	20692	r8-K2off,
1790855492	20688	r8-K2off,
1790855493	20690	r8-K2off,
1790855494	20690	r8-K2off,
1790855495	20684	r8-K2off,
1790855496	20679	r8-K2off,
1790855497	20685	r8-K2off,
1790855498	20691	r8-K2off,
1790855499	20691	r8-K2off,
1790855500	20691	r8-K2off,
1790855501	20753	r8-K2off,
1790855502	20752	r8-K2off,
1790855503	20743	r8-K2off,
1790855504	20726	r8-K2off,
1790855505	20716	r8-K2off,
1790855506	20715	r8-K2off,
1790855507	20715	r8-K2off,
1790855508	20725	r8-K2off,
1790855509	20713	r8-K2off,
1790855511	20716	r8-K2off,
1790855512	20710	r8-K2off,
1790855513	20703	r8-K2off,
1790855514	20696	r8-K2off,
1790855515	20695	r8-K2off,
1790855516	20702	r8-K2off,
1790855517	20701	r8-K2off,
1790855518	20706	r8-K2off,
1790855519	20702	r8-K2off,
1790855520	20710	r8-K2off,
1790855521	20718	r8-K2off,
1790855522	20708	r8-K2off,
1790855523	20710	r8-K2off,
1790855524	20710	r8-K2off,
1790855525	20713	r8-K2off,
1790855526	20701	r8-K2off,
1790855527	20698	r8-K2off,
1790855528	20704	r8-K2off,
1790855529	20694	r8-K2off,
1790855530	20701	r8-K2off,
1790855531	20690	r8-K2off,
1790855532	20703	r8-K2off,
1790855533	20698	r8-K2off,
1790855534	20685	r8-K2off,
1790855535	20696	r8-K2off,
1790855536	20694	r8-K2off,
1790855537	20697	r8-K2off,
1790855538	20695	r8-K2off,
1790855539	20700	r8-K2off,
1790855540	20694	r8-K2off,
1790855541	20690	r8-K2off,
1790855542	20696	r8-K2off,
1790855543	20706	r8-K2off,
1790855544	20704	r8-K2off,
1790855545	20706	r8-K2off,
1790855546	20704	r8-K2off,
1790855547	20707	r8-K2off,
1790855548	20705	r8-K2off,
1790855549	20714	r8-K2off,
1790855550	20706	r8-K2off,
1790855551	20698	r8-K2off,
1790855552	20706	r8-K2off,
1790855554	20700	r8-K2off,
1790855555	20708	r8-K2off,
1790855556	20704	r8-K2off,
1790855557	20711	r8-K2off,
1790855558	20706	r8-K2off,
1790855559	20713	r8-K2off,
1790855560	20702	r8-K2off,
1790855561	20701	r8-K2off,
1790855562	20708	r8-K2off,
1790855563	20700	r8-K2off,
1790855564	20688	r8-K2off,
1790855565	20696	r8-K2off,
1790855566	20692	r8-K2off,
1790855567	20688	r8-K2off,
1790855568	20693	r8-K2off,
1790855569	20699	r8-K2off,
1790855570	20693	r8-K2off,
1790855571	20699	r8-K2off,
1790855572	20698	r8-K2off,
1790855573	20702	r8-K2off,
1790855574	20696	r8-K2off,
1790855575	20687	r8-K2off,
1790855576	20695	r8-K2off,
1790855577	20706	r8-K2off,
1790855578	20708	r8-K2off,
1790855579	20715	r8-K2off,
1790855580	20703	r8-K2off,
1790855581	20711	r8-K2off,
1790855582	20707	r8-K2off,
1790855583	20714	r8-K2off,
1790855584	20711	r8-K2off,
1790855585	20715	r8-K2off,
1790855586	20713	r8-K2off,
1790855587	20714	r8-K2off,
1790855588	20721	r8-K2off,
1790855589	20716	r8-K2off,
1790855590	20725	r8-K2off,
1790855591	20719	r8-K2off,
1790855592	20724	r8-K2off,
1790855594	20728	r8-K2off,
1790855595	20722	r8-K2off,
1790855596	20721	r8-K2off,
1790855597	20721	r8-K2off,
1790855598	20722	r8-K2off,
1790855599	20731	r8-K2off,
1790855600	20726	r8-K2off,
1790855601	20734	r8-K2off,
1790855602	20734	r8-K2off,
1790855603	20729	r8-K2off,
1790855604	20725	r8-K2off,
1790855605	20714	r8-K2off,
1790855606	20705	r8-K2off,
1790855607	20700	r8-K2off,
1790855608	20695	r8-K2off,
1790855609	20696	r8-K2off,
1790855610	20692	r8-K2off,
1790855611	20686	r8-K2off,
1790855612	20680	r8-K2off,
1790855613	20687	r8-K2off,
1790855614	20683	r8-K2off,
1790855615	20673	r8-K2off,
1790855616	20667	r8-K2off,
1790855617	20663	r8-K2off,
1790855618	20657	r8-K2off,
1790855619	20655	r8-K2off,
1790855620	20658	r8-K2off,
1790855621	20661	r8-K2off,
1790855622	20664	r8-K2off,
1790855623	20669	r8-K2off,
1790855624	20682	r8-K2off,
1790855625	20689	r8-K2off,
1790855626	20692	r8-K2off,
1790855627	20697	r8-K2off,
1790855628	20692	r8-K2off,
1790855629	20686	r8-K2off,
1790855630	20696	r8-K2off,
1790855631	20691	r8-K2off,
1790855632	20695	r8-K2off,
1790855633	20690	r8-K2off,
1790855634	20693	r8-K2off,
1790855635	20688	r8-K2off,
1790855636	20689	r8-K2off,
1790855638	20687	r8-K2off,
1790855639	20688	r8-K2off,
1790855640	20689	r8-K2off,
1790855641	20694	r8-K2off,
1790855642	20688	r8-K2off,
1790855643	20695	r8-K2off,
1790855644	20701	r8-K2off,
1790855645	20704	r8-K2off,
1790855646	20699	r8-K2off,
1790855647	20695	r8-K2off,
1790855648	20693	r8-K2off,
1790855649	20687	r8-K2off,
1790855650	20692	r8-K2off,
1790855651	20699	r8-K2off,
1790855652	20704	r8-K2off,
1790855653	20705	r8-K2off,
1790855654	20693	r8-K2off,
1790855655	20690	r8-K2off,
1790855656	20684	r8-K2off,
1790855657	20683	r8-K2off,
1790855658	20676	r8-K2off,
1790855659	20676	r8-K2off,
1790855660	20679	r8-K2off,
1790855661	20688	r8-K2off,
1790855662	20688	r8-K2off,
1790855663	20694	r8-K2off,
1790855664	20700	r8-K2off,
1790855665	20709	r8-K2off,
1790855666	20706	r8-K2off,
1790855667	20699	r8-K2off,
1790855668	20693	r8-K2off,
1790855669	20694	r8-K2off,
1790855670	20686	r8-K2off,
1790855671	20682	r8-K2off,
1790855672	20671	r8-K2off,
1790855673	20675	r8-K2off,
1790855674	20691	r8-K2off,
1790855675	20691	r8-K2off,
1790855677	20691	r8-K2off,
1790855678	20685	r8-K2off,
1790855679	20681	r8-K2off,
1790855680	20690	r8-K2off,
1790855681	20685	r8-K2off,
1790855682	20681	r8-K2off,
1790855683	20697	r8-K2off,
1790855684	20691	r8-K2off,
1790855685	20686	r8-K2off,
1790855686	20679	r8-K2off,
1790855687	20683	r8-K2off,
1790855688	20681	r8-K2off,
1790855689	20684	r8-K2off,
1790855690	20684	r8-K2off,
1790855691	20692	r8-K2off,
1790855692	20689	r8-K2off,
1790855693	20699	r8-K2off,
1790855694	20704	r8-K2off,
1790855695	20696	r8-K2off,
1790855696	20686	r8-K2off,
1790855697	20680	r8-K2off,
1790855698	20682	r8-K2off,
1790855699	20680	r8-K2off,
1790855700	20676	r8-K2off,
1790855701	20681	r8-K2off,
1790855702	20691	r8-K2off,
1790855703	20695	r8-K2off,
1790855704	20698	r8-K2off,
1790855705	20694	r8-K2off,
1790855706	20691	r8-K2off,
1790855707	20683	r8-K2off,
1790855708	20690	r8-K2off,
1790855709	20694	r8-K2off,
1790855710	20702	r8-K2off,
1790855711	20699	r8-K2off,
1790855712	20706	r8-K2off,
1790855713	20702	r8-K2off,
1790855714	20708	r8-K2off,
1790855715	20715	r8-K2off,
1790855716	20702	r8-K2off,
1790855718	20706	r8-K2off,
1790855719	20707	r8-K2off,
1790855720	20702	r8-K2off,
1790855721	20700	r8-K2off,
1790855722	20706	r8-K2off,
1790855723	20699	r8-K2off,
1790855724	20767	r8-K2off,
1790855725	20745	r8-K2off,
1790855726	20732	r8-K2off,
1790855727	20725	r8-K2off,
1790855728	20728	r8-K2off,
1790855729	20716	r8-K2off,
1790855730	20714	r8-K2off,
1790855731	20703	r8-K2off,
1790855732	20704	r8-K2off,
1790855733	20715	r8-K2off,
1790855734	20711	r8-K2off,
1790855735	20712	r8-K2off,
1790855736	20706	r8-K2off,
1790855737	20700	r8-K2off,
1790855738	20700	r8-K2off,
1790855739	20704	r8-K2off,
1790855740	20702	r8-K2off,
1790855741	20687	r8-K2off,
1790855742	20694	r8-K2off,
1790855743	20700	r8-K2off,
1790855744	20695	r8-K2off,
1790855745	20687	r8-K2off,
1790855746	20699	r8-K2off,
1790855747	20697	r8-K2off,
1790855748	20695	r8-K2off,
1790855749	20700	r8-K2off,
1790855750	20706	r8-K2off,
1790855751	20713	r8-K2off,
1790855752	20718	r8-K2off,
1790855753	20715	r8-K2off,
1790855754	20721	r8-K2off,
1790855755	20721	r8-K2off,
1790855757	20720	r8-K2off,
1790855758	20723	r8-K2off,
1790855759	20717	r8-K2off,
1790855760	20719	r8-K2off,
1790855761	20723	r8-K2off,
1790855762	20717	r8-K2off,
1790855763	20709	r8-K2off,
1790855764	20718	r8-K2off,
1790855765	20716	r8-K2off,
1790855766	20712	r8-K2off,
1790855767	20715	r8-K2off,
1790855768	20711	r8-K2off,
1790855769	20702	r8-K2off,
1790855770	20704	r8-K2off,
1790855771	20702	r8-K2off,
1790855772	20699	r8-K2off,
1790855773	20707	r8-K2off,
1790855774	20710	r8-K2off,
1790855775	20705	r8-K2off,
1790855776	20704	r8-K2off,
1790855777	20703	r8-K2off,
1790855778	20694	r8-K2off,
1790855779	20688	r8-K2off,
1790855780	20683	r8-K2off,
1790855781	20681	r8-K2off,
1790855782	20691	r8-K2off,
1790855783	20687	r8-K2off,
1790855784	20684	r8-K2off,
1790855785	20679	r8-K2off,
1790855786	20681	r8-K2off,
1790855787	20676	r8-K2off,
1790855788	20686	r8-K2off,
1790855789	20687	r8-K2off,
1790855790	20697	r8-K2off,
1790855791	20703	r8-K2off,
1790855792	20704	r8-K2off,
1790855793	20700	r8-K2off,
1790855794	20696	r8-K2off,
1790855795	20709	r8-K2off,
1790855796	20704	r8-K2off,
1790855797	20699	r8-K2off,
1790855798	20697	r8-K2off,
1790855800	20697	r8-K2off,
1790855801	20700	r8-K2off,
1790855802	20708	r8-K2off,
1790855803	20714	r8-K2off,
1790855804	20720	r8-K2off,
1790855805	20712	r8-K2off,
1790855806	20720	r8-K2off,
1790855807	20716	r8-K2off,
1790855808	20719	r8-K2off,
1790855809	20719	r8-K2off,
1790855810	20715	r8-K2off,
1790855811	20710	r8-K2off,
1790855812	20725	r8-K2off,
1790855813	20721	r8-K2off,
1790855814	20716	r8-K2off,
1790855815	20708	r8-K2off,
1790855816	20713	r8-K2off,
1790855817	20713	r8-K2off,
1790855818	20704	r8-K2off,
1790855819	20699	r8-K2off,
1790855820	20704	r8-K2off,
1790855821	20703	r8-K2off,
1790855822	20713	r8-K2off,
1790855823	20704	r8-K2off,
1790855824	20697	r8-K2off,
1790855825	20704	r8-K2off,
1790855826	20707	r8-K2off,
1790855827	20716	r8-K2off,
1790855828	20722	r8-K2off,
1790855829	20724	r8-K2off,
1790855830	20731	r8-K2off,
1790855831	20728	r8-K2off,
1790855832	20722	r8-K2off,
1790855833	20728	r8-K2off,
1790855834	20732	r8-K2off,
1790855835	20726	r8-K2off,
1790855836	20717	r8-K2off,
1790855837	20709	r8-K2off,
1790855839	20717	r8-K2off,
1790855840	20714	r8-K2off,
1790855841	20701	r8-K2off,
1790855842	20711	r8-K2off,
1790855843	20711	r8-K2off,
1790855844	20713	r8-K2off,
1790855845	20704	r8-K2off,
1790855846	20711	r8-K2off,
1790855847	20719	r8-K2off,
1790855848	20711	r8-K2off,
1790855849	20705	r8-K2off,
1790855850	20695	r8-K2off,
1790855851	20688	r8-K2off,
1790855852	20691	r8-K2off,
1790855853	20697	r8-K2off,
1790855854	20701	r8-K2off,
1790855855	20691	r8-K2off,
1790855856	20680	r8-K2off,
1790855857	20672	r8-K2off,
1790855858	20669	r8-K2off,
1790855859	20678	r8-K2off,
1790855860	20672	r8-K2off,
1790855861	20678	r8-K2off,
1790855862	20688	r8-K2off,
1790855863	20673	r8-K2off,
1790855864	20676	r8-K2off,
1790855865	20676	r8-K2off,
1790855866	20687	r8-K2off,
1790855867	20685	r8-K2off,
1790855868	20694	r8-K2off,
1790855869	20691	r8-K2off,
1790855870	20683	r8-K2off,
1790855871	20679	r8-K2off,
1790855872	20685	r8-K2off,
1790855873	20696	r8-K2off,
1790855874	20687	r8-K2off,
1790855875	20692	r8-K2off,
1790855876	20695	r8-K2off,
1790855877	20689	r8-K2off,
1790855878	20696	r8-K2off,
1790855879	20692	r8-K2off,
1790855881	20704	r8-K2off,
1790855882	20712	r8-K2off,
1790855883	20705	r8-K2off,
1790855884	20697	r8-K2off,
1790855885	20701	r8-K2off,
1790855886	20689	r8-K2off,
1790855887	20699	r8-K2off,
1790855888	20702	r8-K2off,
1790855889	20700	r8-K2off,
1790855890	20694	r8-K2off,
1790855891	20699	r8-K2off,
1790855892	20706	r8-K2off,
1790855893	20711	r8-K2off,
1790855894	20708	r8-K2off,
1790855895	20717	r8-K2off,
1790855896	20705	r8-K2off,
1790855897	20701	r8-K2off,
1790855898	20710	r8-K2off,
1790855899	20706	r8-K2off,
1790855900	20703	r8-K2off,
1790855901	20700	r8-K2off,
1790855902	20689	r8-K2off,
1790855903	20699	r8-K2off,
1790855904	20706	r8-K2off,
1790855905	20708	r8-K2off,
1790855906	20704	r8-K2off,
1790855907	20709	r8-K2off,
1790855908	20718	r8-K2off,
1790855909	20724	r8-K2off,
1790855910	20718	r8-K2off,
1790855911	20725	r8-K2off,
1790855912	20722	r8-K2off,
1790855913	20724	r8-K2off,
1790855914	20715	r8-K2off,
1790855915	20717	r8-K2off,
1790855916	20717	r8-K2off,
1790855917	20713	r8-K2off,
1790855918	20722	r8-K2off,
1790855919	20716	r8-K2off,
1790855921	20666	r8-K2off,
1790855922	20668	r8-K2off,
1790855923	20663	r8-K2off,
1790855924	20658	r8-K2off,
1790855925	20661	r8-K2off,
1790855926	20656	r8-K2off,
1790855927	20656	r8-K2off,
1790855928	20647	r8-K2off,
1790855929	20646	r8-K2off,
1790855930	20653	r8-K2off,
1790855931	20677	r8-K2off,
1790855932	20595	r8-K2off,
1790855933	20533	r8-K2off,
1790855934	20526	r8-K2off,
1790855935	20558	r8-K2off,
1790855936	20561	r8-K2off,
1790855937	20558	r8-K2off,
1790855938	20544	r8-K2off,
1790855939	20546	r8-K2off,
1790855940	20559	r8-K2off,
1790855941	20556	r8-K2off,
1790855942	20589	r8-K2off,
1790855943	20579	r8-K2off,
1790855944	20580	r8-K2off,
1790855945	20570	r8-K2off,
1790855946	20576	r8-K2off,
1790855947	20577	r8-K2off,
1790855948	20600	r8-K2off,
1790855949	20594	r8-K2off,
1790855950	20595	r8-K2off,
1790855951	20574	r8-K2off,
1790855952	20594	r8-K2off,
1790855953	20606	r8-K2off,
1790855954	20587	r8-K2off,
1790855955	20587	r8-K2off,
1790855956	20588	r8-K2off,
1790855957	20586	r8-K2off,
1790855958	20572	r8-K2off,
1790855959	20556	r8-K2off,
1790855961	20569	r8-K2off,
1790855962	20577	r8-K2off,
1790855963	20543	r8-K2off,
1790855964	20556	r8-K2off,
1790855965	20562	r8-K2off,
1790855966	20562	r8-K2off,
1790855967	20574	r8-K2off,
1790855968	20582	r8-K2off,
1790855969	20585	r8-K2off,
1790855970	20601	r8-K2off,
1790855971	20612	r8-K2off,
1790855972	20612	r8-K2off,
1790855973	20596	r8-K2off,
1790855974	20590	r8-K2off,
1790855975	20611	r8-K2off,
1790855976	20602	r8-K2off,
1790855977	20586	r8-K2off,
1790855978	20593	r8-K2off,
1790855979	20590	r8-K2off,
1790855980	20557	r8-K2off,
1790855981	20548	r8-K2off,
1790855982	20562	r8-K2off,
1790855983	20578	r8-K2off,
1790855984	20577	r8-K2off,
1790855985	20555	r8-K2off,
1790855986	20533	r8-K2off,
1790855987	20519	r8-K2off,
1790855988	20544	r8-K2off,
1790855989	20557	r8-K2off,
1790855990	20577	r8-K2off,
1790855991	20585	r8-K2off,
1790855992	20607	r8-K2off,
1790855993	20621	r8-K2off,
1790855994	20621	r8-K2off,
1790855995	20630	r8-K2off,
1790855996	20635	r8-K2off,
1790855997	20650	r8-K2off,
1790855998	20645	r8-K2off,
1790855999	20654	r8-K2off,
1790856000	20661	r8-K2off,
1790856002	20664	r8-K2off,
1790856003	20676	r8-K2off,
1790856004	20675	r8-K2off,
1790856005	20679	r8-K2off,
1790856006	20683	r8-K2off,
1790856007	20674	r8-K2off,
1790856008	20671	r8-K2off,
1790856009	20667	r8-K2off,
1790856010	20668	r8-K2off,
1790856011	20672	r8-K2off,
1790856012	20669	r8-K2off,
1790856013	20671	r8-K2off,
1790856014	20655	r8-K2off,
1790856015	20656	r8-K2off,
1790856016	20656	r8-K2off,
1790856017	20664	r8-K2off,
1790856018	20666	r8-K2off,
1790856019	20672	r8-K2off,
1790856020	20668	r8-K2off,
1790856021	20669	r8-K2off,
1790856022	20679	r8-K2off,
1790856023	20674	r8-K2off,
1790856024	20676	r8-K2off,
1790856025	20666	r8-K2off,
1790856026	20661	r8-K2off,
1790856027	20667	r8-K2off,
1790856028	20658	r8-K2off,
1790856029	20662	r8-K2off,
1790856030	20661	r8-K2off,
1790856031	20655	r8-K2off,
1790856032	20655	r8-K2off,
1790856033	20661	r8-K2off,
1790856034	20668	r8-K2off,
1790856035	20679	r8-K2off,
1790856036	20680	r8-K2off,
1790856037	20684	r8-K2off,
1790856038	20681	r8-K2off,
1790856039	20674	r8-K2off,
1790856040	20671	r8-K2off,
1790856042	20678	r8-K2off,
1790856043	20674	r8-K2off,
1790856044	20671	r8-K2off,
1790856045	20675	r8-K2off,
1790856046	20682	r8-K2off,
1790856047	20674	r8-K2off,
1790856048	20680	r8-K2off,
1790856049	20679	r8-K2off,
1790856050	20673	r8-K2off,
1790856051	20680	r8-K2off,
1790856052	20687	r8-K2off,
1790856053	20677	r8-K2off,
1790856054	20679	r8-K2off,
1790856055	20673	r8-K2off,
1790856056	20670	r8-K2off,
1790856057	20678	r8-K2off,
1790856058	20682	r8-K2off,
1790856059	20682	r8-K2off,
1790856060	20677	r8-K2off,
1790856061	20668	r8-K2off,
1790856062	20676	r8-K2off,
1790856063	20670	r8-K2off,
1790856064	20678	r8-K2off,
1790856065	20675	r8-K2off,
1790856066	20671	r8-K2off,
1790856067	20659	r8-K2off,
1790856068	20656	r8-K2off,
1790856069	20667	r8-K2off,
1790856070	20675	r8-K2off,
1790856071	20679	r8-K2off,
1790856072	20683	r8-K2off,
1790856073	20672	r8-K2off,
1790856074	20672	r8-K2off,
1790856075	20667	r8-K2off,
1790856076	20678	r8-K2off,
1790856077	20674	r8-K2off,
1790856078	20679	r8-K2off,
1790856079	20671	r8-K2off,
1790856080	20676	r8-K2off,
1790856081	20682	r8-K2off,
1790856082	20688	r8-K2off,
1790856084	20694	r8-K2off,
1790856085	20687	r8-K2off,
1790856086	20698	r8-K2off,
1790856087	20685	r8-K2off,
1790856088	20686	r8-K2off,
1790856089	20680	r8-K2off,
1790856090	20690	r8-K2off,
1790856091	20699	r8-K2off,
1790856092	20686	r8-K2off,
1790856093	20684	r8-K2off,
1790856094	20685	r8-K2off,
1790856095	20699	r8-K2off,
1790856096	20705	r8-K2off,
1790856097	20696	r8-K2off,
1790856098	20690	r8-K2off,
1790856099	20695	r8-K2off,
1790856100	20688	r8-K2off,
1790856101	20693	r8-K2off,
1790856102	20690	r8-K2off,
1790856103	20694	r8-K2off,
1790856104	20695	r8-K2off,
1790856105	20690	r8-K2off,
1790856106	20687	r8-K2off,
1790856107	20685	r8-K2off,
1790856108	20695	r8-K2off,
1790856109	20690	r8-K2off,
1790856110	20685	r8-K2off,
1790856111	20693	r8-K2off,
1790856112	20694	r8-K2off,
1790856113	20700	r8-K2off,
1790856114	20695	r8-K2off,
1790856115	20684	r8-K2off,
1790856116	20678	r8-K2off,
1790856117	20672	r8-K2off,
1790856118	20673	r8-K2off,
1790856119	20677	r8-K2off,
1790856120	20755	r8-K2off,
1790856121	20749	r8-K2off,
1790856122	20737	r8-K2off,
1790856123	20730	r8-K2off,
1790856124	20717	r8-K2off,
1790856126	20698	r8-K2off,
1790856127	20626	r8-K2off,
1790856128	20631	r8-K2off,
1790856129	20636	r8-K2off,
1790856130	20631	r8-K2off,
1790856131	20572	r8-K2off,
1790856132	20490	r8-K2off,
1790856133	20432	r8-K2off,
1790856134	20760	r8-K2off,
1790856135	20757	r8-K2off,
1790856136	20746	r8-K2off,
1790856137	20741	r8-K2off,
1790856138	20734	r8-K2off,
1790856139	20722	r8-K2off,
1790856140	20718	r8-K2off,
1790856141	20711	r8-K2off,
1790856142	20712	r8-K2off,
1790856143	20711	r8-K2off,
1790856144	20707	r8-K2off,
1790856145	20705	r8-K2off,
1790856146	20699	r8-K2off,
1790856147	20705	r8-K2off,
1790856148	20702	r8-K2off,
1790856149	20691	r8-K2off,
1790856150	20688	r8-K2off,
1790856151	20693	r8-K2off,
1790856152	20686	r8-K2off,
1790856153	20682	r8-K2off,
1790856154	20694	r8-K2off,
1790856155	20691	r8-K2off,
1790856156	20696	r8-K2off,
1790856157	20695	r8-K2off,
1790856158	20689	r8-K2off,
1790856159	20694	r8-K2off,
1790856160	20695	r8-K2off,
1790856161	20690	r8-K2off,
1790856162	20699	r8-K2off,
1790856163	20702	r8-K2off,
1790856164	20708	r8-K2off,
1790856165	20699	r8-K2off,
1790856166	20694	r8-K2off,
1790856168	20694	r8-K2off,
1790856169	20704	r8-K2off,
1790856170	20696	r8-K2off,
1790856171	20691	r8-K2off,
1790856172	20697	r8-K2off,
1790856173	20691	r8-K2off,
1790856174	20691	r8-K2off,
1790856175	20700	r8-K2off,
1790856176	20711	r8-K2off,
1790856177	20710	r8-K2off,
1790856178	20715	r8-K2off,
1790856179	20706	r8-K2off,
1790856180	20713	r8-K2off,
1790856181	20703	r8-K2off,
1790856182	20700	r8-K2off,
1790856183	20694	r8-K2off,
1790856184	20700	r8-K2off,
1790856185	20694	r8-K2off,
1790856186	20696	r8-K2off,
1790856187	20705	r8-K2off,
1790856188	20703	r8-K2off,
1790856189	20702	r8-K2off,
1790856190	20701	r8-K2off,
1790856191	20703	r8-K2off,
1790856192	20698	r8-K2off,
1790856193	20694	r8-K2off,
1790856194	20701	r8-K2off,
1790856195	20695	r8-K2off,
1790856196	20708	r8-K2off,
1790856197	20701	r8-K2off,
1790856198	20707	r8-K2off,
1790856199	20703	r8-K2off,
1790856200	20711	r8-K2off,
1790856201	20719	r8-K2off,
1790856202	20713	r8-K2off,
1790856203	20710	r8-K2off,
1790856204	20718	r8-K2off,
1790856205	20714	r8-K2off,
1790856206	20707	r8-K2off,
1790856207	20707	r8-K2off,
1790856208	20717	r8-K2off,
1790856210	20720	r8-K2off,
1790856211	20714	r8-K2off,
1790856212	20708	r8-K2off,
1790856213	20701	r8-K2off,
1790856214	20701	r8-K2off,
1790856215	20708	r8-K2off,
1790856216	20701	r8-K2off,
1790856217	20697	r8-K2off,
1790856218	20687	r8-K2off,
1790856219	20683	r8-K2off,
1790856220	20672	r8-K2off,
1790856221	20680	r8-K2off,
1790856222	20676	r8-K2off,
1790856223	20673	r8-K2off,
1790856224	20677	r8-K2off,
1790856225	20683	r8-K2off,
1790856226	20688	r8-K2off,
1790856227	20693	r8-K2off,
1790856228	20697	r8-K2off,
1790856229	20690	r8-K2off,
1790856230	20680	r8-K2off,
1790856231	20686	r8-K2off,
1790856232	20690	r8-K2off,
1790856233	20682	r8-K2off,
1790856234	20692	r8-K2off,
1790856235	20694	r8-K2off,
1790856236	20694	r8-K2off,
1790856237	20689	r8-K2off,
1790856238	20699	r8-K2off,
1790856239	20697	r8-K2off,
1790856240	20701	r8-K2off,
1790856241	20698	r8-K2off,
1790856242	20693	r8-K2off,
1790856243	20693	r8-K2off,
1790856244	20694	r8-K2off,
1790856245	20695	r8-K2off,
1790856246	20702	r8-K2off,
1790856247	20705	r8-K2off,
1790856248	20710	r8-K2off,
1790856249	20713	r8-K2off,
1790856251	20711	r8-K2off,
1790856252	20716	r8-K2off,
1790856253	20711	r8-K2off,
1790856254	20706	r8-K2off,
1790856255	20714	r8-K2off,
1790856256	20709	r8-K2off,
1790856257	20718	r8-K2off,
1790856258	20712	r8-K2off,
1790856259	20703	r8-K2off,
1790856260	20705	r8-K2off,
1790856261	20694	r8-K2off,
1790856262	20704	r8-K2off,
1790856263	20702	r8-K2off,
1790856264	20701	r8-K2off,
1790856265	20700	r8-K2off,
1790856266	20702	r8-K2off,
1790856267	20709	r8-K2off,
1790856268	20711	r8-K2off,
1790856269	20711	r8-K2off,
1790856270	20712	r8-K2off,
1790856271	20704	r8-K2off,
1790856272	20707	r8-K2off,
1790856273	20708	r8-K2off,
1790856274	20704	r8-K2off,
1790856275	20708	r8-K2off,
1790856276	20714	r8-K2off,
1790856277	20709	r8-K2off,
1790856278	20701	r8-K2off,
1790856279	20708	r8-K2off,
1790856280	20714	r8-K2off,
1790856281	20711	r8-K2off,
1790856282	20709	r8-K2off,
1790856283	20695	r8-K2off,
1790856284	20703	r8-K2off,
1790856285	20694	r8-K2off,
1790856286	20697	r8-K2off,
1790856287	20706	r8-K2off,
1790856288	20704	r8-K2off,
1790856289	20698	r8-K2off,
1790856290	20691	r8-K2off,
1790856292	20686	r8-K2off,
1790856293	20694	r8-K2off,
1790856294	20699	r8-K2off,
1790856295	20705	r8-K2off,
1790856296	20701	r8-K2off,
1790856297	20699	r8-K2off,
1790856298	20694	r8-K2off,
1790856299	20695	r8-K2off,
1790856300	20687	r8-K2off,
1790856301	20686	r8-K2off,
1790856302	20697	r8-K2off,
1790856303	20694	r8-K2off,
1790856304	20695	r8-K2off,
1790856305	20700	r8-K2off,
1790856306	20693	r8-K2off,
1790856307	20688	r8-K2off,
1790856308	20686	r8-K2off,
1790856309	20676	r8-K2off,
1790856310	20681	r8-K2off,
1790856311	20681	r8-K2off,
1790856312	20685	r8-K2off,
1790856313	20690	r8-K2off,
1790856314	20698	r8-K2off,
1790856315	20699	r8-K2off,
1790856316	20695	r8-K2off,
1790856317	20689	r8-K2off,
1790856318	20692	r8-K2off,
1790856319	20697	r8-K2off,
1790856320	20685	r8-K2off,
1790856321	20690	r8-K2off,
1790856322	20684	r8-K2off,
1790856323	20686	r8-K2off,
1790856324	20691	r8-K2off,
1790856325	20685	r8-K2off,
1790856326	20685	r8-K2off,
1790856327	20678	r8-K2off,
1790856328	20680	r8-K2off,
1790856329	20674	r8-K2off,
1790856330	20682	r8-K2off,
1790856332	20679	r8-K2off,
1790856333	20691	r8-K2off,
1790856334	20690	r8-K2off,
1790856335	20682	r8-K2off,
1790856336	20683	r8-K2off,
1790856337	20679	r8-K2off,
1790856338	20678	r8-K2off,
1790856339	20681	r8-K2off,
1790856340	20676	r8-K2off,
1790856341	20684	r8-K2off,
1790856342	20682	r8-K2off,
1790856343	20690	r8-K2off,
1790856344	20688	r8-K2off,
1790856345	20697	r8-K2off,
1790856346	20703	r8-K2off,
1790856347	20699	r8-K2off,
1790856348	20705	r8-K2off,
1790856349	20705	r8-K2off,
1790856350	20702	r8-K2off,
1790856351	20705	r8-K2off,
1790856352	20707	r8-K2off,
1790856353	20703	r8-K2off,
1790856354	20702	r8-K2off,
1790856355	20690	r8-K2off,
1790856356	20696	r8-K2off,
1790856357	20690	r8-K2off,
1790856358	20687	r8-K2off,
1790856359	20682	r8-K2off,
1790856360	20677	r8-K2off,
1790856361	20686	r8-K2off,
1790856362	20695	r8-K2off,
1790856363	20698	r8-K2off,
1790856364	20700	r8-K2off,
1790856365	20699	r8-K2off,
1790856366	20705	r8-K2off,
1790856367	20701	r8-K2off,
1790856368	20696	r8-K2off,
1790856369	20693	r8-K2off,
1790856370	20701	r8-K2off,
1790856371	20709	r8-K2off,
1790856373	20697	r8-K2off,
1790856374	20707	r8-K2off,
1790856375	20696	r8-K2off,
1790856376	20696	r8-K2off,
1790856377	20682	r8-K2off,
1790856378	20689	r8-K2off,
1790856379	20687	r8-K2off,
1790856380	20689	r8-K2off,
1790856381	20688	r8-K2off,
1790856382	20699	r8-K2off,
1790856383	20707	r8-K2off,
1790856384	20700	r8-K2off,
1790856385	20706	r8-K2off,
1790856386	20693	r8-K2off,
1790856387	20691	r8-K2off,
1790856388	20698	r8-K2off,
1790856389	20689	r8-K2off,
1790856390	20683	r8-K2off,
1790856391	20687	r8-K2off,
1790856392	20685	r8-K2off,
1790856393	20680	r8-K2off,
1790856394	20683	r8-K2off,
1790856395	20678	r8-K2off,
1790856396	20685	r8-K2off,
1790856397	20686	r8-K2off,
1790856398	20681	r8-K2off,
1790856399	20673	r8-K2off,
1790856400	20673	r8-K2off,
1790856401	20680	r8-K2off,
1790856402	20683	r8-K2off,
1790856403	20679	r8-K2off,
1790856404	20684	r8-K2off,
1790856405	20680	r8-K2off,
1790856406	20688	r8-K2off,
1790856407	20673	r8-K2off,
1790856408	20681	r8-K2off,
1790856409	20689	r8-K2off,
1790856410	20676	r8-K2off,
1790856412	20673	r8-K2off,
1790856413	20680	r8-K2off,
1790856414	20673	r8-K2off,
1790856415	20672	r8-K2off,
1790856416	20680	r8-K2off,
1790856417	20685	r8-K2off,
1790856418	20684	r8-K2off,
1790856419	20669	r8-K2off,
1790856420	20679	r8-K2off,
1790856421	20694	r8-K2off,
1790856422	20694	r8-K2off,
1790856423	20692	r8-K2off,
1790856424	20701	r8-K2off,
1790856425	20695	r8-K2off,
1790856426	20690	r8-K2off,
1790856427	20682	r8-K2off,
1790856428	20671	r8-K2off,
1790856429	20676	r8-K2off,
1790856430	20670	r8-K2off,
1790856431	20672	r8-K2off,
1790856432	20669	r8-K2off,
1790856433	20684	r8-K2off,
1790856434	20675	r8-K2off,
1790856435	20670	r8-K2off,
1790856436	20662	r8-K2off,
1790856437	20661	r8-K2off,
1790856438	20673	r8-K2off,
1790856439	20685	r8-K2off,
1790856440	20680	r8-K2off,
1790856441	20693	r8-K2off,
1790856442	20693	r8-K2off,
1790856443	20688	r8-K2off,
1790856444	20691	r8-K2off,
1790856445	20680	r8-K2off,
1790856446	20680	r8-K2off,
1790856447	20671	r8-K2off,
1790856448	20682	r8-K2off,
1790856449	20679	r8-K2off,
1790856450	20686	r8-K2off,
1790856451	20678	r8-K2off,
1790856453	20684	r8-K2off,
1790856454	20677	r8-K2off,
1790856455	20672	r8-K2off,
1790856456	20674	r8-K2off,
1790856457	20683	r8-K2off,
1790856458	20676	r8-K2off,
1790856459	20681	r8-K2off,
1790856460	20688	r8-K2off,
1790856461	20684	r8-K2off,
1790856462	20690	r8-K2off,
1790856463	20696	r8-K2off,
1790856464	20687	r8-K2off,
1790856465	20693	r8-K2off,
1790856466	20675	r8-K2off,
1790856467	20665	r8-K2off,
1790856468	20685	r8-K2off,
1790856469	20684	r8-K2off,
1790856470	20679	r8-K2off,
1790856471	20675	r8-K2off,
1790856472	20672	r8-K2off,
1790856473	20679	r8-K2off,
1790856474	20679	r8-K2off,
1790856475	20672	r8-K2off,
1790856476	20680	r8-K2off,
1790856477	20672	r8-K2off,
1790856478	20683	r8-K2off,
1790856479	20690	r8-K2off,
1790856480	20692	r8-K2off,
1790856481	20690	r8-K2off,
1790856482	20683	r8-K2off,
1790856483	20678	r8-K2off,
1790856484	20684	r8-K2off,
1790856485	20694	r8-K2off,
1790856486	20696	r8-K2off,
1790856487	20692	r8-K2off,
1790856488	20685	r8-K2off,
1790856489	20685	r8-K2off,
1790856490	20678	r8-K2off,
1790856491	20680	r8-K2off,
1790856492	20677	r8-K2off,
1790856493	20672	r8-K2off,
1790856495	20678	r8-K2off,
1790856496	20683	r8-K2off,
1790856497	20678	r8-K2off,
1790856498	20682	r8-K2off,
1790856499	20684	r8-K2off,
1790856500	20687	r8-K2off,
1790856501	20701	r8-K2off,
1790856502	20699	r8-K2off,
1790856503	20703	r8-K2off,
1790856504	20699	r8-K2off,
1790856505	20694	r8-K2off,
1790856506	20698	r8-K2off,
1790856507	20692	r8-K2off,
1790856508	20695	r8-K2off,
1790856509	20693	r8-K2off,
1790856510	20695	r8-K2off,
1790856511	20688	r8-K2off,
1790856512	20680	r8-K2off,
1790856513	20668	r8-K2off,
1790856514	20681	r8-K2off,
1790856515	20689	r8-K2off,
1790856516	20688	r8-K2off,
1790856517	20689	r8-K2off,
1790856518	20690	r8-K2off,
1790856519	20693	r8-K2off,
1790856520	20701	r8-K2off,
1790856521	20707	r8-K2off,
1790856522	20704	r8-K2off,
1790856523	20702	r8-K2off,
1790856524	20700	r8-K2off,
1790856525	20691	r8-K2off,
1790856526	20686	r8-K2off,
1790856527	20683	r8-K2off,
1790856528	20693	r8-K2off,
1790856529	20686	r8-K2off,
1790856530	20681	r8-K2off,
1790856531	20675	r8-K2off,
1790856532	20662	r8-K2off,
1790856534	20674	r8-K2off,
1790856535	20681	r8-K2off,
1790856536	20677	r8-K2off,
1790856537	20679	r8-K2off,
1790856538	20674	r8-K2off,
1790856539	20675	r8-K2off,
1790856540	20676	r8-K2off,
1790856541	20674	r8-K2off,
1790856542	20669	r8-K2off,
1790856543	20679	r8-K2off,
1790856544	20676	r8-K2off,
1790856545	20681	r8-K2off,
1790856546	20689	r8-K2off,
1790856547	20694	r8-K2off,
1790856548	20700	r8-K2off,
1790856549	20700	r8-K2off,
1790856550	20699	r8-K2off,
1790856551	20699	r8-K2off,
1790856552	20703	r8-K2off,
1790856553	20697	r8-K2off,
1790856554	20695	r8-K2off,
1790856555	20694	r8-K2off,
1790856556	20700	r8-K2off,
1790856557	20691	r8-K2off,
1790856558	20687	r8-K2off,
1790856559	20699	r8-K2off,
1790856560	20705	r8-K2off,
1790856561	20694	r8-K2off,
1790856562	20694	r8-K2off,
1790856563	20691	r8-K2off,
1790856564	20692	r8-K2off,
1790856565	20701	r8-K2off,
1790856566	20710	r8-K2off,
1790856567	20723	r8-K2off,
1790856568	20719	r8-K2off,
1790856569	20707	r8-K2off,
1790856570	20706	r8-K2off,
1790856571	20701	r8-K2off,
1790856572	20696	r8-K2off,
1790856574	20709	r8-K2off,
1790856575	20716	r8-K2off,
1790856576	20727	r8-K2off,
1790856577	20720	r8-K2off,
1790856578	20715	r8-K2off,
1790856579	20722	r8-K2off,
1790856580	20714	r8-K2off,
1790856581	20706	r8-K2off,
1790856582	20698	r8-K2off,
1790856583	20708	r8-K2off,
1790856584	20714	r8-K2off,
1790856585	20704	r8-K2off,
1790856586	20701	r8-K2off,
1790856587	20703	r8-K2off,
1790856588	20697	r8-K2off,
1790856589	20684	r8-K2off,
1790856590	20684	r8-K2off,
1790856591	20680	r8-K2off,
1790856592	20679	r8-K2off,
1790856593	20661	r8-K2off,
1790856594	20661	r8-K2off,
1790856595	20671	r8-K2off,
1790856596	20679	r8-K2off,
1790856597	20674	r8-K2off,
1790856598	20682	r8-K2off,
1790856599	20690	r8-K2off,
1790856600	20686	r8-K2off,
1790856601	20683	r8-K2off,
1790856602	20685	r8-K2off,
1790856603	20683	r8-K2off,
1790856604	20672	r8-K2off,
1790856605	20682	r8-K2off,
1790856606	20695	r8-K2off,
1790856607	20697	r8-K2off,
1790856608	20705	r8-K2off,
1790856609	20706	r8-K2off,
1790856610	20709	r8-K2off,
1790856611	20709	r8-K2off,
1790856612	20709	r8-K2off,
1790856614	20702	r8-K2off,
1790856615	20685	r8-K2off,
1790856616	20679	r8-K2off,
1790856617	20664	r8-K2off,
1790856618	20627	r8-K2off,
1790856619	20559	r8-K2off,
1790856620	20562	r8-K2off,
1790856621	20564	r8-K2off,
1790856622	20567	r8-K2off,
1790856623	20568	r8-K2off,
1790856624	20566	r8-K2off,
1790856625	20569	r8-K2off,
1790856626	20567	r8-K2off,
1790856627	20545	r8-K2off,
1790856628	20508	r8-K2off,
1790856629	20448	r8-K2off,
1790856630	20440	r8-K2off,
1790856631	20444	r8-K2off,
1790856632	20450	r8-K2off,
1790856633	20420	r8-K2off,
1790856634	20427	r8-K2off,
1790856635	20438	r8-K2off,
1790856636	20444	r8-K2off,
1790856637	20444	r8-K2off,
1790856638	20445	r8-K2off,
1790856639	20444	r8-K2off,
1790856640	20445	r8-K2off,
1790856641	20445	r8-K2off,
1790856642	20446	r8-K2off,
1790856643	20452	r8-K2off,
1790856644	20452	r8-K2off,
1790856645	20450	r8-K2off,
1790856646	20438	r8-K2off,
1790856647	20387	r8-K2off,
1790856648	20353	r8-K2off,
1790856649	20782	r8-K2off,
1790856650	20772	r8-K2off,
1790856651	20760	r8-K2off,
1790856652	20749	r8-K2off,
1790856653	20747	r8-K2off,
1790856654	20746	r8-K2off,
1790856656	20738	r8-K2off,
1790856657	20736	r8-K2off,
1790856658	20748	r8-K2off,
1790856659	20746	r8-K2off,
1790856660	20751	r8-K2off,
1790856661	20746	r8-K2off,
1790856662	20745	r8-K2off,
1790856663	20734	r8-K2off,
1790856664	20738	r8-K2off,
1790856665	20733	r8-K2off,
1790856666	20724	r8-K2off,
1790856667	20720	r8-K2off,
1790856668	20729	r8-K2off,
1790856669	20729	r8-K2off,
1790856670	20725	r8-K2off,
1790856671	20719	r8-K2off,
1790856672	20726	r8-K2off,
1790856673	20722	r8-K2off,
1790856674	20729	r8-K2off,
1790856675	20735	r8-K2off,
1790856676	20734	r8-K2off,
1790856677	20730	r8-K2off,
1790856678	20723	r8-K2off,
1790856679	20722	r8-K2off,
1790856680	20719	r8-K2off,
1790856681	20718	r8-K2off,
1790856682	20722	r8-K2off,
1790856683	20727	r8-K2off,
1790856684	20724	r8-K2off,
1790856685	20707	r8-K2off,
1790856686	20715	r8-K2off,
1790856687	20721	r8-K2off,
1790856688	20712	r8-K2off,
1790856689	20719	r8-K2off,
1790856690	20705	r8-K2off,
1790856691	20699	r8-K2off,
1790856692	20702	r8-K2off,
1790856693	20708	r8-K2off,
1790856694	20705	r8-K2off,
1790856696	20706	r8-K2off,
1790856697	20698	r8-K2off,
1790856698	20700	r8-K2off,
1790856699	20705	r8-K2off,
1790856700	20705	r8-K2off,
1790856701	20706	r8-K2off,
1790856702	20702	r8-K2off,
1790856703	20709	r8-K2off,
1790856704	20704	r8-K2off,
1790856705	20693	r8-K2off,
1790856706	20696	r8-K2off,
1790856707	20696	r8-K2off,
1790856708	20698	r8-K2off,
1790856709	20704	r8-K2off,
1790856710	20701	r8-K2off,
1790856711	20711	r8-K2off,
1790856712	20690	r8-K2off,
1790856713	20694	r8-K2off,
1790856714	20691	r8-K2off,
1790856715	20687	r8-K2off,
1790856716	20694	r8-K2off,
1790856717	20697	r8-K2off,
1790856718	20691	r8-K2off,
1790856719	20687	r8-K2off,
1790856720	20689	r8-K2off,
1790856721	20686	r8-K2off,
1790856722	20692	r8-K2off,
1790856723	20689	r8-K2off,
1790856724	20693	r8-K2off,
1790856725	20688	r8-K2off,
1790856726	20696	r8-K2off,
1790856727	20690	r8-K2off,
1790856728	20700	r8-K2off,
1790856729	20699	r8-K2off,
1790856730	20701	r8-K2off,
1790856731	20711	r8-K2off,
1790856732	20704	r8-K2off,
1790856733	20714	r8-K2off,
1790856734	20717	r8-K2off,
1790856735	20710	r8-K2off,
1790856736	20710	r8-K2off,
1790856737	20708	r8-K2off,
1790856739	20717	r8-K2off,
1790856740	20722	r8-K2off,
1790856741	20727	r8-K2off,
1790856742	20730	r8-K2off,
1790856743	20726	r8-K2off,
1790856744	20720	r8-K2off,
1790856745	20724	r8-K2off,
1790856746	20731	r8-K2off,
1790856747	20726	r8-K2off,
1790856748	20720	r8-K2off,
1790856749	20722	r8-K2off,
1790856750	20717	r8-K2off,
1790856751	20718	r8-K2off,
1790856752	20715	r8-K2off,
1790856753	20719	r8-K2off,
1790856754	20709	r8-K2off,
1790856755	20716	r8-K2off,
1790856756	20720	r8-K2off,
1790856757	20714	r8-K2off,
1790856758	20725	r8-K2off,
1790856759	20722	r8-K2off,
1790856760	20711	r8-K2off,
1790856761	20714	r8-K2off,
1790856762	20707	r8-K2off,
1790856763	20710	r8-K2off,
1790856764	20709	r8-K2off,
1790856765	20694	r8-K2off,
1790856766	20687	r8-K2off,
1790856767	20694	r8-K2off,
1790856768	20694	r8-K2off,
1790856769	20701	r8-K2off,
1790856770	20700	r8-K2off,
1790856771	20702	r8-K2off,
1790856772	20705	r8-K2off,
1790856773	20700	r8-K2off,
1790856774	20695	r8-K2off,
1790856775	20693	r8-K2off,
1790856776	20689	r8-K2off,
1790856777	20699	r8-K2off,
1790856778	20695	r8-K2off,
1790856779	20707	r8-K2off,
1790856780	20700	r8-K2off,
1790856782	20687	r8-K2off,
1790856783	20700	r8-K2off,
1790856784	20707	r8-K2off,
1790856785	20700	r8-K2off,
1790856786	20704	r8-K2off,
1790856787	20700	r8-K2off,
1790856788	20694	r8-K2off,
1790856789	20686	r8-K2off,
1790856790	20695	r8-K2off,
1790856791	20687	r8-K2off,
1790856792	20687	r8-K2off,
1790856793	20695	r8-K2off,
1790856794	20696	r8-K2off,
1790856795	20700	r8-K2off,
1790856796	20693	r8-K2off,
1790856797	20698	r8-K2off,
1790856798	20699	r8-K2off,
1790856799	20708	r8-K2off,
1790856800	20702	r8-K2off,
1790856801	20700	r8-K2off,
1790856802	20706	r8-K2off,
1790856803	20705	r8-K2off,
1790856804	20711	r8-K2off,
1790856805	20703	r8-K2off,
1790856806	20697	r8-K2off,
1790856807	20695	r8-K2off,
1790856808	20709	r8-K2off,
1790856809	20715	r8-K2off,
1790856810	20721	r8-K2off,
1790856811	20712	r8-K2off,
1790856812	20718	r8-K2off,
1790856813	20726	r8-K2off,
1790856814	20727	r8-K2off,
1790856815	20723	r8-K2off,
1790856816	20715	r8-K2off,
1790856817	20710	r8-K2off,
1790856818	20706	r8-K2off,
1790856819	20712	r8-K2off,
1790856821	20703	r8-K2off,
1790856822	20712	r8-K2off,
1790856823	20707	r8-K2off,
1790856824	20704	r8-K2off,
1790856825	20753	r8-K2off,
1790856826	20755	r8-K2off,
1790856827	20746	r8-K2off,
1790856828	20737	r8-K2off,
1790856829	20725	r8-K2off,
1790856830	20732	r8-K2off,
1790856831	20722	r8-K2off,
1790856832	20725	r8-K2off,
1790856833	20699	r8-K2off,
1790856834	20610	r8-K2off,
1790856835	20610	r8-K2off,
1790856836	20617	r8-K2off,
1790856837	20580	r8-K2off,
1790856838	20499	r8-K2off,
1790856839	20505	r8-K2off,
1790856840	20500	r8-K2off,
1790856841	20471	r8-K2off,
1790856842	20444	r8-K2off,
1790856843	20405	r8-K2off,
1790856844	20369	r8-K2off,
1790856845	20780	r8-K2off,
1790856846	20768	r8-K2off,
1790856847	20757	r8-K2off,
1790856848	20748	r8-K2off,
1790856849	20743	r8-K2off,
1790856850	20728	r8-K2off,
1790856851	20725	r8-K2off,
1790856852	20732	r8-K2off,
1790856853	20725	r8-K2off,
1790856854	20726	r8-K2off,
1790856855	20718	r8-K2off,
1790856856	20727	r8-K2off,
1790856857	20726	r8-K2off,
1790856858	20703	r8-K2off,
1790856860	20711	r8-K2off,
1790856861	20718	r8-K2off,
1790856862	20716	r8-K2off,
1790856863	20700	r8-K2off,
1790856864	20696	r8-K2off,
1790856865	20706	r8-K2off,
1790856866	20708	r8-K2off,
1790856867	20709	r8-K2off,
1790856868	20717	r8-K2off,
1790856869	20715	r8-K2off,
1790856870	20711	r8-K2off,
1790856871	20721	r8-K2off,
1790856872	20729	r8-K2off,
1790856873	20729	r8-K2off,
1790856874	20734	r8-K2off,
1790856875	20726	r8-K2off,
1790856876	20722	r8-K2off,
1790856877	20716	r8-K2off,
1790856878	20712	r8-K2off,
1790856879	20700	r8-K2off,
1790856880	20692	r8-K2off,
1790856881	20686	r8-K2off,
1790856882	20690	r8-K2off,
1790856883	20699	r8-K2off,
1790856884	20693	r8-K2off,
1790856885	20702	r8-K2off,
1790856886	20708	r8-K2off,
1790856887	20704	r8-K2off,
1790856888	20704	r8-K2off,
1790856889	20710	r8-K2off,
1790856890	20704	r8-K2off,
1790856891	20706	r8-K2off,
1790856892	20705	r8-K2off,
1790856893	20709	r8-K2off,
1790856894	20704	r8-K2off,
1790856895	20699	r8-K2off,
1790856896	20689	r8-K2off,
1790856897	20693	r8-K2off,
1790856898	20690	r8-K2off,
1790856899	20678	r8-K2off,
1790856900	20689	r8-K2off,
1790856901	20686	r8-K2off,
1790856902	20682	r8-K2off,
1790856904	20685	r8-K2off,
1790856905	20681	r8-K2off,
1790856906	20680	r8-K2off,
1790856907	20664	r8-K2off,
1790856908	20667	r8-K2off,
1790856909	20678	r8-K2off,
1790856910	20684	r8-K2off,
1790856911	20680	r8-K2off,
1790856912	20683	r8-K2off,
1790856913	20686	r8-K2off,
1790856914	20684	r8-K2off,
1790856915	20694	r8-K2off,
1790856916	20695	r8-K2off,
1790856917	20704	r8-K2off,
1790856918	20707	r8-K2off,
1790856919	20704	r8-K2off,
1790856920	20690	r8-K2off,
1790856921	20686	r8-K2off,
1790856922	20696	r8-K2off,
1790856923	20704	r8-K2off,
1790856924	20696	r8-K2off,
1790856925	20691	r8-K2off,
1790856926	20689	r8-K2off,
1790856927	20684	r8-K2off,
1790856928	20679	r8-K2off,
1790856929	20683	r8-K2off,
1790856930	20684	r8-K2off,
1790856931	20685	r8-K2off,
1790856932	20689	r8-K2off,
1790856933	20693	r8-K2off,
1790856934	20684	r8-K2off,
1790856935	20682	r8-K2off,
1790856936	20681	r8-K2off,
1790856937	20685	r8-K2off,
1790856938	20691	r8-K2off,
1790856939	20696	r8-K2off,
1790856940	20693	r8-K2off,
1790856941	20703	r8-K2off,
1790856942	20697	r8-K2off,
1790856943	20688	r8-K2off,
1790856945	20697	r8-K2off,
1790856946	20704	r8-K2off,
1790856947	20695	r8-K2off,
1790856948	20699	r8-K2off,
1790856949	20685	r8-K2off,
1790856950	20686	r8-K2off,
1790856951	20692	r8-K2off,
1790856952	20701	r8-K2off,
1790856953	20708	r8-K2off,
1790856954	20703	r8-K2off,
1790856955	20704	r8-K2off,
1790856956	20693	r8-K2off,
1790856957	20693	r8-K2off,
1790856958	20697	r8-K2off,
1790856959	20692	r8-K2off,
1790856960	20701	r8-K2off,
1790856961	20692	r8-K2off,
1790856962	20700	r8-K2off,
1790856963	20696	r8-K2off,
1790856964	20705	r8-K2off,
1790856965	20711	r8-K2off,
1790856966	20715	r8-K2off,
1790856967	20702	r8-K2off,
1790856968	20694	r8-K2off,
1790856969	20694	r8-K2off,
1790856970	20696	r8-K2off,
1790856971	20702	r8-K2off,
1790856972	20697	r8-K2off,
1790856973	20692	r8-K2off,
1790856974	20703	r8-K2off,
1790856975	20702	r8-K2off,
1790856976	20695	r8-K2off,
1790856977	20698	r8-K2off,
1790856978	20692	r8-K2off,
1790856979	20696	r8-K2off,
1790856980	20676	r8-K2off,
1790856981	20672	r8-K2off,
1790856982	20681	r8-K2off,
1790856983	20682	r8-K2off,
1790856984	20675	r8-K2off,
1790856986	20667	r8-K2off,
1790856987	20664	r8-K2off,
1790856988	20672	r8-K2off,
1790856989	20668	r8-K2off,
1790856990	20679	r8-K2off,
1790856991	20685	r8-K2off,
1790856992	20683	r8-K2off,
1790856993	20694	r8-K2off,
1790856994	20700	r8-K2off,
1790856995	20693	r8-K2off,
1790856996	20688	r8-K2off,
1790856997	20698	r8-K2off,
1790856998	20705	r8-K2off,
1790856999	20695	r8-K2off,
1790857000	20690	r8-K2off,
1790857001	20676	r8-K2off,
1790857002	20684	r8-K2off,
1790857003	20689	r8-K2off,
1790857004	20689	r8-K2off,
1790857005	20685	r8-K2off,
1790857006	20681	r8-K2off,
1790857007	20675	r8-K2off,
1790857008	20665	r8-K2off,
1790857009	20655	r8-K2off,
1790857010	20621	r8-K2off,
1790857011	20630	r8-K2off,
1790857012	20634	r8-K2off,
1790857013	20629	r8-K2off,
1790857014	20568	r8-K2off,
1790857015	20575	r8-K2off,
1790857016	20575	r8-K2off,
1790857017	20574	r8-K2off,
1790857018	20569	r8-K2off,
1790857019	20564	r8-K2off,
1790857020	20558	r8-K2off,
1790857021	20477	r8-K2off,
1790857022	20469	r8-K2off,
1790857023	20458	r8-K2off,
1790857024	20426	r8-K2off,
1790857025	20353	r8-K2off,
1790857026	20775	r8-K2off,
1790857027	20768	r8-K2off,
1790857028	20766	r8-K2off,
1790857029	20758	r8-K2off,
1790857031	20755	r8-K2off,
1790857032	20748	r8-K2off,
1790857033	20740	r8-K2off,
1790857034	20747	r8-K2off,
1790857035	20739	r8-K2off,
1790857036	20741	r8-K2off,
1790857037	20743	r8-K2off,
1790857038	20744	r8-K2off,
1790857039	20736	r8-K2off,
1790857040	20729	r8-K2off,
1790857041	20734	r8-K2off,
1790857042	20736	r8-K2off,
1790857043	20733	r8-K2off,
1790857044	20735	r8-K2off,
1790857045	20728	r8-K2off,
1790857046	20719	r8-K2off,
1790857047	20721	r8-K2off,
1790857048	20727	r8-K2off,
1790857049	20726	r8-K2off,
1790857050	20736	r8-K2off,
1790857051	20736	r8-K2off,
1790857052	20732	r8-K2off,
1790857053	20734	r8-K2off,
1790857054	20731	r8-K2off,
1790857055	20723	r8-K2off,
1790857056	20719	r8-K2off,
1790857057	20708	r8-K2off,
1790857058	20713	r8-K2off,
1790857059	20708	r8-K2off,
1790857060	20715	r8-K2off,
1790857061	20717	r8-K2off,
1790857062	20724	r8-K2off,
1790857063	20719	r8-K2off,
1790857064	20722	r8-K2off,
1790857065	20716	r8-K2off,
1790857066	20706	r8-K2off,
1790857067	20717	r8-K2off,
1790857068	20706	r8-K2off,
1790857069	20697	r8-K2off,
1790857071	20703	r8-K2off,
1790857072	20711	r8-K2off,
1790857073	20703	r8-K2off,
1790857074	20694	r8-K2off,
1790857075	20699	r8-K2off,
1790857076	20708	r8-K2off,
1790857077	20710	r8-K2off,
1790857078	20713	r8-K2off,
1790857079	20714	r8-K2off,
1790857080	20711	r8-K2off,
1790857081	20713	r8-K2off,
1790857082	20703	r8-K2off,
1790857083	20710	r8-K2off,
1790857084	20708	r8-K2off,
1790857085	20711	r8-K2off,
1790857086	20705	r8-K2off,
1790857087	20713	r8-K2off,
1790857088	20712	r8-K2off,
1790857089	20708	r8-K2off,
1790857090	20702	r8-K2off,
1790857091	20693	r8-K2off,
1790857092	20708	r8-K2off,
1790857093	20715	r8-K2off,
1790857094	20717	r8-K2off,
1790857095	20712	r8-K2off,
1790857096	20709	r8-K2off,
1790857097	20715	r8-K2off,
1790857098	20721	r8-K2off,
1790857099	20712	r8-K2off,
1790857100	20704	r8-K2off,
1790857101	20712	r8-K2off,
1790857102	20726	r8-K2off,
1790857103	20732	r8-K2off,
1790857104	20725	r8-K2off,
1790857105	20716	r8-K2off,
1790857106	20709	r8-K2off,
1790857107	20703	r8-K2off,
1790857108	20710	r8-K2off,
1790857109	20718	r8-K2off,
1790857110	20710	r8-K2off,
1790857112	20714	r8-K2off,
1790857113	20727	r8-K2off,
1790857114	20724	r8-K2off,
1790857115	20714	r8-K2off,
1790857116	20709	r8-K2off,
1790857117	20714	r8-K2off,
1790857118	20708	r8-K2off,
1790857119	20718	r8-K2off,
1790857120	20705	r8-K2off,
1790857121	20708	r8-K2off,
1790857122	20709	r8-K2off,
1790857123	20709	r8-K2off,
1790857124	20725	r8-K2off,
1790857125	20722	r8-K2off,
1790857126	20719	r8-K2off,
1790857127	20711	r8-K2off,
1790857128	20701	r8-K2off,
1790857129	20710	r8-K2off,
1790857130	20716	r8-K2off,
1790857131	20714	r8-K2off,
1790857132	20708	r8-K2off,
1790857133	20715	r8-K2off,
1790857134	20711	r8-K2off,
1790857135	20718	r8-K2off,
1790857136	20719	r8-K2off,
1790857137	20725	r8-K2off,
1790857138	20714	r8-K2off,
1790857139	20706	r8-K2off,
1790857140	20704	r8-K2off,
1790857141	20711	r8-K2off,
1790857142	20718	r8-K2off,
1790857143	20702	r8-K2off,
1790857144	20708	r8-K2off,
1790857145	20711	r8-K2off,
1790857146	20707	r8-K2off,
1790857147	20703	r8-K2off,
1790857148	20697	r8-K2off,
1790857149	20704	r8-K2off,
1790857151	20703	r8-K2off,
1790857152	20711	r8-K2off,
1790857153	20708	r8-K2off,
1790857154	20703	r8-K2off,
1790857155	20707	r8-K2off,
1790857156	20715	r8-K2off,
1790857157	20700	r8-K2off,
1790857158	20694	r8-K2off,
1790857159	20690	r8-K2off,
1790857160	20697	r8-K2off,
1790857161	20688	r8-K2off,
1790857162	20693	r8-K2off,
1790857163	20697	r8-K2off,
1790857164	20698	r8-K2off,
1790857165	20705	r8-K2off,
1790857166	20703	r8-K2off,
1790857167	20708	r8-K2off,
1790857168	20699	r8-K2off,
1790857169	20707	r8-K2off,
1790857170	20703	r8-K2off,
1790857171	20708	r8-K2off,
1790857172	20718	r8-K2off,
1790857173	20715	r8-K2off,
1790857174	20707	r8-K2off,
1790857175	20700	r8-K2off,
1790857176	20701	r8-K2off,
1790857177	20699	r8-K2off,
1790857178	20701	r8-K2off,
1790857179	20697	r8-K2off,
1790857180	20704	r8-K2off,
1790857181	20708	r8-K2off,
1790857182	20699	r8-K2off,
1790857183	20713	r8-K2off,
1790857184	20715	r8-K2off,
1790857185	20709	r8-K2off,
1790857186	20705	r8-K2off,
1790857187	20712	r8-K2off,
1790857188	20707	r8-K2off,
1790857189	20713	r8-K2off,
1790857190	20718	r8-K2off,
1790857192	20721	r8-K2off,
1790857193	20720	r8-K2off,
1790857194	20715	r8-K2off,
1790857195	20728	r8-K2off,
1790857196	20719	r8-K2off,
1790857197	20713	r8-K2off,
1790857198	20707	r8-K2off,
1790857199	20701	r8-K2off,
1790857200	20700	r8-K2off,
1790857201	20691	r8-K2off,
1790857202	20695	r8-K2off,
1790857203	20683	r8-K2off,
1790857204	20691	r8-K2off,
1790857205	20685	r8-K2off,
1790857206	20687	r8-K2off,
1790857207	20689	r8-K2off,
1790857208	20686	r8-K2off,
1790857209	20672	r8-K2off,
1790857210	20663	r8-K2off,
1790857211	20658	r8-K2off,
1790857212	20656	r8-K2off,
1790857213	20662	r8-K2off,
1790857214	20667	r8-K2off,
1790857215	20666	r8-K2off,
1790857216	20680	r8-K2off,
1790857217	20679	r8-K2off,
1790857218	20678	r8-K2off,
1790857219	20624	r8-K2off,
1790857220	20621	r8-K2off,
1790857221	20629	r8-K2off,
1790857222	20626	r8-K2off,
1790857223	20624	r8-K2off,
1790857224	20623	r8-K2off,
1790857225	20610	r8-K2off,
1790857226	20618	r8-K2off,
1790857227	20625	r8-K2off,
1790857228	20618	r8-K2off,
1790857229	20600	r8-K2off,
1790857230	20604	r8-K2off,
1790857232	20608	r8-K2off,
1790857233	20602	r8-K2off,
1790857234	20541	r8-K2off,
1790857235	20544	r8-K2off,
1790857236	20541	r8-K2off,
1790857237	20524	r8-K2off,
1790857238	20509	r8-K2off,
1790857239	20459	r8-K2off,
1790857240	20460	r8-K2off,
1790857241	20467	r8-K2off,
1790857242	20472	r8-K2off,
1790857243	20469	r8-K2off,
1790857244	20442	r8-K2off,
1790857245	20395	r8-K2off,
1790857246	20325	r8-K2off,
1790857247	20783	r8-K2off,
1790857248	20770	r8-K2off,
1790857249	20747	r8-K2off,
1790857250	20737	r8-K2off,
1790857251	20727	r8-K2off,
1790857252	20728	r8-K2off,
1790857253	20721	r8-K2off,
1790857254	20729	r8-K2off,
1790857255	20730	r8-K2off,
1790857256	20741	r8-K2off,
1790857257	20741	r8-K2off,
1790857258	20741	r8-K2off,
1790857259	20728	r8-K2off,
1790857260	20729	r8-K2off,
1790857261	20723	r8-K2off,
1790857262	20723	r8-K2off,
1790857263	20715	r8-K2off,
1790857264	20709	r8-K2off,
1790857265	20717	r8-K2off,
1790857266	20723	r8-K2off,
1790857267	20718	r8-K2off,
1790857268	20718	r8-K2off,
1790857269	20712	r8-K2off,
1790857271	20705	r8-K2off,
1790857272	20700	r8-K2off,
1790857273	20695	r8-K2off,
1790857274	20704	r8-K2off,
1790857275	20701	r8-K2off,
1790857276	20708	r8-K2off,
1790857277	20716	r8-K2off,
1790857278	20723	r8-K2off,
1790857279	20717	r8-K2off,
1790857280	20715	r8-K2off,
1790857281	20717	r8-K2off,
1790857282	20710	r8-K2off,
1790857283	20717	r8-K2off,
1790857284	20725	r8-K2off,
1790857285	20721	r8-K2off,
1790857286	20721	r8-K2off,
1790857287	20715	r8-K2off,
1790857288	20721	r8-K2off,
1790857289	20718	r8-K2off,
1790857290	20710	r8-K2off,
1790857291	20707	r8-K2off,
1790857292	20713	r8-K2off,
1790857293	20712	r8-K2off,
1790857294	20719	r8-K2off,
1790857295	20717	r8-K2off,
1790857296	20725	r8-K2off,
1790857297	20719	r8-K2off,
1790857298	20709	r8-K2off,
1790857299	20707	r8-K2off,
1790857300	20706	r8-K2off,
1790857301	20715	r8-K2off,
1790857302	20723	r8-K2off,
1790857303	20716	r8-K2off,
1790857304	20713	r8-K2off,
1790857305	20714	r8-K2off,
1790857306	20722	r8-K2off,
1790857307	20715	r8-K2off,
1790857308	20721	r8-K2off,
1790857309	20722	r8-K2off,
1790857311	20729	r8-K2off,
1790857312	20734	r8-K2off,
1790857313	20727	r8-K2off,
1790857314	20722	r8-K2off,
1790857315	20712	r8-K2off,
1790857316	20714	r8-K2off,
1790857317	20724	r8-K2off,
1790857318	20721	r8-K2off,
1790857319	20722	r8-K2off,
1790857320	20722	r8-K2off,
1790857321	20715	r8-K2off,
1790857322	20707	r8-K2off,
1790857323	20708	r8-K2off,
1790857324	20704	r8-K2off,
1790857325	20706	r8-K2off,
1790857326	20708	r8-K2off,
1790857327	20715	r8-K2off,
1790857328	20722	r8-K2off,
1790857329	20723	r8-K2off,
1790857330	20732	r8-K2off,
1790857331	20727	r8-K2off,
1790857332	20723	r8-K2off,
1790857333	20734	r8-K2off,
1790857334	20728	r8-K2off,
1790857335	20728	r8-K2off,
1790857336	20722	r8-K2off,
1790857337	20727	r8-K2off,
1790857338	20723	r8-K2off,
1790857339	20730	r8-K2off,
1790857340	20730	r8-K2off,
1790857341	20729	r8-K2off,
1790857342	20732	r8-K2off,
1790857343	20722	r8-K2off,
1790857344	20717	r8-K2off,
1790857345	20715	r8-K2off,
1790857346	20709	r8-K2off,
1790857348	20711	r8-K2off,
1790857349	20718	r8-K2off,
1790857350	20716	r8-K2off,
1790857351	20708	r8-K2off,
1790857352	20717	r8-K2off,
1790857353	20722	r8-K2off,
1790857354	20715	r8-K2off,
1790857355	20716	r8-K2off,
1790857356	20712	r8-K2off,
1790857357	20718	r8-K2off,
1790857358	20710	r8-K2off,
1790857359	20704	r8-K2off,
1790857360	20713	r8-K2off,
1790857361	20703	r8-K2off,
1790857362	20701	r8-K2off,
1790857363	20696	r8-K2off,
1790857364	20689	r8-K2off,
1790857365	20692	r8-K2off,
1790857366	20700	r8-K2off,
1790857367	20691	r8-K2off,
1790857368	20687	r8-K2off,
1790857369	20679	r8-K2off,
1790857370	20685	r8-K2off,
1790857371	20682	r8-K2off,
1790857372	20695	r8-K2off,
1790857373	20691	r8-K2off,
1790857374	20686	r8-K2off,
1790857375	20692	r8-K2off,
1790857376	20686	r8-K2off,
1790857377	20681	r8-K2off,
1790857378	20687	r8-K2off,
1790857379	20680	r8-K2off,
1790857380	20688	r8-K2off,
1790857381	20685	r8-K2off,
1790857382	20694	r8-K2off,
1790857383	20699	r8-K2off,
1790857384	20697	r8-K2off,
1790857385	20702	r8-K2off,
1790857386	20694	r8-K2off,
1790857387	20700	r8-K2off,
1790857389	20703	r8-K2off,
1790857390	20698	r8-K2off,
1790857391	20696	r8-K2off,
1790857392	20704	r8-K2off,
1790857393	20704	r8-K2off,
1790857394	20697	r8-K2off,
1790857395	20697	r8-K2off,
1790857396	20692	r8-K2off,
1790857397	20690	r8-K2off,
1790857398	20689	r8-K2off,
1790857399	20697	r8-K2off,
1790857400	20694	r8-K2off,
1790857401	20689	r8-K2off,
1790857402	20683	r8-K2off,
1790857403	20676	r8-K2off,
1790857404	20681	r8-K2off,
1790857405	20675	r8-K2off,
1790857406	20686	r8-K2off,
1790857407	20676	r8-K2off,
1790857408	20674	r8-K2off,
1790857409	20677	r8-K2off,
1790857410	20669	r8-K2off,
1790857411	20676	r8-K2off,
1790857412	20679	r8-K2off,
1790857413	20679	r8-K2off,
1790857414	20675	r8-K2off,
1790857415	20668	r8-K2off,
1790857416	20676	r8-K2off,
1790857417	20686	r8-K2off,
1790857418	20685	r8-K2off,
1790857419	20684	r8-K2off,
1790857420	20683	r8-K2off,
1790857421	20687	r8-K2off,
1790857422	20697	r8-K2off,
1790857423	20691	r8-K2off,
1790857424	20700	r8-K2off,
1790857425	20695	r8-K2off,
1790857426	20690	r8-K2off,
1790857428	20695	r8-K2off,
1790857429	20690	r8-K2off,
1790857430	20696	r8-K2off,
1790857431	20693	r8-K2off,
1790857432	20690	r8-K2off,
1790857433	20698	r8-K2off,
1790857434	20691	r8-K2off,
1790857435	20699	r8-K2off,
1790857436	20694	r8-K2off,
1790857437	20698	r8-K2off,
1790857438	20708	r8-K2off,
1790857439	20708	r8-K2off,
1790857440	20699	r8-K2off,
1790857441	20692	r8-K2off,
1790857442	20696	r8-K2off,
1790857443	20703	r8-K2off,
1790857444	20699	r8-K2off,
1790857445	20702	r8-K2off,
1790857446	20690	r8-K2off,
1790857447	20682	r8-K2off,
1790857448	20685	r8-K2off,
1790857449	20692	r8-K2off,
1790857450	20689	r8-K2off,
1790857451	20687	r8-K2off,
1790857452	20693	r8-K2off,
1790857453	20689	r8-K2off,
1790857454	20696	r8-K2off,
1790857455	20681	r8-K2off,
1790857456	20689	r8-K2off,
1790857457	20696	r8-K2off,
1790857458	20700	r8-K2off,
1790857459	20701	r8-K2off,
1790857460	20698	r8-K2off,
1790857461	20658	r8-K2off,
1790857462	20579	r8-K2off,
1790857463	20550	r8-K2off,
1790857464	20558	r8-K2off,
1790857465	20563	r8-K2off,
1790857467	20564	r8-K2off,
1790857468	20568	r8-K2off,
1790857469	20572	r8-K2off,
1790857470	20579	r8-K2off,
1790857471	20577	r8-K2off,
1790857472	20579	r8-K2off,
1790857473	20580	r8-K2off,
1790857474	20579	r8-K2off,
1790857475	20571	r8-K2off,
1790857476	20574	r8-K2off,
1790857477	20575	r8-K2off,
1790857478	20582	r8-K2off,
1790857479	20582	r8-K2off,
1790857480	20580	r8-K2off,
1790857481	20562	r8-K2off,
1790857482	20544	r8-K2off,
1790857483	20460	r8-K2off,
1790857484	20387	r8-K2off,
1790857485	20339	r8-K2off,
1790857486	20775	r8-K2off,
1790857487	20757	r8-K2off,
1790857488	20750	r8-K2off,
1790857489	20743	r8-K2off,
1790857490	20743	r8-K2off,
1790857491	20730	r8-K2off,
1790857492	20728	r8-K2off,
1790857493	20735	r8-K2off,
1790857494	20738	r8-K2off,
1790857495	20732	r8-K2off,
1790857496	20731	r8-K2off,
1790857497	20725	r8-K2off,
1790857498	20721	r8-K2off,
1790857499	20718	r8-K2off,
1790857500	20722	r8-K2off,
1790857501	20724	r8-K2off,
1790857502	20719	r8-K2off,
1790857503	20712	r8-K2off,
1790857504	20711	r8-K2off,
1790857505	20705	r8-K2off,
1790857506	20700	r8-K2off,
1790857507	20702	r8-K2off,
1790857509	20697	r8-K2off,
1790857510	20697	r8-K2off,
1790857511	20705	r8-K2off,
1790857512	20717	r8-K2off,
1790857513	20708	r8-K2off,
1790857514	20721	r8-K2off,
1790857515	20715	r8-K2off,
1790857516	20703	r8-K2off,
1790857517	20699	r8-K2off,
1790857518	20714	r8-K2off,
1790857519	20710	r8-K2off,
1790857520	20711	r8-K2off,
1790857521	20717	r8-K2off,
1790857522	20710	r8-K2off,
1790857523	20711	r8-K2off,
1790857524	20709	r8-K2off,
1790857525	20717	r8-K2off,
1790857526	20712	r8-K2off,
1790857527	20720	r8-K2off,
1790857528	20717	r8-K2off,
1790857529	20707	r8-K2off,
1790857530	20705	r8-K2off,
1790857531	20703	r8-K2off,
1790857532	20710	r8-K2off,
1790857533	20722	r8-K2off,
1790857534	20705	r8-K2off,
1790857535	20707	r8-K2off,
1790857536	20703	r8-K2off,
1790857537	20710	r8-K2off,
1790857538	20709	r8-K2off,
1790857539	20701	r8-K2off,
1790857540	20709	r8-K2off,
1790857541	20711	r8-K2off,
1790857542	20710	r8-K2off,
1790857543	20707	r8-K2off,
1790857544	20714	r8-K2off,
1790857545	20707	r8-K2off,
1790857547	20702	r8-K2off,
1790857548	20701	r8-K2off,
1790857549	20702	r8-K2off,
1790857550	20697	r8-K2off,
1790857551	20699	r8-K2off,
1790857552	20696	r8-K2off,
1790857553	20691	r8-K2off,
1790857554	20688	r8-K2off,
1790857555	20697	r8-K2off,
1790857556	20705	r8-K2off,
1790857557	20692	r8-K2off,
1790857558	20693	r8-K2off,
1790857559	20700	r8-K2off,
1790857560	20699	r8-K2off,
1790857561	20702	r8-K2off,
1790857562	20710	r8-K2off,
1790857563	20707	r8-K2off,
1790857564	20709	r8-K2off,
1790857565	20713	r8-K2off,
1790857566	20705	r8-K2off,
1790857567	20704	r8-K2off,
1790857568	20710	r8-K2off,
1790857569	20706	r8-K2off,
1790857570	20713	r8-K2off,
1790857571	20713	r8-K2off,
1790857572	20707	r8-K2off,
1790857573	20700	r8-K2off,
1790857574	20695	r8-K2off,
1790857575	20697	r8-K2off,
1790857576	20705	r8-K2off,
1790857577	20698	r8-K2off,
1790857578	20695	r8-K2off,
1790857579	20698	r8-K2off,
1790857580	20692	r8-K2off,
1790857581	20685	r8-K2off,
1790857582	20694	r8-K2off,
1790857583	20694	r8-K2off,
1790857584	20702	r8-K2off,
1790857586	20697	r8-K2off,
1790857587	20693	r8-K2off,
1790857588	20701	r8-K2off,
1790857589	20694	r8-K2off,
1790857590	20688	r8-K2off,
1790857591	20705	r8-K2off,
1790857592	20695	r8-K2off,
1790857593	20689	r8-K2off,
1790857594	20687	r8-K2off,
1790857595	20694	r8-K2off,
1790857596	20691	r8-K2off,
1790857597	20693	r8-K2off,
1790857598	20688	r8-K2off,
1790857599	20694	r8-K2off,
1790857600	20689	r8-K2off,
1790857601	20686	r8-K2off,
1790857602	20694	r8-K2off,
1790857603	20701	r8-K2off,
1790857604	20695	r8-K2off,
1790857605	20699	r8-K2off,
1790857606	20699	r8-K2off,
1790857607	20694	r8-K2off,
1790857608	20700	r8-K2off,
1790857609	20708	r8-K2off,
1790857610	20708	r8-K2off,
1790857611	20717	r8-K2off,
1790857612	20707	r8-K2off,
1790857613	20702	r8-K2off,
1790857614	20694	r8-K2off,
1790857615	20697	r8-K2off,
1790857616	20690	r8-K2off,
1790857617	20683	r8-K2off,
1790857618	20684	r8-K2off,
1790857619	20679	r8-K2off,
1790857620	20668	r8-K2off,
1790857621	20688	r8-K2off,
1790857622	20693	r8-K2off,
1790857623	20696	r8-K2off,
1790857624	20696	r8-K2off,
1790857625	20702	r8-K2off,
1790857627	20714	r8-K2off,
1790857628	20704	r8-K2off,
1790857629	20696	r8-K2off,
1790857630	20691	r8-K2off,
1790857631	20690	r8-K2off,
1790857632	20690	r8-K2off,
1790857633	20685	r8-K2off,
1790857634	20692	r8-K2off,
1790857635	20701	r8-K2off,
1790857636	20701	r8-K2off,
1790857637	20694	r8-K2off,
1790857638	20689	r8-K2off,
1790857639	20694	r8-K2off,
1790857640	20701	r8-K2off,
1790857641	20694	r8-K2off,
1790857642	20691	r8-K2off,
1790857643	20691	r8-K2off,
1790857644	20699	r8-K2off,
1790857645	20701	r8-K2off,
1790857646	20708	r8-K2off,
1790857647	20708	r8-K2off,
1790857648	20706	r8-K2off,
1790857649	20699	r8-K2off,
1790857650	20692	r8-K2off,
1790857651	20700	r8-K2off,
1790857652	20708	r8-K2off,
1790857653	20714	r8-K2off,
1790857654	20721	r8-K2off,
1790857655	20715	r8-K2off,
1790857656	20713	r8-K2off,
1790857657	20708	r8-K2off,
1790857658	20702	r8-K2off,
1790857659	20710	r8-K2off,
1790857660	20706	r8-K2off,
1790857661	20703	r8-K2off,
1790857662	20700	r8-K2off,
1790857663	20704	r8-K2off,
1790857664	20699	r8-K2off,
1790857666	20689	r8-K2off,
1790857667	20685	r8-K2off,
1790857668	20693	r8-K2off,
1790857669	20696	r8-K2off,
1790857670	20691	r8-K2off,
1790857671	20702	r8-K2off,
1790857672	20705	r8-K2off,
1790857673	20702	r8-K2off,
1790857674	20674	r8-K2off,
1790857675	20668	r8-K2off,
1790857676	20668	r8-K2off,
1790857677	20665	r8-K2off,
1790857678	20671	r8-K2off,
1790857679	20670	r8-K2off,
1790857680	20764	r8-K2off,
1790857681	20754	r8-K2off,
1790857682	20743	r8-K2off,
1790857683	20720	r8-K2off,
1790857684	20718	r8-K2off,
1790857685	20712	r8-K2off,
1790857686	20721	r8-K2off,
1790857687	20726	r8-K2off,
1790857688	20727	r8-K2off,
1790857689	20717	r8-K2off,
1790857690	20712	r8-K2off,
1790857691	20712	r8-K2off,
1790857692	20708	r8-K2off,
1790857693	20720	r8-K2off,
1790857694	20727	r8-K2off,
1790857695	20728	r8-K2off,
1790857696	20719	r8-K2off,
1790857697	20710	r8-K2off,
1790857698	20714	r8-K2off,
1790857699	20704	r8-K2off,
1790857700	20710	r8-K2off,
1790857701	20705	r8-K2off,
1790857702	20707	r8-K2off,
1790857703	20708	r8-K2off,
1790857705	20714	r8-K2off,
1790857706	20715	r8-K2off,
1790857707	20726	r8-K2off,
1790857708	20722	r8-K2off,
1790857709	20721	r8-K2off,
1790857710	20718	r8-K2off,
1790857711	20648	r8-K2off,
1790857712	20600	r8-K2off,
1790857713	20591	r8-K2off,
1790857714	20596	r8-K2off,
1790857715	20595	r8-K2off,
1790857716	20599	r8-K2off,
1790857717	20583	r8-K2off,
1790857718	20583	r8-K2off,
1790857719	20589	r8-K2off,
1790857720	20589	r8-K2off,
1790857721	20589	r8-K2off,
1790857722	20594	r8-K2off,
1790857723	20595	r8-K2off,
1790857724	20596	r8-K2off,
1790857725	20598	r8-K2off,
1790857726	20596	r8-K2off,
1790857727	20595	r8-K2off,
1790857728	20559	r8-K2off,
1790857729	20534	r8-K2off,
1790857730	20535	r8-K2off,
1790857731	20534	r8-K2off,
1790857732	20534	r8-K2off,
1790857733	20471	r8-K2off,
1790857734	20416	r8-K2off,
1790857735	20368	r8-K2off,
1790857736	20778	r8-K2off,
1790857737	20770	r8-K2off,
1790857738	20760	r8-K2off,
1790857739	20753	r8-K2off,
1790857740	20741	r8-K2off,
1790857741	20732	r8-K2off,
1790857742	20732	r8-K2off,
1790857743	20741	r8-K2off,
1790857744	20736	r8-K2off,
1790857745	20727	r8-K2off,
1790857747	20719	r8-K2off,
1790857748	20713	r8-K2off,
1790857749	20720	r8-K2off,
1790857750	20728	r8-K2off,
1790857751	20725	r8-K2off,
1790857752	20720	r8-K2off,
1790857753	20724	r8-K2off,
1790857754	20731	r8-K2off,
1790857755	20726	r8-K2off,
1790857756	20718	r8-K2off,
1790857757	20711	r8-K2off,
1790857758	20693	r8-K2off,
1790857759	20695	r8-K2off,
1790857760	20690	r8-K2off,
1790857761	20686	r8-K2off,
1790857762	20678	r8-K2off,
1790857763	20689	r8-K2off,
1790857764	20696	r8-K2off,
1790857765	20698	r8-K2off,
1790857766	20690	r8-K2off,
1790857767	20697	r8-K2off,
1790857768	20698	r8-K2off,
1790857769	20703	r8-K2off,
1790857770	20703	r8-K2off,
1790857771	20699	r8-K2off,
1790857772	20691	r8-K2off,
1790857773	20697	r8-K2off,
1790857774	20704	r8-K2off,
1790857775	20699	r8-K2off,
1790857776	20693	r8-K2off,
1790857777	20701	r8-K2off,
1790857778	20711	r8-K2off,
1790857779	20706	r8-K2off,
1790857780	20704	r8-K2off,
1790857781	20709	r8-K2off,
1790857782	20713	r8-K2off,
1790857783	20708	r8-K2off,
1790857784	20715	r8-K2off,
1790857785	20708	r8-K2off,
1790857787	20706	r8-K2off,
1790857788	20716	r8-K2off,
1790857789	20714	r8-K2off,
1790857790	20720	r8-K2off,
1790857791	20717	r8-K2off,
1790857792	20717	r8-K2off,
1790857793	20723	r8-K2off,
1790857794	20720	r8-K2off,
1790857795	20721	r8-K2off,
1790857796	20715	r8-K2off,
1790857797	20720	r8-K2off,
1790857798	20713	r8-K2off,
1790857799	20705	r8-K2off,
1790857800	20705	r8-K2off,
1790857801	20701	r8-K2off,
1790857802	20704	r8-K2off,
1790857803	20712	r8-K2off,
1790857804	20707	r8-K2off,
1790857805	20709	r8-K2off,
1790857806	20709	r8-K2off,
1790857807	20702	r8-K2off,
1790857808	20695	r8-K2off,
1790857809	20706	r8-K2off,
1790857810	20704	r8-K2off,
1790857811	20703	r8-K2off,
1790857812	20706	r8-K2off,
1790857813	20711	r8-K2off,
1790857814	20714	r8-K2off,
1790857815	20722	r8-K2off,
1790857816	20719	r8-K2off,
1790857817	20721	r8-K2off,
1790857818	20717	r8-K2off,
1790857819	20720	r8-K2off,
1790857820	20730	r8-K2off,
1790857821	20735	r8-K2off,
1790857822	20737	r8-K2off,
1790857823	20727	r8-K2off,
1790857824	20728	r8-K2off,
1790857825	20712	r8-K2off,
1790857826	20713	r8-K2off,
1790857828	20726	r8-K2off,
1790857829	20718	r8-K2off,
1790857830	20728	r8-K2off,
1790857831	20724	r8-K2off,
1790857832	20726	r8-K2off,
1790857833	20715	r8-K2off,
1790857834	20710	r8-K2off,
1790857835	20700	r8-K2off,
1790857836	20691	r8-K2off,
1790857837	20693	r8-K2off,
1790857838	20687	r8-K2off,
1790857839	20688	r8-K2off,
1790857840	20684	r8-K2off,
1790857841	20681	r8-K2off,
1790857842	20677	r8-K2off,
1790857843	20681	r8-K2off,
1790857844	20667	r8-K2off,
1790857845	20671	r8-K2off,
1790857846	20678	r8-K2off,
1790857847	20681	r8-K2off,
1790857848	20683	r8-K2off,
1790857849	20674	r8-K2off,
1790857850	20685	r8-K2off,
1790857851	20690	r8-K2off,
1790857852	20696	r8-K2off,
1790857853	20708	r8-K2off,
1790857854	20703	r8-K2off,
1790857855	20696	r8-K2off,
1790857856	20695	r8-K2off,
1790857857	20684	r8-K2off,
1790857858	20678	r8-K2off,
1790857859	20675	r8-K2off,
1790857860	20674	r8-K2off,
1790857861	20676	r8-K2off,
1790857862	20690	r8-K2off,
1790857863	20697	r8-K2off,
1790857864	20692	r8-K2off,
1790857865	20694	r8-K2off,
1790857866	20699	r8-K2off,
1790857867	20700	r8-K2off,
1790857868	20707	r8-K2off,
1790857870	20714	r8-K2off,
1790857871	20700	r8-K2off,
1790857872	20697	r8-K2off,
1790857873	20692	r8-K2off,
1790857874	20696	r8-K2off,
1790857875	20704	r8-K2off,
1790857876	20698	r8-K2off,
1790857877	20690	r8-K2off,
1790857878	20688	r8-K2off,
1790857879	20695	r8-K2off,
1790857880	20690	r8-K2off,
1790857881	20697	r8-K2off,
1790857882	20692	r8-K2off,
1790857883	20702	r8-K2off,
1790857884	20699	r8-K2off,
1790857885	20700	r8-K2off,
1790857886	20695	r8-K2off,
1790857887	20692	r8-K2off,
1790857888	20685	r8-K2off,
1790857889	20684	r8-K2off,
1790857890	20682	r8-K2off,
1790857891	20688	r8-K2off,
1790857892	20694	r8-K2off,
1790857893	20698	r8-K2off,
1790857894	20708	r8-K2off,
1790857895	20711	r8-K2off,
1790857896	20719	r8-K2off,
1790857897	20731	r8-K2off,
1790857898	20723	r8-K2off,
1790857899	20709	r8-K2off,
1790857900	20712	r8-K2off,
1790857901	20704	r8-K2off,
1790857902	20700	r8-K2off,
1790857903	20699	r8-K2off,
1790857904	20692	r8-K2off,
1790857905	20684	r8-K2off,
1790857906	20694	r8-K2off,
1790857907	20690	r8-K2off,
1790857909	20699	r8-K2off,
1790857910	20705	r8-K2off,
1790857911	20711	r8-K2off,
1790857912	20704	r8-K2off,
1790857913	20700	r8-K2off,
1790857914	20694	r8-K2off,
1790857915	20689	r8-K2off,
1790857916	20699	r8-K2off,
1790857917	20701	r8-K2off,
1790857918	20695	r8-K2off,
1790857919	20690	r8-K2off,
1790857920	20684	r8-K2off,
1790857921	20689	r8-K2off,
1790857922	20696	r8-K2off,
1790857923	20701	r8-K2off,
1790857924	20695	r8-K2off,
1790857925	20690	r8-K2off,
1790857926	20686	r8-K2off,
1790857927	20684	r8-K2off,
1790857928	20681	r8-K2off,
1790857929	20695	r8-K2off,
1790857930	20686	r8-K2off,
1790857931	20522	r8-K2off,
1790857932	20521	r8-K2off,
1790857933	20530	r8-K2off,
1790857934	20537	r8-K2off,
1790857935	20528	r8-K2off,
1790857936	20522	r8-K2off,
1790857937	20524	r8-K2off,
1790857938	20531	r8-K2off,
1790857939	20528	r8-K2off,
1790857940	20533	r8-K2off,
1790857941	20541	r8-K2off,
1790857942	20543	r8-K2off,
1790857943	20541	r8-K2off,
1790857944	20534	r8-K2off,
1790857945	20527	r8-K2off,
1790857946	20533	r8-K2off,
1790857947	20528	r8-K2off,
1790857949	20504	r8-K2off,
1790857950	20494	r8-K2off,
1790857951	20502	r8-K2off,
1790857952	20510	r8-K2off,
1790857953	20505	r8-K2off,
1790857954	20504	r8-K2off,
1790857955	20510	r8-K2off,
1790857956	20503	r8-K2off,
1790857957	20502	r8-K2off,
1790857958	20504	r8-K2off,
1790857959	20504	r8-K2off,
1790857960	20503	r8-K2off,
1790857961	20507	r8-K2off,
1790857962	20504	r8-K2off,
1790857963	20504	r8-K2off,
1790857964	20499	r8-K2off,
1790857965	20498	r8-K2off,
1790857966	20502	r8-K2off,
1790857967	20502	r8-K2off,
1790857968	20511	r8-K2off,
1790857969	20503	r8-K2off,
1790857970	20502	r8-K2off,
1790857971	20509	r8-K2off,
1790857972	20501	r8-K2off,
1790857973	20502	r8-K2off,
1790857974	20503	r8-K2off,
1790857975	20507	r8-K2off,
1790857976	20503	r8-K2off,
1790857977	20511	r8-K2off,
1790857978	20513	r8-K2off,
1790857979	20515	r8-K2off,
1790857980	20516	r8-K2off,
1790857981	20514	r8-K2off,
1790857982	20504	r8-K2off,
1790857983	20503	r8-K2off,
1790857984	20512	r8-K2off,
1790857985	20518	r8-K2off,
1790857986	20510	r8-K2off,
1790857987	20506	r8-K2off,
1790857989	20504	r8-K2off,
1790857990	20511	r8-K2off,
1790857991	20513	r8-K2off,
1790857992	20519	r8-K2off,
1790857993	20514	r8-K2off,
1790857994	20507	r8-K2off,
1790857995	20508	r8-K2off,
1790857996	20513	r8-K2off,
1790857997	20514	r8-K2off,
1790857998	20520	r8-K2off,
1790857999	20530	r8-K2off,
1790858000	20536	r8-K2off,
1790858001	20527	r8-K2off,
1790858002	20519	r8-K2off,
1790858003	20513	r8-K2off,
1790858004	20507	r8-K2off,
1790858005	20513	r8-K2off,
1790858006	20518	r8-K2off,
1790858007	20515	r8-K2off,
1790858008	20406	r8-K2off,
1790858009	20407	r8-K2off,
1790858010	20412	r8-K2off,
1790858011	20415	r8-K2off,
1790858012	20416	r8-K2off,
1790858013	20414	r8-K2off,
1790858014	20420	r8-K2off,
1790858015	20423	r8-K2off,
1790858016	20424	r8-K2off,
1790858017	20423	r8-K2off,
1790858018	20421	r8-K2off,
1790858019	20427	r8-K2off,
1790858020	20426	r8-K2off,
1790858021	20428	r8-K2off,
1790858022	20427	r8-K2off,
1790858023	20429	r8-K2off,
1790858024	20430	r8-K2off,
1790858025	20429	r8-K2off,
1790858027	20437	r8-K2off,
1790858028	20433	r8-K2off,
1790858029	20431	r8-K2off,
1790858030	20438	r8-K2off,
1790858031	20438	r8-K2off,
1790858032	20442	r8-K2off,
1790858033	20439	r8-K2off,
1790858034	20442	r8-K2off,
1790858035	20440	r8-K2off,
1790858036	20439	r8-K2off,
1790858037	20439	r8-K2off,
1790858038	20439	r8-K2off,
1790858039	20439	r8-K2off,
1790858040	20440	r8-K2off,
1790858041	20437	r8-K2off,
1790858042	20439	r8-K2off,
1790858043	20439	r8-K2off,
1790858044	20436	r8-K2off,
1790858045	20437	r8-K2off,
1790858046	20438	r8-K2off,
1790858047	20437	r8-K2off,
1790858048	20436	r8-K2off,
1790858049	20433	r8-K2off,
1790858050	20431	r8-K2off,
1790858051	20432	r8-K2off,
1790858052	20436	r8-K2off,
1790858053	20435	r8-K2off,
1790858054	20434	r8-K2off,
1790858055	20440	r8-K2off,
1790858056	20440	r8-K2off,
1790858057	20441	r8-K2off,
1790858058	20439	r8-K2off,
1790858059	20441	r8-K2off,
1790858060	20440	r8-K2off,
1790858061	20439	r8-K2off,
1790858062	20441	r8-K2off,
1790858064	20438	r8-K2off,
1790858065	20436	r8-K2off,
1790858066	20431	r8-K2off,
1790858067	20430	r8-K2off,
1790858068	20428	r8-K2off,
1790858069	20431	r8-K2off,
1790858070	20436	r8-K2off,
1790858071	20436	r8-K2off,
1790858072	20434	r8-K2off,
1790858073	20440	r8-K2off,
1790858074	20438	r8-K2off,
1790858075	20436	r8-K2off,
1790858076	20438	r8-K2off,
1790858077	20437	r8-K2off,
1790858078	20436	r8-K2off,
1790858079	20438	r8-K2off,
1790858080	20439	r8-K2off,
1790858081	20438	r8-K2off,
1790858082	20443	r8-K2off,
1790858083	20436	r8-K2off,
1790858084	20437	r8-K2off,
1790858085	20435	r8-K2off,
1790858086	20438	r8-K2off,
1790858087	20435	r8-K2off,
1790858088	20435	r8-K2off,
1790858089	20403	r8-K2off,
1790858090	20403	r8-K2off,
1790858091	20385	r8-K2off,
1790858092	20315	r8-K2off,
1790858093	20753	r8-K2off,
1790858094	20737	r8-K2off,
1790858095	20726	r8-K2off,
1790858096	20722	r8-K2off,
1790858097	20726	r8-K2off,
1790858098	20714	r8-K2off,
1790858099	20722	r8-K2off,
1790858100	20726	r8-K2off,
1790858101	20717	r8-K2off,
1790858103	20724	r8-K2off,
1790858104	20719	r8-K2off,
1790858105	20720	r8-K2off,
1790858106	20729	r8-K2off,
1790858107	20723	r8-K2off,
1790858108	20714	r8-K2off,
1790858109	20718	r8-K2off,
1790858110	20715	r8-K2off,
1790858111	20720	r8-K2off,
1790858112	20717	r8-K2off,
1790858113	20714	r8-K2off,
1790858114	20720	r8-K2off,
1790858115	20721	r8-K2off,
1790858116	20718	r8-K2off,
1790858117	20715	r8-K2off,
1790858118	20722	r8-K2off,
1790858119	20719	r8-K2off,
1790858120	20730	r8-K2off,
1790858121	20722	r8-K2off,
1790858122	20724	r8-K2off,
1790858123	20715	r8-K2off,
1790858124	20713	r8-K2off,
1790858125	20719	r8-K2off,
1790858126	20713	r8-K2off,
1790858127	20705	r8-K2off,
1790858128	20699	r8-K2off,
1790858129	20689	r8-K2off,
1790858130	20693	r8-K2off,
1790858131	20693	r8-K2off,
1790858132	20691	r8-K2off,
1790858133	20686	r8-K2off,
1790858134	20678	r8-K2off,
1790858135	20685	r8-K2off,
1790858136	20683	r8-K2off,
1790858137	20691	r8-K2off,
1790858138	20688	r8-K2off,
1790858139	20681	r8-K2off,
1790858141	20691	r8-K2off,
1790858142	20684	r8-K2off,
1790858143	20691	r8-K2off,
1790858144	20697	r8-K2off,
1790858145	20690	r8-K2off,
1790858146	20683	r8-K2off,
1790858147	20688	r8-K2off,
1790858148	20684	r8-K2off,
1790858149	20691	r8-K2off,
1790858150	20686	r8-K2off,
1790858151	20695	r8-K2off,
1790858152	20698	r8-K2off,
1790858153	20691	r8-K2off,
1790858154	20698	r8-K2off,
1790858155	20705	r8-K2off,
1790858156	20699	r8-K2off,
1790858157	20693	r8-K2off,
1790858158	20687	r8-K2off,
1790858159	20695	r8-K2off,
1790858160	20690	r8-K2off,
1790858161	20690	r8-K2off,
1790858162	20684	r8-K2off,
1790858163	20683	r8-K2off,
1790858164	20681	r8-K2off,
1790858165	20695	r8-K2off,
1790858166	20702	r8-K2off,
1790858167	20708	r8-K2off,
1790858168	20701	r8-K2off,
1790858169	20702	r8-K2off,
1790858170	20696	r8-K2off,
1790858171	20703	r8-K2off,
1790858172	20691	r8-K2off,
1790858173	20698	r8-K2off,
1790858174	20690	r8-K2off,
1790858175	20684	r8-K2off,
1790858176	20693	r8-K2off,
1790858178	20683	r8-K2off,
1790858179	20678	r8-K2off,
1790858180	20678	r8-K2off,
1790858181	20679	r8-K2off,
1790858182	20684	r8-K2off,
1790858183	20683	r8-K2off,
1790858184	20695	r8-K2off,
1790858185	20692	r8-K2off,
1790858186	20697	r8-K2off,
1790858187	20693	r8-K2off,
1790858188	20696	r8-K2off,
1790858189	20702	r8-K2off,
1790858190	20699	r8-K2off,
1790858191	20707	r8-K2off,
1790858192	20707	r8-K2off,
1790858193	20709	r8-K2off,
1790858194	20701	r8-K2off,
1790858195	20692	r8-K2off,
1790858196	20698	r8-K2off,
1790858197	20694	r8-K2off,
1790858198	20702	r8-K2off,
1790858199	20695	r8-K2off,
1790858200	20689	r8-K2off,
1790858201	20683	r8-K2off,
1790858202	20688	r8-K2off,
1790858203	20697	r8-K2off,
1790858204	20692	r8-K2off,
1790858205	20688	r8-K2off,
1790858206	20685	r8-K2off,
1790858207	20688	r8-K2off,
1790858208	20690	r8-K2off,
1790858209	20683	r8-K2off,
1790858210	20691	r8-K2off,
1790858211	20695	r8-K2off,
1790858212	20694	r8-K2off,
1790858213	20688	r8-K2off,
1790858214	20695	r8-K2off,
1790858215	20703	r8-K2off,
1790858216	20694	r8-K2off,
1790858217	20700	r8-K2off,
1790858219	20696	r8-K2off,
1790858220	20689	r8-K2off,
1790858221	20687	r8-K2off,
1790858222	20690	r8-K2off,
1790858223	20692	r8-K2off,
1790858224	20693	r8-K2off,
1790858225	20690	r8-K2off,
1790858226	20697	r8-K2off,
1790858227	20699	r8-K2off,
1790858228	20691	r8-K2off,
1790858229	20690	r8-K2off,
1790858230	20694	r8-K2off,
1790858231	20700	r8-K2off,
1790858232	20701	r8-K2off,
1790858233	20697	r8-K2off,
1790858234	20701	r8-K2off,
1790858235	20695	r8-K2off,
1790858236	20702	r8-K2off,
1790858237	20712	r8-K2off,
1790858238	20704	r8-K2off,
1790858239	20711	r8-K2off,
1790858240	20709	r8-K2off,
1790858241	20701	r8-K2off,
1790858242	20694	r8-K2off,
1790858243	20698	r8-K2off,
1790858244	20695	r8-K2off,
1790858245	20691	r8-K2off,
1790858246	20700	r8-K2off,
1790858247	20706	r8-K2off,
1790858248	20701	r8-K2off,
1790858249	20697	r8-K2off,
1790858250	20696	r8-K2off,
1790858251	20693	r8-K2off,
1790858252	20687	r8-K2off,
1790858253	20696	r8-K2off,
1790858254	20694	r8-K2off,
1790858255	20700	r8-K2off,
1790858257	20696	r8-K2off,
1790858258	20698	r8-K2off,
1790858259	20693	r8-K2off,
1790858260	20687	r8-K2off,
1790858261	20682	r8-K2off,
1790858262	20679	r8-K2off,
1790858263	20686	r8-K2off,
1790858264	20690	r8-K2off,
1790858265	20683	r8-K2off,
1790858266	20690	r8-K2off,
1790858267	20684	r8-K2off,
1790858268	20693	r8-K2off,
1790858269	20685	r8-K2off,
1790858270	20677	r8-K2off,
1790858271	20684	r8-K2off,
1790858272	20676	r8-K2off,
1790858273	20687	r8-K2off,
1790858274	20693	r8-K2off,
1790858275	20698	r8-K2off,
1790858276	20689	r8-K2off,
1790858277	20692	r8-K2off,
1790858278	20687	r8-K2off,
1790858279	20686	r8-K2off,
1790858280	20678	r8-K2off,
1790858281	20685	r8-K2off,
1790858282	20692	r8-K2off,
1790858283	20687	r8-K2off,
1790858284	20686	r8-K2off,
1790858285	20679	r8-K2off,
1790858286	20687	r8-K2off,
1790858287	20684	r8-K2off,
1790858288	20684	r8-K2off,
1790858289	20698	r8-K2off,
1790858290	20693	r8-K2off,
1790858291	20699	r8-K2off,
1790858292	20704	r8-K2off,
1790858294	20700	r8-K2off,
1790858295	20705	r8-K2off,
1790858296	20706	r8-K2off,
1790858297	20699	r8-K2off,
1790858298	20695	r8-K2off,
1790858299	20699	r8-K2off,
1790858300	20708	r8-K2off,
1790858301	20715	r8-K2off,
1790858302	20709	r8-K2off,
1790858303	20710	r8-K2off,
1790858304	20703	r8-K2off,
1790858305	20710	r8-K2off,
1790858306	20705	r8-K2off,
1790858307	20709	r8-K2off,
1790858308	20704	r8-K2off,
1790858309	20697	r8-K2off,
1790858310	20699	r8-K2off,
1790858311	20699	r8-K2off,
1790858312	20704	r8-K2off,
1790858313	20702	r8-K2off,
1790858314	20693	r8-K2off,
1790858315	20685	r8-K2off,
1790858316	20679	r8-K2off,
1790858317	20680	r8-K2off,
1790858318	20674	r8-K2off,
1790858319	20679	r8-K2off,
1790858320	20688	r8-K2off,
1790858321	20682	r8-K2off,
1790858322	20675	r8-K2off,
1790858323	20684	r8-K2off,
1790858324	20693	r8-K2off,
1790858325	20701	r8-K2off,
1790858326	20707	r8-K2off,
1790858327	20711	r8-K2off,
1790858328	20705	r8-K2off,
1790858329	20696	r8-K2off,
1790858330	20696	r8-K2off,
1790858331	20703	r8-K2off,
1790858333	20698	r8-K2off,
1790858334	20692	r8-K2off,
1790858335	20679	r8-K2off,
1790858336	20685	r8-K2off,
1790858337	20687	r8-K2off,
1790858338	20679	r8-K2off,
1790858339	20675	r8-K2off,
1790858340	20679	r8-K2off,
1790858341	20673	r8-K2off,
1790858342	20674	r8-K2off,
1790858343	20668	r8-K2off,
1790858344	20669	r8-K2off,
1790858345	20658	r8-K2off,
1790858346	20663	r8-K2off,
1790858347	20661	r8-K2off,
1790858348	20675	r8-K2off,
1790858349	20682	r8-K2off,
1790858350	20688	r8-K2off,
1790858351	20694	r8-K2off,
1790858352	20699	r8-K2off,
1790858353	20690	r8-K2off,
1790858354	20695	r8-K2off,
1790858355	20689	r8-K2off,
1790858356	20682	r8-K2off,
1790858357	20692	r8-K2off,
1790858358	20687	r8-K2off,
1790858359	20676	r8-K2off,
1790858360	20668	r8-K2off,
1790858361	20675	r8-K2off,
1790858362	20670	r8-K2off,
1790858363	20680	r8-K2off,
1790858364	20676	r8-K2off,
1790858365	20670	r8-K2off,
1790858366	20676	r8-K2off,
1790858367	20668	r8-K2off,
1790858368	20660	r8-K2off,
1790858369	20669	r8-K2off,
1790858370	20666	r8-K2off,
1790858371	20672	r8-K2off,
1790858373	20669	r8-K2off,
1790858374	20675	r8-K2off,
1790858375	20670	r8-K2off,
1790858376	20676	r8-K2off,
1790858377	20670	r8-K2off,
1790858378	20664	r8-K2off,
1790858379	20659	r8-K2off,
1790858380	20655	r8-K2off,
1790858381	20666	r8-K2off,
1790858382	20659	r8-K2off,
1790858383	20666	r8-K2off,
1790858384	20673	r8-K2off,
1790858385	20684	r8-K2off,
1790858386	20674	r8-K2off,
1790858387	20677	r8-K2off,
1790858388	20682	r8-K2off,
1790858389	20675	r8-K2off,
1790858390	20674	r8-K2off,
1790858391	20682	r8-K2off,
1790858392	20677	r8-K2off,
1790858393	20675	r8-K2off,
1790858394	20646	r8-K2off,
1790858395	20656	r8-K2off,
1790858396	20652	r8-K2off,
1790858397	20658	r8-K2off,
1790858398	20670	r8-K2off,
1790858399	20676	r8-K2off,
1790858400	20673	r8-K2off,
1790858401	20675	r8-K2off,
1790858402	20671	r8-K2off,
1790858403	20678	r8-K2off,
1790858404	20674	r8-K2off,
1790858405	20686	r8-K2off,
1790858406	20679	r8-K2off,
1790858407	20680	r8-K2off,
1790858408	20687	r8-K2off,
1790858409	20695	r8-K2off,
1790858410	20688	r8-K2off,
1790858411	20683	r8-K2off,
1790858413	20690	r8-K2off,
1790858414	20689	r8-K2off,
1790858415	20685	r8-K2off,
1790858416	20681	r8-K2off,
1790858417	20676	r8-K2off,
1790858418	20678	r8-K2off,
1790858419	20671	r8-K2off,
1790858420	20671	r8-K2off,
1790858421	20670	r8-K2off,
1790858422	20666	r8-K2off,
1790858423	20675	r8-K2off,
1790858424	20683	r8-K2off,
1790858425	20679	r8-K2off,
1790858426	20676	r8-K2off,
1790858427	20670	r8-K2off,
1790858428	20664	r8-K2off,
1790858429	20673	r8-K2off,
1790858430	20665	r8-K2off,
1790858431	20676	r8-K2off,
1790858432	20681	r8-K2off,
1790858433	20686	r8-K2off,
1790858434	20675	r8-K2off,
1790858435	20667	r8-K2off,
1790858436	20669	r8-K2off,
1790858437	20676	r8-K2off,
1790858438	20674	r8-K2off,
1790858439	20664	r8-K2off,
1790858440	20672	r8-K2off,
1790858441	20679	r8-K2off,
1790858442	20672	r8-K2off,
1790858443	20676	r8-K2off,
1790858444	20671	r8-K2off,
1790858445	20679	r8-K2off,
1790858446	20686	r8-K2off,
1790858447	20681	r8-K2off,
1790858448	20682	r8-K2off,
1790858449	20675	r8-K2off,
1790858450	20682	r8-K2off,
1790858452	20677	r8-K2off,
1790858453	20672	r8-K2off,
1790858454	20678	r8-K2off,
1790858455	20670	r8-K2off,
1790858456	20676	r8-K2off,
1790858457	20672	r8-K2off,
1790858458	20673	r8-K2off,
1790858459	20680	r8-K2off,
1790858460	20677	r8-K2off,
1790858461	20686	r8-K2off,
1790858462	20682	r8-K2off,
1790858463	20681	r8-K2off,
1790858464	20685	r8-K2off,
1790858465	20690	r8-K2off,
1790858466	20689	r8-K2off,
1790858467	20684	r8-K2off,
1790858468	20677	r8-K2off,
1790858469	20685	r8-K2off,
1790858470	20683	r8-K2off,
1790858471	20684	r8-K2off,
1790858472	20691	r8-K2off,
1790858473	20705	r8-K2off,
1790858474	20697	r8-K2off,
1790858475	20695	r8-K2off,
1790858476	20701	r8-K2off,
1790858477	20707	r8-K2off,
1790858478	20699	r8-K2off,
1790858479	20703	r8-K2off,
1790858480	20706	r8-K2off,
1790858481	20700	r8-K2off,
1790858482	20707	r8-K2off,
1790858483	20699	r8-K2off,
1790858484	20692	r8-K2off,
1790858485	20691	r8-K2off,
1790858486	20683	r8-K2off,
1790858487	20685	r8-K2off,
1790858488	20682	r8-K2off,
1790858489	20676	r8-K2off,
1790858491	20680	r8-K2off,
1790858492	20691	r8-K2off,
1790858493	20688	r8-K2off,
1790858494	20680	r8-K2off,
1790858495	20689	r8-K2off,
1790858496	20686	r8-K2off,
1790858497	20676	r8-K2off,
1790858498	20682	r8-K2off,
1790858499	20690	r8-K2off,
1790858500	20682	r8-K2off,
1790858501	20689	r8-K2off,
1790858502	20687	r8-K2off,
1790858503	20684	r8-K2off,
1790858504	20679	r8-K2off,
1790858505	20687	r8-K2off,
1790858506	20679	r8-K2off,
1790858507	20673	r8-K2off,
1790858508	20670	r8-K2off,
1790858509	20665	r8-K2off,
1790858510	20665	r8-K2off,
1790858511	20659	r8-K2off,
1790858512	20671	r8-K2off,
1790858513	20677	r8-K2off,
1790858514	20681	r8-K2off,
1790858515	20675	r8-K2off,
1790858516	20679	r8-K2off,
1790858517	20689	r8-K2off,
1790858518	20683	r8-K2off,
1790858519	20684	r8-K2off,
1790858520	20692	r8-K2off,
1790858521	20682	r8-K2off,
1790858522	20675	r8-K2off,
1790858523	20671	r8-K2off,
1790858524	20674	r8-K2off,
1790858525	20671	r8-K2off,
1790858526	20667	r8-K2off,
1790858527	20671	r8-K2off,
1790858529	20680	r8-K2off,
1790858530	20678	r8-K2off,
1790858531	20676	r8-K2off,
1790858532	20683	r8-K2off,
1790858533	20677	r8-K2off,
1790858534	20683	r8-K2off,
1790858535	20678	r8-K2off,
1790858536	20669	r8-K2off,
1790858537	20666	r8-K2off,
1790858538	20654	r8-K2off,
1790858539	20662	r8-K2off,
1790858540	20671	r8-K2off,
1790858541	20664	r8-K2off,
1790858542	20658	r8-K2off,
1790858543	20668	r8-K2off,
1790858544	20668	r8-K2off,
1790858545	20678	r8-K2off,
1790858546	20672	r8-K2off,
1790858547	20672	r8-K2off,
1790858548	20679	r8-K2off,
1790858549	20676	r8-K2off,
1790858550	20683	r8-K2off,
1790858551	20682	r8-K2off,
1790858552	20691	r8-K2off,
1790858553	20687	r8-K2off,
1790858554	20683	r8-K2off,
1790858555	20690	r8-K2off,
1790858556	20681	r8-K2off,
1790858557	20683	r8-K2off,
1790858558	20673	r8-K2off,
1790858559	20667	r8-K2off,
1790858560	20672	r8-K2off,
1790858561	20666	r8-K2off,
1790858562	20663	r8-K2off,
1790858563	20671	r8-K2off,
1790858564	20678	r8-K2off,
1790858565	20674	r8-K2off,
1790858566	20668	r8-K2off,
1790858568	20663	r8-K2off,
1790858569	20671	r8-K2off,
1790858570	20673	r8-K2off,
1790858571	20667	r8-K2off,
1790858572	20672	r8-K2off,
1790858573	20679	r8-K2off,
1790858574	20687	r8-K2off,
1790858575	20680	r8-K2off,
1790858576	20673	r8-K2off,
1790858577	20669	r8-K2off,
1790858578	20669	r8-K2off,
1790858579	20657	r8-K2off,
1790858580	20651	r8-K2off,
1790858581	20646	r8-K2off,
1790858582	20658	r8-K2off,
1790858583	20667	r8-K2off,
1790858584	20675	r8-K2off,
1790858585	20676	r8-K2off,
1790858586	20672	r8-K2off,
1790858587	20672	r8-K2off,
1790858588	20669	r8-K2off,
1790858589	20663	r8-K2off,
1790858590	20669	r8-K2off,
1790858591	20666	r8-K2off,
1790858592	20661	r8-K2off,
1790858593	20672	r8-K2off,
1790858594	20679	r8-K2off,
1790858595	20681	r8-K2off,
1790858596	20677	r8-K2off,
1790858597	20690	r8-K2off,
1790858598	20688	r8-K2off,
1790858599	20685	r8-K2off,
1790858600	20687	r8-K2off,
1790858601	20686	r8-K2off,
1790858602	20694	r8-K2off,
1790858603	20701	r8-K2off,
1790858604	20707	r8-K2off,
1790858605	20702	r8-K2off,
1790858607	20699	r8-K2off,
1790858608	20703	r8-K2off,
1790858609	20696	r8-K2off,
1790858610	20695	r8-K2off,
1790858611	20693	r8-K2off,
1790858612	20701	r8-K2off,
1790858613	20693	r8-K2off,
1790858614	20696	r8-K2off,
1790858615	20691	r8-K2off,
1790858616	20699	r8-K2off,
1790858617	20705	r8-K2off,
1790858618	24586	r8-K2off,
1790858619	119639	r8-K2off,
1790858620	121861	
1790858621	121527	r8-K2on,
1790858622	121423	r8-K2on,
1790858623	121389	r8-K2on,
1790858624	121336	r8-K2on,
1790858625	121280	r8-K2on,
1790858626	121252	r8-K2on,
1790858627	120883	r8-K2on,
1790858628	120792	r8-K2on,
1790858629	120704	r8-K2on,
1790858630	120637	r8-K2on,
1790858631	120349	r8-K2on,
1790858632	120478	r8-K2on,
1790858633	121213	r8-K2on,
1790858634	120847	r8-K2on,
1790858635	120871	r8-K2on,
1790858636	120573	r8-K2on,
1790858637	120488	r8-K2on,
1790858638	120371	r8-K2on,
1790858639	120317	r8-K2on,
1790858640	119861	r8-K2on,
1790858641	120740	r8-K2on,
1790858642	120556	r8-K2on,
1790858643	120378	r8-K2on,
1790858644	120294	r8-K2on,
1790858645	120211	r8-K2on,
1790858646	120057	r8-K2on,
1790858647	120063	r8-K2on,
1790858648	119574	r8-K2on,
1790858649	119354	r8-K2on,
1790858650	119213	r8-K2on,
1790858651	119089	r8-K2on,
1790858652	118365	r8-K2on,
1790858653	118130	r8-K2on,
1790858654	115611	r8-K2on,
1790858655	115597	r8-K2on,
1790858656	89064	r8-K2on,
1790858657	60667	r8-K2on,
1790858658	38920	r8-K2on,
1790858659	38628	r8-K2on,
1790858661	38647	r8-K2on,
1790858662	38650	r8-K2on,
1790858663	38671	r8-K2on,
1790858664	38664	r8-K2on,
1790858665	38661	r8-K2on,
1790858666	38682	r8-K2on,
1790858667	38680	r8-K2on,
1790858668	38681	r8-K2on,
1790858669	38685	r8-K2on,
1790858670	38693	r8-K2on,
1790858671	38691	r8-K2on,
1790858672	38693	r8-K2on,
1790858673	38685	r8-K2on,
1790858674	38686	r8-K2on,
1790858675	38780	r8-K2on,
1790858676	38773	r8-K2on,
1790858677	38789	r8-K2on,
1790858678	38796	r8-K2on,
1790858679	38798	r8-K2on,
1790858680	38794	r8-K2on,
1790858681	38794	r8-K2on,
1790858682	38794	r8-K2on,
1790858683	38796	r8-K2on,
1790858684	38801	r8-K2on,
1790858685	38796	r8-K2on,
1790858686	38788	r8-K2on,
1790858687	38790	r8-K2on,
1790858688	38776	r8-K2on,
1790858689	39002	r8-K2on,
1790858690	39003	r8-K2on,
1790858691	38965	r8-K2on,
1790858692	38998	r8-K2on,
1790858693	39000	r8-K2on,
1790858694	39001	r8-K2on,
1790858695	39001	r8-K2on,
1790858696	38981	r8-K2on,
1790858697	38999	r8-K2on,
1790858698	39001	r8-K2on,
1790858699	38999	r8-K2on,
1790858700	38981	r8-K2on,
1790858701	38975	r8-K2on,
1790858702	38968	r8-K2on,
1790858703	38959	r8-K2on,
1790858704	38953	r8-K2on,
1790858705	38952	r8-K2on,
1790858706	38998	r8-K2on,
1790858707	38983	r8-K2on,
1790858708	39000	r8-K2on,
1790858709	38995	r8-K2on,
1790858710	38995	r8-K2on,
1790858711	38998	r8-K2on,
1790858712	38999	r8-K2on,
1790858713	38998	r8-K2on,
1790858714	38999	r8-K2on,
1790858715	38980	r8-K2on,
1790858716	39000	r8-K2on,
1790858717	38982	r8-K2on,
1790858718	38978	r8-K2on,
1790858719	38998	r8-K2on,
1790858720	38971	r8-K2on,
1790858721	38961	r8-K2on,
1790858722	39000	r8-K2on,
1790858723	38978	r8-K2on,
1790858724	38989	r8-K2on,
1790858726	38962	r8-K2on,
1790858727	39000	r8-K2on,
1790858728	38980	r8-K2on,
1790858729	38974	r8-K2on,
1790858730	39001	r8-K2on,
1790858731	38964	r8-K2on,
1790858732	38999	r8-K2on,
1790858733	39000	r8-K2on,
1790858734	38998	r8-K2on,
1790858735	38999	r8-K2on,
1790858736	38969	r8-K2on,
1790858737	38998	r8-K2on,
1790858738	38978	r8-K2on,
1790858739	38999	r8-K2on,
1790858740	38999	r8-K2on,
1790858741	38987	r8-K2on,
1790858742	39000	r8-K2on,
1790858743	38981	r8-K2on,
1790858744	39000	r8-K2on,
1790858745	38994	r8-K2on,
1790858746	39000	r8-K2on,
1790858747	38980	r8-K2on,
1790858748	39000	r8-K2on,
1790858749	38977	r8-K2on,
1790858750	38999	r8-K2on,
1790858751	39000	r8-K2on,
1790858752	38990	r8-K2on,
1790858753	38971	r8-K2on,
1790858754	38960	r8-K2on,
1790858755	38951	r8-K2on,
1790858756	38941	r8-K2on,
1790858757	38941	r8-K2on,
1790858758	38999	r8-K2on,
1790858759	38981	r8-K2on,
1790858760	38959	r8-K2on,
1790858761	38956	r8-K2on,
1790858762	38963	r8-K2on,
1790858763	38979	r8-K2on,
1790858764	38971	r8-K2on,
1790858765	38964	r8-K2on,
1790858766	38947	r8-K2on,
1790858767	38939	r8-K2on,
1790858768	38979	r8-K2on,
1790858769	38892	r8-K2on,
1790858770	38912	r8-K2on,
1790858771	38889	r8-K2on,
1790858772	38871	r8-K2on,
1790858773	38909	r8-K2on,
1790858774	38918	r8-K2on,
1790858775	38897	r8-K2on,
1790858776	37846	r8-K2on,
1790858777	36477	r8-K2on,
1790858778	30126	r8-K2on,
1790858779	30682	r8-K2on,
1790858780	30844	r8-K2on,
1790858781	33811	r8-K2on,
1790858782	33605	r8-K2on,
1790858783	33463	r8-K2on,
1790858784	33422	r8-K2on,
1790858785	31884	r8-K2on,
1790858786	31872	r8-K2on,
1790858787	30410	r8-K2on,
1790858789	30397	r8-K2on,
1790858790	30365	r8-K2on,
1790858791	30355	r8-K2on,
1790858792	30340	r8-K2on,
1790858793	29105	r8-K2on,
1790858794	29104	r8-K2on,
1790858795	29105	r8-K2on,
1790858796	29092	r8-K2on,
1790858797	29095	r8-K2on,
1790858798	29104	r8-K2on,
1790858799	29115	r8-K2on,
1790858800	29116	r8-K2on,
1790858801	29134	r8-K2on,
1790858802	29133	r8-K2on,
1790858803	29086	r8-K2on,
1790858804	30370	r8-K2on,
1790858805	30184	r8-K2on,
1790858806	30162	r8-K2on,
1790858807	29506	r8-K2on,
1790858808	31802	r8-K2on,
1790858809	31569	r8-K2on,
1790858810	31508	r8-K2on,
1790858811	31400	r8-K2on,
1790858812	31165	r8-K2on,
1790858813	23518	r8-K2on,
1790858814	23437	r8-K2on,
1790858815	23321	r8-K2on,
1790858816	23289	r8-K2on,
1790858817	23276	r8-K2on,
1790858818	23244	r8-K2on,
1790858819	23192	r8-K2on,
1790858820	23082	r8-K2on,
1790858821	23063	r8-K2on,
1790858822	23341	r8-K2on,
1790858823	23238	r8-K2on,
1790858824	23231	r8-K2on,
1790858825	23215	r8-K2on,
1790858826	23230	r8-K2on,
1790858827	23133	r8-K2on,
1790858828	22701	r8-K2on,
1790858829	22673	r8-K2on,
1790858830	22657	r8-K2on,
1790858831	22594	r8-K2on,
1790858832	22584	r8-K2on,
1790858833	22583	r8-K2on,
1790858834	22575	r8-K2on,
1790858835	22575	r8-K2on,
1790858836	21661	r8-K2on,
1790858837	21550	r8-K2on,
1790858838	20702	r8-K2on,
1790858839	20681	r8-K2on,
1790858840	21294	r8-K2on,
1790858841	21273	r8-K2on,
1790858842	21262	r8-K2on,
1790858843	21249	r8-K2on,
1790858845	21298	r8-K2on,
1790858846	21266	r8-K2on,
1790858847	21257	r8-K2on,
1790858848	21253	r8-K2on,
1790858849	21244	r8-K2on,
1790858850	21234	r8-K2on,
1790858851	21277	r8-K2on,
1790858852	21265	r8-K2on,
1790858853	21254	r8-K2on,
1790858854	21242	r8-K2on,
1790858855	21236	r8-K2on,
1790858856	21275	r8-K2on,
1790858857	21224	r8-K2on,
1790858858	21103	r8-K2on,
1790858859	20952	r8-K2on,
1790858860	20879	r8-K2on,
1790858861	20774	r8-K2on,
1790858862	20747	r8-K2on,
1790858863	20753	r8-K2on,
1790858864	20725	r8-K2on,
1790858865	20627	r8-K2on,
1790858866	20610	r8-K2on,
1790858867	20611	r8-K2on,
1790858868	20608	r8-K2on,
1790858869	20600	r8-K2on,
1790858870	20602	r8-K2on,
1790858871	20616	r8-K2on,
1790858872	20617	r8-K2on,
1790858873	20617	r8-K2on,
1790858874	20616	r8-K2on,
1790858875	20608	r8-K2on,
1790858876	20611	r8-K2on,
1790858877	20600	r8-K2on,
1790858878	20609	r8-K2on,
1790858879	20606	r8-K2on,
1790858880	20606	r8-K2on,
1790858881	20607	r8-K2on,
1790858882	20607	r8-K2on,
1790858883	20595	r8-K2on,
1790858885	20605	r8-K2on,
1790858886	20591	r8-K2on,
1790858887	20596	r8-K2on,
1790858888	20596	r8-K2on,
1790858889	20600	r8-K2on,
1790858890	20597	r8-K2on,
1790858891	20598	r8-K2on,
1790858892	20587	r8-K2on,
1790858893	20572	r8-K2on,
1790858894	20560	r8-K2on,
1790858895	20553	r8-K2on,
1790858896	20549	r8-K2on,
1790858897	20540	r8-K2on,
1790858898	20531	r8-K2on,
1790858899	20523	r8-K2on,
1790858900	20523	r8-K2on,
1790858901	20516	r8-K2on,
1790858902	20514	r8-K2on,
1790858903	20513	r8-K2on,
1790858904	20505	r8-K2on,
1790858905	20497	r8-K2on,
1790858906	20500	r8-K2on,
1790858907	20501	r8-K2on,
1790858908	20489	r8-K2on,
1790858909	20499	r8-K2on,
1790858910	20496	r8-K2on,
1790858911	20498	r8-K2on,
1790858912	20501	r8-K2on,
1790858913	20517	r8-K2on,
1790858914	20513	r8-K2on,
1790858915	20513	r8-K2on,
1790858916	20509	r8-K2on,
1790858917	20511	r8-K2on,
1790858918	20501	r8-K2on,
1790858919	20494	r8-K2on,
1790858920	20496	r8-K2on,
1790858921	20495	r8-K2on,
1790858922	20491	r8-K2on,
1790858923	20478	r8-K2on,
1790858924	20478	r8-K2on,
1790858925	20480	r8-K2on,
1790858927	20477	r8-K2on,
1790858928	20472	r8-K2on,
1790858929	20494	r8-K2on,
1790858930	20493	r8-K2on,
1790858931	20499	r8-K2on,
1790858932	20495	r8-K2on,
1790858933	20491	r8-K2on,
1790858934	20499	r8-K2on,
1790858935	20493	r8-K2on,
1790858936	20488	r8-K2on,
1790858937	20501	r8-K2on,
1790858938	20506	r8-K2on,
1790858939	20506	r8-K2on,
1790858940	20473	r8-K2on,
1790858941	20486	r8-K2on,
1790858942	20466	r8-K2on,
1790858943	20404	r8-K2on,
1790858944	20403	r8-K2on,
1790858945	20401	r8-K2on,
1790858946	20401	r8-K2on,
1790858947	20396	r8-K2on,
1790858948	20386	r8-K2on,
1790858949	20397	r8-K2on,
1790858950	20411	r8-K2on,
1790858951	20421	r8-K2on,
1790858952	20423	r8-K2on,
1790858953	20445	r8-K2on,
1790858954	20453	r8-K2on,
1790858955	20468	r8-K2on,
1790858956	20473	r8-K2on,
1790858957	20480	r8-K2on,
1790858958	20493	r8-K2on,
1790858959	20489	r8-K2on,
1790858960	20489	r8-K2on,
1790858961	20497	r8-K2on,
1790858962	20494	r8-K2on,
1790858964	20489	r8-K2on,
1790858965	20491	r8-K2on,
1790858966	20491	r8-K2on,
1790858967	20485	r8-K2on,
1790858968	20494	r8-K2on,
1790858969	20489	r8-K2on,
1790858970	20481	r8-K2on,
1790858971	20476	r8-K2on,
1790858972	20481	r8-K2on,
1790858973	20480	r8-K2on,
1790858974	20476	r8-K2on,
1790858975	20478	r8-K2on,
1790858976	20474	r8-K2on,
1790858977	20470	r8-K2on,
1790858978	20484	r8-K2on,
1790858979	20473	r8-K2on,
1790858980	20467	r8-K2on,
1790858981	20459	r8-K2on,
1790858982	20476	r8-K2on,
1790858983	20478	r8-K2on,
1790858984	20479	r8-K2on,
1790858985	20488	r8-K2on,
1790858986	20495	r8-K2on,
1790858987	20500	r8-K2on,
1790858988	20497	r8-K2on,
1790858989	20485	r8-K2on,
1790858990	20495	r8-K2on,
1790858991	20508	r8-K2on,
1790858992	20515	r8-K2on,
1790858993	20510	r8-K2on,
1790858994	20521	r8-K2on,
1790858995	20509	r8-K2on,
1790858996	20508	r8-K2on,
1790858997	20495	r8-K2on,
1790858998	20492	r8-K2on,
1790858999	20500	r8-K2on,
1790859000	20497	r8-K2on,
1790859002	20486	r8-K2on,
1790859003	20479	r8-K2on,
1790859004	20488	r8-K2on,
1790859005	20479	r8-K2on,
1790859006	20469	r8-K2on,
1790859007	20479	r8-K2on,
1790859008	20469	r8-K2on,
1790859009	20479	r8-K2on,
1790859010	20491	r8-K2on,
1790859011	20496	r8-K2on,
1790859012	20496	r8-K2on,
1790859013	20507	r8-K2on,
1790859014	20497	r8-K2on,
1790859015	20496	r8-K2on,
1790859016	20486	r8-K2on,
1790859017	20489	r8-K2on,
1790859018	20478	r8-K2on,
1790859019	20480	r8-K2on,
1790859020	20482	r8-K2on,
1790859021	20474	r8-K2on,
1790859022	20480	r8-K2on,
1790859023	20473	r8-K2on,
1790859024	20473	r8-K2on,
1790859025	20482	r8-K2on,
1790859026	20489	r8-K2on,
1790859027	20487	r8-K2on,
1790859028	20506	r8-K2on,
1790859029	20505	r8-K2on,
1790859030	20518	r8-K2on,
1790859031	20505	r8-K2on,
1790859032	20499	r8-K2on,
1790859033	20502	r8-K2on,
1790859034	20518	r8-K2on,
1790859035	20528	r8-K2on,
1790859036	20517	r8-K2on,
1790859037	20521	r8-K2on,
1790859038	20520	r8-K2on,
1790859040	20513	r8-K2on,
1790859041	20515	r8-K2on,
1790859042	20508	r8-K2on,
1790859043	20498	r8-K2on,
1790859044	20487	r8-K2on,
1790859045	20478	r8-K2on,
1790859046	20485	r8-K2on,
1790859047	20483	r8-K2on,
1790859048	20479	r8-K2on,
1790859049	20471	r8-K2on,
1790859050	20469	r8-K2on,
1790859051	20472	r8-K2on,
1790859052	20464	r8-K2on,
1790859053	20467	r8-K2on,
1790859054	20461	r8-K2on,
1790859055	20462	r8-K2on,
1790859056	20469	r8-K2on,
1790859057	21122	r8-K2on,
1790859058	21124	r8-K2on,
1790859059	21138	r8-K2on,
1790859060	21136	r8-K2on,
1790859061	21137	r8-K2on,
1790859062	21141	r8-K2on,
1790859063	21136	r8-K2on,
1790859064	21138	r8-K2on,
1790859065	21152	r8-K2on,
1790859066	21152	r8-K2on,
1790859067	21147	r8-K2on,
1790859068	21144	r8-K2on,
1790859069	21137	r8-K2on,
1790859070	21135	r8-K2on,
1790859071	21140	r8-K2on,
1790859072	21142	r8-K2on,
1790859073	21149	r8-K2on,
1790859074	21157	r8-K2on,
1790859075	21161	r8-K2on,
1790859076	21165	r8-K2on,
1790859078	21157	r8-K2on,
1790859079	21150	r8-K2on,
1790859080	21149	r8-K2on,
1790859081	21136	r8-K2on,
1790859082	21143	r8-K2on,
1790859083	21146	r8-K2on,
1790859084	21142	r8-K2on,
1790859085	21147	r8-K2on,
1790859086	21158	r8-K2on,
1790859087	21161	r8-K2on,
1790859088	21155	r8-K2on,
1790859089	21162	r8-K2on,
1790859090	21157	r8-K2on,
1790859091	21152	r8-K2on,
1790859092	21162	r8-K2on,
1790859093	21157	r8-K2on,
1790859094	21160	r8-K2on,
1790859095	21155	r8-K2on,
1790859096	21166	r8-K2on,
1790859097	21161	r8-K2on,
1790859098	21158	r8-K2on,
1790859099	21161	r8-K2on,
1790859100	21167	r8-K2on,
1790859101	21175	r8-K2on,
1790859102	21168	r8-K2on,
1790859103	21157	r8-K2on,
1790859104	21157	r8-K2on,
1790859105	21150	r8-K2on,
1790859106	21156	r8-K2on,
1790859107	21149	r8-K2on,
1790859108	21148	r8-K2on,
1790859109	21154	r8-K2on,
1790859110	21149	r8-K2on,
1790859111	21153	r8-K2on,
1790859112	21159	r8-K2on,
1790859113	21152	r8-K2on,
1790859114	21160	r8-K2on,
1790859116	21166	r8-K2on,
1790859117	21168	r8-K2on,
1790859118	21162	r8-K2on,
1790859119	21154	r8-K2on,
1790859120	21153	r8-K2on,
1790859121	21159	r8-K2on,
1790859122	21165	r8-K2on,
1790859123	21163	r8-K2on,
1790859124	21172	r8-K2on,
1790859125	21166	r8-K2on,
1790859126	21174	r8-K2on,
1790859127	21181	r8-K2on,
1790859128	21175	r8-K2on,
1790859129	21168	r8-K2on,
1790859130	21163	r8-K2on,
1790859131	21154	r8-K2on,
1790859132	21159	r8-K2on,
1790859133	21156	r8-K2on,
1790859134	21164	r8-K2on,
1790859135	21158	r8-K2on,
1790859136	21163	r8-K2on,
1790859137	21162	r8-K2on,
1790859138	21170	r8-K2on,
1790859139	21172	r8-K2on,
1790859140	21166	r8-K2on,
1790859141	21160	r8-K2on,
1790859142	21155	r8-K2on,
1790859143	21165	r8-K2on,
1790859144	21158	r8-K2on,
1790859145	21163	r8-K2on,
1790859146	21170	r8-K2on,
1790859147	21177	r8-K2on,
1790859148	21179	r8-K2on,
1790859149	21171	r8-K2on,
1790859150	21176	r8-K2on,
1790859151	21168	r8-K2on,
1790859152	21173	r8-K2on,
1790859153	21165	r8-K2on,
1790859155	21158	r8-K2on,
1790859156	21151	r8-K2on,
1790859157	21146	r8-K2on,
1790859158	21146	r8-K2on,
1790859159	21152	r8-K2on,
1790859160	21161	r8-K2on,
1790859161	21156	r8-K2on,
1790859162	21161	r8-K2on,
1790859163	21154	r8-K2on,
1790859164	21161	r8-K2on,
1790859165	21166	r8-K2on,
1790859166	21160	r8-K2on,
1790859167	21153	r8-K2on,
1790859168	21146	r8-K2on,
1790859169	21143	r8-K2on,
1790859170	21150	r8-K2on,
1790859171	21165	r8-K2on,
1790859172	21158	r8-K2on,
1790859173	21158	r8-K2on,
1790859174	21156	r8-K2on,
1790859175	21164	r8-K2on,
1790859176	21169	r8-K2on,
1790859177	21163	r8-K2on,
1790859178	21157	r8-K2on,
1790859179	21163	r8-K2on,
1790859180	21183	r8-K2on,
1790859181	21175	r8-K2on,
1790859182	21170	r8-K2on,
1790859183	21177	r8-K2on,
1790859184	21171	r8-K2on,
1790859185	21174	r8-K2on,
1790859186	21162	r8-K2on,
1790859187	21172	r8-K2on,
1790859188	21168	r8-K2on,
1790859189	21161	r8-K2on,
1790859190	21161	r8-K2on,
1790859191	21167	r8-K2on,
1790859193	21162	r8-K2on,
1790859194	21163	r8-K2on,
1790859195	21157	r8-K2on,
1790859196	21161	r8-K2on,
1790859197	21164	r8-K2on,
1790859198	21160	r8-K2on,
1790859199	21165	r8-K2on,
1790859200	21172	r8-K2on,
1790859201	21175	r8-K2on,
1790859202	21166	r8-K2on,
1790859203	21160	r8-K2on,
1790859204	21166	r8-K2on,
1790859205	21161	r8-K2on,
1790859206	21172	r8-K2on,
1790859207	21169	r8-K2on,
1790859208	21161	r8-K2on,
1790859209	21157	r8-K2on,
1790859210	21156	r8-K2on,
1790859211	21161	r8-K2on,
1790859212	21159	r8-K2on,
1790859213	21165	r8-K2on,
1790859214	21156	r8-K2on,
1790859215	21152	r8-K2on,
1790859216	21145	r8-K2on,
1790859217	21144	r8-K2on,
1790859218	21144	r8-K2on,
1790859219	21138	r8-K2on,
1790859220	21144	r8-K2on,
1790859221	21151	r8-K2on,
1790859222	21156	r8-K2on,
1790859223	21149	r8-K2on,
1790859224	21153	r8-K2on,
1790859225	21147	r8-K2on,
1790859226	21111	r8-K2on,
1790859227	21139	r8-K2on,
1790859228	21134	r8-K2on,
1790859229	21135	r8-K2on,
1790859231	21130	r8-K2on,
1790859232	21121	r8-K2on,
1790859233	21128	r8-K2on,
1790859234	21123	r8-K2on,
1790859235	21131	r8-K2on,
1790859236	21125	r8-K2on,
1790859237	21118	r8-K2on,
1790859238	21114	r8-K2on,
1790859239	21115	r8-K2on,
1790859240	21126	r8-K2on,
1790859241	21122	r8-K2on,
1790859242	21123	r8-K2on,
1790859243	21117	r8-K2on,
1790859244	21117	r8-K2on,
1790859245	21113	r8-K2on,
1790859246	21114	r8-K2on,
1790859247	21114	r8-K2on,
1790859248	21109	r8-K2on,
1790859249	21110	r8-K2on,
1790859250	21117	r8-K2on,
1790859251	21124	r8-K2on,
1790859252	21118	r8-K2on,
1790859253	21122	r8-K2on,
1790859254	21129	r8-K2on,
1790859255	21121	r8-K2on,
1790859256	21127	r8-K2on,
1790859257	21130	r8-K2on,
1790859258	21125	r8-K2on,
1790859259	21122	r8-K2on,
1790859260	21124	r8-K2on,
1790859261	21116	r8-K2on,
1790859262	21112	r8-K2on,
1790859263	21120	r8-K2on,
1790859264	21113	r8-K2on,
1790859265	21120	r8-K2on,
1790859266	21120	r8-K2on,
1790859267	21127	r8-K2on,
1790859268	21133	r8-K2on,
1790859270	21127	r8-K2on,
1790859271	21120	r8-K2on,
1790859272	21132	r8-K2on,
1790859273	21147	r8-K2on,
1790859274	21140	r8-K2on,
1790859275	21136	r8-K2on,
1790859276	21142	r8-K2on,
1790859277	21135	r8-K2on,
1790859278	21125	r8-K2on,
1790859279	21120	r8-K2on,
1790859280	21126	r8-K2on,
1790859281	21132	r8-K2on,
1790859282	21139	r8-K2on,
1790859283	21136	r8-K2on,
1790859284	21135	r8-K2on,
1790859285	21148	r8-K2on,
1790859286	21140	r8-K2on,
1790859287	21139	r8-K2on,
1790859288	21133	r8-K2on,
1790859289	21124	r8-K2on,
1790859290	21126	r8-K2on,
1790859291	21121	r8-K2on,
1790859292	21113	r8-K2on,
1790859293	21121	r8-K2on,
1790859294	21127	r8-K2on,
1790859295	21121	r8-K2on,
1790859296	21127	r8-K2on,
1790859297	21133	r8-K2on,
1790859298	21138	r8-K2on,
1790859299	21131	r8-K2on,
1790859300	21140	r8-K2on,
1790859301	21133	r8-K2on,
1790859302	21128	r8-K2on,
1790859303	21120	r8-K2on,
1790859304	21120	r8-K2on,
1790859305	21125	r8-K2on,
1790859306	21118	r8-K2on,
1790859308	21127	r8-K2on,
1790859309	21128	r8-K2on,
1790859310	21125	r8-K2on,
1790859311	21130	r8-K2on,
1790859312	21138	r8-K2on,
1790859313	21133	r8-K2on,
1790859314	21133	r8-K2on,
1790859315	21140	r8-K2on,
1790859316	21145	r8-K2on,
1790859317	21138	r8-K2on,
1790859318	21130	r8-K2on,
1790859319	21128	r8-K2on,
1790859320	21133	r8-K2on,
1790859321	21126	r8-K2on,
1790859322	21118	r8-K2on,
1790859323	21118	r8-K2on,
1790859324	21125	r8-K2on,
1790859325	21133	r8-K2on,
1790859326	21123	r8-K2on,
1790859327	21126	r8-K2on,
1790859328	21133	r8-K2on,
1790859329	21139	r8-K2on,
1790859330	21147	r8-K2on,
1790859331	21144	r8-K2on,
1790859332	21150	r8-K2on,
1790859333	21142	r8-K2on,
1790859334	21134	r8-K2on,
1790859335	21131	r8-K2on,
1790859336	21129	r8-K2on,
1790859337	21138	r8-K2on,
1790859338	21144	r8-K2on,
1790859339	21138	r8-K2on,
1790859340	21129	r8-K2on,
1790859341	21127	r8-K2on,
1790859342	21137	r8-K2on,
1790859343	21131	r8-K2on,
1790859344	21132	r8-K2on,
1790859346	21127	r8-K2on,
1790859347	21134	r8-K2on,
1790859348	21130	r8-K2on,
1790859349	21124	r8-K2on,
1790859350	21128	r8-K2on,
1790859351	21139	r8-K2on,
1790859352	21139	r8-K2on,
1790859353	21147	r8-K2on,
1790859354	21141	r8-K2on,
1790859355	21148	r8-K2on,
1790859356	21159	r8-K2on,
1790859357	21154	r8-K2on,
1790859358	21148	r8-K2on,
1790859359	21149	r8-K2on,
1790859360	21144	r8-K2on,
1790859361	21136	r8-K2on,
1790859362	21147	r8-K2on,
1790859363	21145	r8-K2on,
1790859364	21145	r8-K2on,
1790859365	21141	r8-K2on,
1790859366	21146	r8-K2on,
1790859367	21150	r8-K2on,
1790859368	21142	r8-K2on,
1790859369	21141	r8-K2on,
1790859370	21144	r8-K2on,
1790859371	21138	r8-K2on,
1790859372	21133	r8-K2on,
1790859373	21141	r8-K2on,
1790859374	21136	r8-K2on,
1790859375	21143	r8-K2on,
1790859376	21136	r8-K2on,
1790859377	21140	r8-K2on,
1790859378	21133	r8-K2on,
1790859379	21126	r8-K2on,
1790859380	21133	r8-K2on,
1790859381	21139	r8-K2on,
1790859382	21135	r8-K2on,
1790859384	21141	r8-K2on,
1790859385	21134	r8-K2on,
1790859386	21139	r8-K2on,
1790859387	21139	r8-K2on,
1790859388	21132	r8-K2on,
1790859389	21137	r8-K2on,
1790859390	21135	r8-K2on,
1790859391	21130	r8-K2on,
1790859392	21126	r8-K2on,
1790859393	21134	r8-K2on,
1790859394	21140	r8-K2on,
1790859395	21138	r8-K2on,
1790859396	21131	r8-K2on,
1790859397	21135	r8-K2on,
1790859398	21130	r8-K2on,
1790859399	21135	r8-K2on,
1790859400	21127	r8-K2on,
1790859401	21130	r8-K2on,
1790859402	21123	r8-K2on,
1790859403	21131	r8-K2on,
1790859404	21126	r8-K2on,
1790859405	21133	r8-K2on,
1790859406	21129	r8-K2on,
1790859407	21135	r8-K2on,
1790859408	21134	r8-K2on,
1790859409	21141	r8-K2on,
1790859410	21135	r8-K2on,
1790859411	21141	r8-K2on,
1790859412	21148	r8-K2on,
1790859413	21140	r8-K2on,
1790859414	21139	r8-K2on,
1790859415	21147	r8-K2on,
1790859416	21140	r8-K2on,
1790859417	21146	r8-K2on,
1790859418	21148	r8-K2on,
1790859419	21140	r8-K2on,
1790859420	21134	r8-K2on,
1790859422	21141	r8-K2on,
1790859423	21139	r8-K2on,
1790859424	21146	r8-K2on,
1790859425	21138	r8-K2on,
1790859426	21138	r8-K2on,
1790859427	21132	r8-K2on,
1790859428	21135	r8-K2on,
1790859429	21139	r8-K2on,
1790859430	21132	r8-K2on,
1790859431	21126	r8-K2on,
1790859432	21126	r8-K2on,
1790859433	21133	r8-K2on,
1790859434	21140	r8-K2on,
1790859435	21148	r8-K2on,
1790859436	21153	r8-K2on,
1790859437	21158	r8-K2on,
1790859438	21165	r8-K2on,
1790859439	21158	r8-K2on,
1790859440	21165	r8-K2on,
1790859441	21164	r8-K2on,
1790859442	21167	r8-K2on,
1790859443	21164	r8-K2on,
1790859444	21155	r8-K2on,
1790859445	21157	r8-K2on,
1790859446	21151	r8-K2on,
1790859447	21145	r8-K2on,
1790859448	21148	r8-K2on,
1790859449	21145	r8-K2on,
1790859450	21139	r8-K2on,
1790859451	21134	r8-K2on,
1790859452	21128	r8-K2on,
1790859453	21123	r8-K2on,
1790859454	21128	r8-K2on,
1790859455	21134	r8-K2on,
1790859456	21139	r8-K2on,
1790859457	21136	r8-K2on,
1790859458	21133	r8-K2on,
1790859460	21130	r8-K2on,
1790859461	21124	r8-K2on,
1790859462	21118	r8-K2on,
1790859463	21119	r8-K2on,
1790859464	21127	r8-K2on,
1790859465	21134	r8-K2on,
1790859466	21128	r8-K2on,
1790859467	21134	r8-K2on,
1790859468	21138	r8-K2on,
1790859469	21133	r8-K2on,
1790859470	21128	r8-K2on,
1790859471	21118	r8-K2on,
1790859472	21115	r8-K2on,
1790859473	21110	r8-K2on,
1790859474	21116	r8-K2on,
1790859475	21117	r8-K2on,
1790859476	21129	r8-K2on,
1790859477	21138	r8-K2on,
1790859478	21130	r8-K2on,
1790859479	21124	r8-K2on,
1790859480	21132	r8-K2on,
1790859481	21128	r8-K2on,
1790859482	21127	r8-K2on,
1790859483	21136	r8-K2on,
1790859484	21129	r8-K2on,
1790859485	21137	r8-K2on,
1790859486	21135	r8-K2on,
1790859487	21140	r8-K2on,
1790859488	21133	r8-K2on,
1790859489	21126	r8-K2on,
1790859490	21132	r8-K2on,
1790859491	21121	r8-K2on,
1790859492	21127	r8-K2on,
1790859493	21122	r8-K2on,
1790859494	21117	r8-K2on,
1790859495	21123	r8-K2on,
1790859496	21129	r8-K2on,
1790859498	21126	r8-K2on,
1790859499	21134	r8-K2on,
1790859500	21136	r8-K2on,
1790859501	21132	r8-K2on,
1790859502	21136	r8-K2on,
1790859503	21131	r8-K2on,
1790859504	21132	r8-K2on,
1790859505	21125	r8-K2on,
1790859506	21127	r8-K2on,
1790859507	21120	r8-K2on,
1790859508	21130	r8-K2on,
1790859509	21137	r8-K2on,
1790859510	21134	r8-K2on,
1790859511	21135	r8-K2on,
1790859512	21131	r8-K2on,
1790859513	21140	r8-K2on,
1790859514	21146	r8-K2on,
1790859515	21141	r8-K2on,
1790859516	21137	r8-K2on,
1790859517	21133	r8-K2on,
1790859518	21134	r8-K2on,
1790859519	21109	r8-K2on,
1790859520	21103	r8-K2on,
1790859521	21095	r8-K2on,
1790859522	21073	r8-K2on,
1790859523	21073	r8-K2on,
1790859524	21080	r8-K2on,
1790859525	21088	r8-K2on,
1790859526	21093	r8-K2on,
1790859527	21100	r8-K2on,
1790859528	21021	r8-K2on,
1790859529	21015	r8-K2on,
1790859530	21006	r8-K2on,
1790859531	21044	r8-K2on,
1790859532	21024	r8-K2on,
1790859533	21003	r8-K2on,
1790859534	20989	r8-K2on,
1790859536	20998	r8-K2on,
1790859537	20993	r8-K2on,
1790859538	20986	r8-K2on,
1790859539	20986	r8-K2on,
1790859540	20992	r8-K2on,
1790859541	21001	r8-K2on,
1790859542	21006	r8-K2on,
1790859543	21026	r8-K2on,
1790859544	21021	r8-K2on,
1790859545	21038	r8-K2on,
1790859546	21031	r8-K2on,
1790859547	21033	r8-K2on,
1790859548	21031	r8-K2on,
1790859549	21029	r8-K2on,
1790859550	21017	r8-K2on,
1790859551	21013	r8-K2on,
1790859552	20998	r8-K2on,
1790859553	21021	r8-K2on,
1790859554	21035	r8-K2on,
1790859555	21046	r8-K2on,
1790859556	21022	r8-K2on,
1790859557	21005	r8-K2on,
1790859558	21008	r8-K2on,
1790859559	21003	r8-K2on,
1790859560	21016	r8-K2on,
1790859561	21018	r8-K2on,
1790859562	21010	r8-K2on,
1790859563	21003	r8-K2on,
1790859564	21016	r8-K2on,
1790859565	21023	r8-K2on,
1790859566	21032	r8-K2on,
1790859567	21021	r8-K2on,
1790859568	21015	r8-K2on,
1790859569	21011	r8-K2on,
1790859570	21009	r8-K2on,
1790859571	21019	r8-K2on,
1790859572	21027	r8-K2on,
1790859573	21023	r8-K2on,
1790859575	21026	r8-K2on,
1790859576	21037	r8-K2on,
1790859577	21037	r8-K2on,
1790859578	21039	r8-K2on,
1790859579	21021	r8-K2on,
1790859580	21039	r8-K2on,
1790859581	21039	r8-K2on,
1790859582	21044	r8-K2on,
1790859583	21035	r8-K2on,
1790859584	21020	r8-K2on,
1790859585	21027	r8-K2on,
1790859586	21015	r8-K2on,
1790859587	21030	r8-K2on,
1790859588	21037	r8-K2on,
1790859589	21051	r8-K2on,
1790859590	21032	r8-K2on,
1790859591	21030	r8-K2on,
1790859592	21040	r8-K2on,
1790859593	20981	r8-K2on,
1790859594	20982	r8-K2on,
1790859595	20996	r8-K2on,
1790859596	21005	r8-K2on,
1790859597	21016	r8-K2on,
1790859598	21027	r8-K2on,
1790859599	21036	r8-K2on,
1790859600	21038	r8-K2on,
1790859601	21049	r8-K2on,
1790859602	21052	r8-K2on,
1790859603	21059	r8-K2on,
1790859604	21068	r8-K2on,
1790859605	21078	r8-K2on,
1790859606	21075	r8-K2on,
1790859607	21074	r8-K2on,
1790859608	21080	r8-K2on,
1790859609	21089	r8-K2on,
1790859610	21098	r8-K2on,
1790859611	21105	r8-K2on,
1790859612	21098	r8-K2on,
1790859614	21099	r8-K2on,
1790859615	21106	r8-K2on,
1790859616	21113	r8-K2on,
1790859617	21105	r8-K2on,
1790859618	21107	r8-K2on,
1790859619	21104	r8-K2on,
1790859620	21105	r8-K2on,
1790859621	21101	r8-K2on,
1790859622	21099	r8-K2on,
1790859623	21108	r8-K2on,
1790859624	21101	r8-K2on,
1790859625	21102	r8-K2on,
1790859626	21109	r8-K2on,
1790859627	21101	r8-K2on,
1790859628	21095	r8-K2on,
1790859629	21102	r8-K2on,
1790859630	21106	r8-K2on,
1790859631	21108	r8-K2on,
1790859632	21106	r8-K2on,
1790859633	21101	r8-K2on,
1790859634	21099	r8-K2on,
1790859635	21094	r8-K2on,
1790859636	21099	r8-K2on,
1790859637	21096	r8-K2on,
1790859638	21103	r8-K2on,
1790859639	21102	r8-K2on,
1790859640	21120	r8-K2on,
1790859641	21107	r8-K2on,
1790859642	21076	r8-K2on,
1790859643	21059	r8-K2on,
1790859644	21062	r8-K2on,
1790859645	21069	r8-K2on,
1790859646	21082	r8-K2on,
1790859647	21089	r8-K2on,
1790859648	21094	r8-K2on,
1790859649	21097	r8-K2on,
1790859650	21103	r8-K2on,
1790859651	21110	r8-K2on,
1790859653	21104	r8-K2on,
1790859654	21112	r8-K2on,
1790859655	21118	r8-K2on,
1790859656	21111	r8-K2on,
1790859657	21117	r8-K2on,
1790859658	21112	r8-K2on,
1790859659	21111	r8-K2on,
1790859660	21115	r8-K2on,
1790859661	21120	r8-K2on,
1790859662	21127	r8-K2on,
1790859663	21120	r8-K2on,
1790859664	21112	r8-K2on,
1790859665	21102	r8-K2on,
1790859666	21110	r8-K2on,
1790859667	21108	r8-K2on,
1790859668	21113	r8-K2on,
1790859669	21119	r8-K2on,
1790859670	21118	r8-K2on,
1790859671	21110	r8-K2on,
1790859672	21114	r8-K2on,
1790859673	21110	r8-K2on,
1790859674	21118	r8-K2on,
1790859675	21121	r8-K2on,
1790859676	21114	r8-K2on,
1790859677	21115	r8-K2on,
1790859678	21117	r8-K2on,
1790859679	21121	r8-K2on,
1790859680	21113	r8-K2on,
1790859681	21116	r8-K2on,
1790859682	21118	r8-K2on,
1790859683	21133	r8-K2on,
1790859684	21139	r8-K2on,
1790859685	21136	r8-K2on,
1790859686	21131	r8-K2on,
1790859687	21123	r8-K2on,
1790859688	21116	r8-K2on,
1790859689	21109	r8-K2on,
1790859691	21113	r8-K2on,
1790859692	21102	r8-K2on,
1790859693	21104	r8-K2on,
1790859694	21111	r8-K2on,
1790859695	21112	r8-K2on,
1790859696	21113	r8-K2on,
1790859697	21117	r8-K2on,
1790859698	21114	r8-K2on,
1790859699	21115	r8-K2on,
1790859700	21120	r8-K2on,
1790859701	21114	r8-K2on,
1790859702	21110	r8-K2on,
1790859703	21113	r8-K2on,
1790859704	21114	r8-K2on,
1790859705	21121	r8-K2on,
1790859706	21126	r8-K2on,
1790859707	21126	r8-K2on,
1790859708	21132	r8-K2on,
1790859709	21124	r8-K2on,
1790859710	21121	r8-K2on,
1790859711	21113	r8-K2on,
1790859712	21106	r8-K2on,
1790859713	21101	r8-K2on,
1790859714	21107	r8-K2on,
1790859715	21114	r8-K2on,
1790859716	21124	r8-K2on,
1790859717	21119	r8-K2on,
1790859718	21112	r8-K2on,
1790859719	21114	r8-K2on,
1790859720	21122	r8-K2on,
1790859721	21115	r8-K2on,
1790859722	21108	r8-K2on,
1790859723	21111	r8-K2on,
1790859724	21118	r8-K2on,
1790859725	21123	r8-K2on,
1790859726	21116	r8-K2on,
1790859727	21120	r8-K2on,
1790859728	21115	r8-K2on,
1790859730	21106	r8-K2on,
1790859731	21099	r8-K2on,
1790859732	21107	r8-K2on,
1790859733	21107	r8-K2on,
1790859734	21101	r8-K2on,
1790859735	21102	r8-K2on,
1790859736	21094	r8-K2on,
1790859737	21097	r8-K2on,
1790859738	21092	r8-K2on,
1790859739	21097	r8-K2on,
1790859740	21093	r8-K2on,
1790859741	21101	r8-K2on,
1790859742	21107	r8-K2on,
1790859743	21114	r8-K2on,
1790859744	21105	r8-K2on,
1790859745	21113	r8-K2on,
1790859746	21117	r8-K2on,
1790859747	21110	r8-K2on,
1790859748	21117	r8-K2on,
1790859749	21111	r8-K2on,
1790859750	21105	r8-K2on,
1790859751	21114	r8-K2on,
1790859752	21121	r8-K2on,
1790859753	21117	r8-K2on,
1790859754	21111	r8-K2on,
1790859755	21106	r8-K2on,
1790859756	21099	r8-K2on,
1790859757	21093	r8-K2on,
1790859758	21108	r8-K2on,
1790859759	21119	r8-K2on,
1790859760	21125	r8-K2on,
1790859761	21124	r8-K2on,
1790859762	21118	r8-K2on,
1790859763	21120	r8-K2on,
1790859764	21115	r8-K2on,
1790859765	21114	r8-K2on,
1790859766	21121	r8-K2on,
1790859767	21125	r8-K2on,
1790859769	21116	r8-K2on,
1790859770	21120	r8-K2on,
1790859771	21117	r8-K2on,
1790859772	21114	r8-K2on,
1790859773	21128	r8-K2on,
1790859774	21135	r8-K2on,
1790859775	21136	r8-K2on,
1790859776	21136	r8-K2on,
1790859777	21143	r8-K2on,
1790859778	21136	r8-K2on,
1790859779	21138	r8-K2on,
1790859780	21132	r8-K2on,
1790859781	21125	r8-K2on,
1790859782	21120	r8-K2on,
1790859783	21127	r8-K2on,
1790859784	21133	r8-K2on,
1790859785	21121	r8-K2on,
1790859786	21127	r8-K2on,
1790859787	21121	r8-K2on,
1790859788	21116	r8-K2on,
1790859789	21124	r8-K2on,
1790859790	21118	r8-K2on,
1790859791	21111	r8-K2on,
1790859792	21105	r8-K2on,
1790859793	21109	r8-K2on,
1790859794	21119	r8-K2on,
1790859795	21120	r8-K2on,
1790859796	21112	r8-K2on,
1790859797	21115	r8-K2on,
1790859798	21118	r8-K2on,
1790859799	21110	r8-K2on,
1790859800	21103	r8-K2on,
1790859801	21110	r8-K2on,
1790859802	21110	r8-K2on,
1790859803	21115	r8-K2on,
1790859804	21117	r8-K2on,
1790859806	21124	r8-K2on,
1790859807	21131	r8-K2on,
1790859808	21143	r8-K2on,
1790859809	21135	r8-K2on,
1790859810	21135	r8-K2on,
1790859811	21130	r8-K2on,
1790859812	21137	r8-K2on,
1790859813	21135	r8-K2on,
1790859814	21133	r8-K2on,
1790859815	21141	r8-K2on,
1790859816	21134	r8-K2on,
1790859817	21133	r8-K2on,
1790859818	21139	r8-K2on,
1790859819	21133	r8-K2on,
1790859820	21127	r8-K2on,
1790859821	21121	r8-K2on,
1790859822	21129	r8-K2on,
1790859823	21137	r8-K2on,
1790859824	21143	r8-K2on,
1790859825	21139	r8-K2on,
1790859826	21150	r8-K2on,
1790859827	21154	r8-K2on,
1790859828	21153	r8-K2on,
1790859829	21141	r8-K2on,
1790859830	21137	r8-K2on,
1790859831	21138	r8-K2on,
1790859832	21142	r8-K2on,
1790859833	21140	r8-K2on,
1790859834	21134	r8-K2on,
1790859835	21142	r8-K2on,
1790859836	21134	r8-K2on,
1790859837	21126	r8-K2on,
1790859838	21133	r8-K2on,
1790859839	21138	r8-K2on,
1790859840	21133	r8-K2on,
1790859841	21126	r8-K2on,
1790859842	21117	r8-K2on,
1790859844	21124	r8-K2on,
1790859845	21119	r8-K2on,
1790859846	21124	r8-K2on,
1790859847	21131	r8-K2on,
1790859848	21135	r8-K2on,
1790859849	21133	r8-K2on,
1790859850	21125	r8-K2on,
1790859851	21121	r8-K2on,
1790859852	21128	r8-K2on,
1790859853	21119	r8-K2on,
1790859854	21116	r8-K2on,
1790859855	21107	r8-K2on,
1790859856	21105	r8-K2on,
1790859857	21104	r8-K2on,
1790859858	21104	r8-K2on,
1790859859	21110	r8-K2on,
1790859860	21110	r8-K2on,
1790859861	21115	r8-K2on,
1790859862	21110	r8-K2on,
1790859863	21102	r8-K2on,
1790859864	21102	r8-K2on,
1790859865	21109	r8-K2on,
1790859866	21116	r8-K2on,
1790859867	21113	r8-K2on,
1790859868	21114	r8-K2on,
1790859869	21108	r8-K2on,
1790859870	21102	r8-K2on,
1790859871	21120	r8-K2on,
1790859872	21117	r8-K2on,
1790859873	21112	r8-K2on,
1790859874	21115	r8-K2on,
1790859875	21113	r8-K2on,
1790859876	21120	r8-K2on,
1790859877	21116	r8-K2on,
1790859878	21123	r8-K2on,
1790859879	21128	r8-K2on,
1790859880	21123	r8-K2on,
1790859882	21120	r8-K2on,
1790859883	21125	r8-K2on,
1790859884	21131	r8-K2on,
1790859885	21138	r8-K2on,
1790859886	21142	r8-K2on,
1790859887	21134	r8-K2on,
1790859888	21142	r8-K2on,
1790859889	21134	r8-K2on,
1790859890	21140	r8-K2on,
1790859891	21144	r8-K2on,
1790859892	21143	r8-K2on,
1790859893	21137	r8-K2on,
1790859894	21134	r8-K2on,
1790859895	21141	r8-K2on,
1790859896	21146	r8-K2on,
1790859897	21151	r8-K2on,
1790859898	21158	r8-K2on,
1790859899	21150	r8-K2on,
1790859900	21144	r8-K2on,
1790859901	21135	r8-K2on,
1790859902	21142	r8-K2on,
1790859903	21141	r8-K2on,
1790859904	21141	r8-K2on,
1790859905	21138	r8-K2on,
1790859906	21133	r8-K2on,
1790859907	21124	r8-K2on,
1790859908	21130	r8-K2on,
1790859909	21128	r8-K2on,
1790859910	21136	r8-K2on,
1790859911	21141	r8-K2on,
1790859912	21147	r8-K2on,
1790859913	21151	r8-K2on,
1790859914	21143	r8-K2on,
1790859915	21150	r8-K2on,
1790859916	21143	r8-K2on,
1790859917	21143	r8-K2on,
1790859918	21150	r8-K2on,
1790859920	21154	r8-K2on,
1790859921	21148	r8-K2on,
1790859922	21140	r8-K2on,
1790859923	21134	r8-K2on,
1790859924	21127	r8-K2on,
1790859925	21128	r8-K2on,
1790859926	21124	r8-K2on,
1790859927	21132	r8-K2on,
1790859928	21133	r8-K2on,
1790859929	21139	r8-K2on,
1790859930	21131	r8-K2on,
1790859931	21126	r8-K2on,
1790859932	21125	r8-K2on,
1790859933	21131	r8-K2on,
1790859934	21136	r8-K2on,
1790859935	21139	r8-K2on,
1790859936	21131	r8-K2on,
1790859937	21125	r8-K2on,
1790859938	21130	r8-K2on,
1790859939	21125	r8-K2on,
1790859940	21124	r8-K2on,
1790859941	21127	r8-K2on,
1790859942	21132	r8-K2on,
1790859943	21136	r8-K2on,
1790859944	21144	r8-K2on,
1790859945	21140	r8-K2on,
1790859946	21134	r8-K2on,
1790859947	21142	r8-K2on,
1790859948	21138	r8-K2on,
1790859949	21133	r8-K2on,
1790859950	21125	r8-K2on,
1790859951	21128	r8-K2on,
1790859952	21122	r8-K2on,
1790859953	21122	r8-K2on,
1790859954	21116	r8-K2on,
1790859955	21117	r8-K2on,
1790859956	21116	r8-K2on,
1790859958	21114	r8-K2on,
1790859959	21126	r8-K2on,
1790859960	21125	r8-K2on,
1790859961	21130	r8-K2on,
1790859962	21137	r8-K2on,
1790859963	21134	r8-K2on,
1790859964	21140	r8-K2on,
1790859965	21132	r8-K2on,
1790859966	21137	r8-K2on,
1790859967	21129	r8-K2on,
1790859968	21130	r8-K2on,
1790859969	21126	r8-K2on,
1790859970	21132	r8-K2on,
1790859971	21142	r8-K2on,
1790859972	21142	r8-K2on,
1790859973	21136	r8-K2on,
1790859974	21129	r8-K2on,
1790859975	21123	r8-K2on,
1790859976	21116	r8-K2on,
1790859977	21126	r8-K2on,
1790859978	21134	r8-K2on,
1790859979	21135	r8-K2on,
1790859980	21142	r8-K2on,
1790859981	21137	r8-K2on,
1790859982	21142	r8-K2on,
1790859983	21144	r8-K2on,
1790859984	21138	r8-K2on,
1790859985	21134	r8-K2on,
1790859986	21132	r8-K2on,
1790859987	21132	r8-K2on,
1790859988	21128	r8-K2on,
1790859989	21126	r8-K2on,
1790859990	21129	r8-K2on,
1790859991	21123	r8-K2on,
1790859992	21121	r8-K2on,
1790859993	21123	r8-K2on,
1790859994	21129	r8-K2on,
1790859995	21124	r8-K2on,
1790859997	21124	r8-K2on,
1790859998	21119	r8-K2on,
1790859999	21130	r8-K2on,
1790860000	21123	r8-K2on,
1790860001	21131	r8-K2on,
1790860002	21127	r8-K2on,
1790860003	21129	r8-K2on,
1790860004	21120	r8-K2on,
1790860005	21128	r8-K2on,
1790860006	21126	r8-K2on,
1790860007	21116	r8-K2on,
1790860008	21112	r8-K2on,
1790860009	21118	r8-K2on,
1790860010	21114	r8-K2on,
1790860011	21122	r8-K2on,
1790860012	21132	r8-K2on,
1790860013	21129	r8-K2on,
1790860014	21123	r8-K2on,
1790860015	21130	r8-K2on,
1790860016	21134	r8-K2on,
1790860017	21127	r8-K2on,
1790860018	21126	r8-K2on,
1790860019	21126	r8-K2on,
1790860020	21120	r8-K2on,
1790860021	21123	r8-K2on,
1790860022	21138	r8-K2on,
1790860023	21143	r8-K2on,
1790860024	21139	r8-K2on,
1790860025	21137	r8-K2on,
1790860026	21136	r8-K2on,
1790860027	21132	r8-K2on,
1790860028	21124	r8-K2on,
1790860029	21126	r8-K2on,
1790860030	21133	r8-K2on,
1790860031	21139	r8-K2on,
1790860032	21145	r8-K2on,
1790860033	21150	r8-K2on,
1790860035	21143	r8-K2on,
1790860036	21140	r8-K2on,
1790860037	21141	r8-K2on,
1790860038	21136	r8-K2on,
1790860039	21136	r8-K2on,
1790860040	21143	r8-K2on,
1790860041	21138	r8-K2on,
1790860042	21137	r8-K2on,
1790860043	21128	r8-K2on,
1790860044	21122	r8-K2on,
1790860045	21125	r8-K2on,
1790860046	21124	r8-K2on,
1790860047	21125	r8-K2on,
1790860048	21121	r8-K2on,
1790860049	21120	r8-K2on,
1790860050	21126	r8-K2on,
1790860051	21128	r8-K2on,
1790860052	21115	r8-K2on,
1790860053	21108	r8-K2on,
1790860054	21104	r8-K2on,
1790860055	21106	r8-K2on,
1790860056	21108	r8-K2on,
1790860057	21110	r8-K2on,
1790860058	21105	r8-K2on,
1790860059	21113	r8-K2on,
1790860060	21120	r8-K2on,
1790860061	21128	r8-K2on,
1790860062	21122	r8-K2on,
1790860063	21120	r8-K2on,
1790860064	21129	r8-K2on,
1790860065	21126	r8-K2on,
1790860066	21133	r8-K2on,
1790860067	21123	r8-K2on,
1790860068	21122	r8-K2on,
1790860069	21120	r8-K2on,
1790860070	21126	r8-K2on,
1790860071	21136	r8-K2on,
1790860073	21130	r8-K2on,
1790860074	21125	r8-K2on,
1790860075	21132	r8-K2on,
1790860076	21139	r8-K2on,
1790860077	21130	r8-K2on,
1790860078	21130	r8-K2on,
1790860079	21126	r8-K2on,
1790860080	21125	r8-K2on,
1790860081	21132	r8-K2on,
1790860082	21129	r8-K2on,
1790860083	21123	r8-K2on,
1790860084	21124	r8-K2on,
1790860085	21120	r8-K2on,
1790860086	21126	r8-K2on,
1790860087	21127	r8-K2on,
1790860088	21122	r8-K2on,
1790860089	21121	r8-K2on,
1790860090	21121	r8-K2on,
1790860091	21117	r8-K2on,
1790860092	21112	r8-K2on,
1790860093	21120	r8-K2on,
1790860094	21113	r8-K2on,
1790860095	21120	r8-K2on,
1790860096	21112	r8-K2on,
1790860097	21122	r8-K2on,
1790860098	21125	r8-K2on,
1790860099	21126	r8-K2on,
1790860100	21117	r8-K2on,
1790860101	21124	r8-K2on,
1790860102	21130	r8-K2on,
1790860103	21122	r8-K2on,
1790860104	21114	r8-K2on,
1790860105	21126	r8-K2on,
1790860106	21127	r8-K2on,
1790860107	21120	r8-K2on,
1790860108	21112	r8-K2on,
1790860109	21106	r8-K2on,
1790860110	21114	r8-K2on,
1790860112	21119	r8-K2on,
1790860113	21127	r8-K2on,
1790860114	21120	r8-K2on,
1790860115	21114	r8-K2on,
1790860116	21114	r8-K2on,
1790860117	21122	r8-K2on,
1790860118	21123	r8-K2on,
1790860119	21116	r8-K2on,
1790860120	21128	r8-K2on,
1790860121	21122	r8-K2on,
1790860122	21122	r8-K2on,
1790860123	21128	r8-K2on,
1790860124	21124	r8-K2on,
1790860125	21123	r8-K2on,
1790860126	21117	r8-K2on,
1790860127	21118	r8-K2on,
1790860128	21126	r8-K2on,
1790860129	21131	r8-K2on,
1790860130	21126	r8-K2on,
1790860131	21126	r8-K2on,
1790860132	21136	r8-K2on,
1790860133	21136	r8-K2on,
1790860134	21142	r8-K2on,
1790860135	21149	r8-K2on,
1790860136	21142	r8-K2on,
1790860137	21150	r8-K2on,
1790860138	21140	r8-K2on,
1790860139	21135	r8-K2on,
1790860140	21131	r8-K2on,
1790860141	21130	r8-K2on,
1790860142	21126	r8-K2on,
1790860143	21127	r8-K2on,
1790860144	21136	r8-K2on,
1790860145	21146	r8-K2on,
1790860146	21141	r8-K2on,
1790860147	21147	r8-K2on,
1790860148	21140	r8-K2on,
1790860150	21140	r8-K2on,
1790860151	21133	r8-K2on,
1790860152	21127	r8-K2on,
1790860153	21126	r8-K2on,
1790860154	21121	r8-K2on,
1790860155	21119	r8-K2on,
1790860156	21126	r8-K2on,
1790860157	21121	r8-K2on,
1790860158	21116	r8-K2on,
1790860159	21123	r8-K2on,
1790860160	21119	r8-K2on,
1790860161	21115	r8-K2on,
1790860162	21117	r8-K2on,
1790860163	21107	r8-K2on,
1790860164	21114	r8-K2on,
1790860165	21117	r8-K2on,
1790860166	21120	r8-K2on,
1790860167	21113	r8-K2on,
1790860168	21121	r8-K2on,
1790860169	21115	r8-K2on,
1790860170	21111	r8-K2on,
1790860171	21115	r8-K2on,
1790860172	21123	r8-K2on,
1790860173	21119	r8-K2on,
1790860174	21113	r8-K2on,
1790860175	21110	r8-K2on,
1790860176	21103	r8-K2on,
1790860177	21102	r8-K2on,
1790860178	21114	r8-K2on,
1790860179	21121	r8-K2on,
1790860180	21119	r8-K2on,
1790860181	21115	r8-K2on,
1790860182	21122	r8-K2on,
1790860183	21121	r8-K2on,
1790860184	21126	r8-K2on,
1790860185	21130	r8-K2on,
1790860186	21125	r8-K2on,
1790860187	21117	r8-K2on,
1790860189	21109	r8-K2on,
1790860190	21109	r8-K2on,
1790860191	21103	r8-K2on,
1790860192	21112	r8-K2on,
1790860193	21110	r8-K2on,
1790860194	21117	r8-K2on,
1790860195	21127	r8-K2on,
1790860196	21124	r8-K2on,
1790860197	21121	r8-K2on,
1790860198	21128	r8-K2on,
1790860199	21121	r8-K2on,
1790860200	21115	r8-K2on,
1790860201	21119	r8-K2on,
1790860202	21114	r8-K2on,
1790860203	21118	r8-K2on,
1790860204	21129	r8-K2on,
1790860205	21125	r8-K2on,
1790860206	21129	r8-K2on,
1790860207	21125	r8-K2on,
1790860208	21119	r8-K2on,
1790860209	21127	r8-K2on,
1790860210	21121	r8-K2on,
1790860211	21119	r8-K2on,
1790860212	21114	r8-K2on,
1790860213	21122	r8-K2on,
1790860214	21119	r8-K2on,
1790860215	21113	r8-K2on,
1790860216	21107	r8-K2on,
1790860217	21114	r8-K2on,
1790860218	21108	r8-K2on,
1790860219	21115	r8-K2on,
1790860220	21121	r8-K2on,
1790860221	21133	r8-K2on,
1790860222	21127	r8-K2on,
1790860223	21123	r8-K2on,
1790860224	21122	r8-K2on,
1790860226	21128	r8-K2on,
1790860227	21128	r8-K2on,
1790860228	21125	r8-K2on,
1790860229	21118	r8-K2on,
1790860230	21118	r8-K2on,
1790860231	21112	r8-K2on,
1790860232	21113	r8-K2on,
1790860233	21118	r8-K2on,
1790860234	21114	r8-K2on,
1790860235	21109	r8-K2on,
1790860236	21104	r8-K2on,
1790860237	21112	r8-K2on,
1790860238	21118	r8-K2on,
1790860239	21125	r8-K2on,
1790860240	21131	r8-K2on,
1790860241	21140	r8-K2on,
1790860242	21133	r8-K2on,
1790860243	21133	r8-K2on,
1790860244	21127	r8-K2on,
1790860245	21120	r8-K2on,
1790860246	21129	r8-K2on,
1790860247	21133	r8-K2on,
1790860248	21133	r8-K2on,
1790860249	21125	r8-K2on,
1790860250	21134	r8-K2on,
1790860251	21130	r8-K2on,
1790860252	21133	r8-K2on,
1790860253	21128	r8-K2on,
1790860254	21134	r8-K2on,
1790860255	21130	r8-K2on,
1790860256	21138	r8-K2on,
1790860257	21144	r8-K2on,
1790860258	21133	r8-K2on,
1790860259	21136	r8-K2on,
1790860260	21145	r8-K2on,
1790860261	21139	r8-K2on,
1790860262	21145	r8-K2on,
1790860264	21149	r8-K2on,
1790860265	21145	r8-K2on,
1790860266	21138	r8-K2on,
1790860267	21142	r8-K2on,
1790860268	21138	r8-K2on,
1790860269	21146	r8-K2on,
1790860270	21142	r8-K2on,
1790860271	21148	r8-K2on,
1790860272	21143	r8-K2on,
1790860273	21150	r8-K2on,
1790860274	21155	r8-K2on,
1790860275	21158	r8-K2on,
1790860276	21159	r8-K2on,
1790860277	21152	r8-K2on,
1790860278	21153	r8-K2on,
1790860279	21147	r8-K2on,
1790860280	21151	r8-K2on,
1790860281	21145	r8-K2on,
1790860282	21136	r8-K2on,
1790860283	21131	r8-K2on,
1790860284	21126	r8-K2on,
1790860285	21140	r8-K2on,
1790860286	21137	r8-K2on,
1790860287	21130	r8-K2on,
1790860288	21124	r8-K2on,
1790860289	21133	r8-K2on,
1790860290	21136	r8-K2on,
1790860291	21139	r8-K2on,
1790860292	21134	r8-K2on,
1790860293	21133	r8-K2on,
1790860294	21138	r8-K2on,
1790860295	21144	r8-K2on,
1790860296	21149	r8-K2on,
1790860297	21154	r8-K2on,
1790860298	21148	r8-K2on,
1790860299	21140	r8-K2on,
1790860301	21145	r8-K2on,
1790860302	21144	r8-K2on,
1790860303	21141	r8-K2on,
1790860304	21149	r8-K2on,
1790860305	21142	r8-K2on,
1790860306	21134	r8-K2on,
1790860307	21141	r8-K2on,
1790860308	21139	r8-K2on,
1790860309	21145	r8-K2on,
1790860310	21140	r8-K2on,
1790860311	21136	r8-K2on,
1790860312	21138	r8-K2on,
1790860313	21136	r8-K2on,
1790860314	21132	r8-K2on,
1790860315	21126	r8-K2on,
1790860316	21119	r8-K2on,
1790860317	21127	r8-K2on,
1790860318	21125	r8-K2on,
1790860319	21135	r8-K2on,
1790860320	21127	r8-K2on,
1790860321	21123	r8-K2on,
1790860322	21120	r8-K2on,
1790860323	21120	r8-K2on,
1790860324	21127	r8-K2on,
1790860325	21121	r8-K2on,
1790860326	21123	r8-K2on,
1790860327	21130	r8-K2on,
1790860328	21124	r8-K2on,
1790860329	21132	r8-K2on,
1790860330	21141	r8-K2on,
1790860331	21134	r8-K2on,
1790860332	21141	r8-K2on,
1790860333	21134	r8-K2on,
1790860334	21132	r8-K2on,
1790860335	21125	r8-K2on,
1790860336	21132	r8-K2on,
1790860337	21126	r8-K2on,
1790860339	21118	r8-K2on,
1790860340	21125	r8-K2on,
1790860341	21119	r8-K2on,
1790860342	21126	r8-K2on,
1790860343	21121	r8-K2on,
1790860344	21144	r8-K2on,
1790860345	21136	r8-K2on,
1790860346	21136	r8-K2on,
1790860347	21127	r8-K2on,
1790860348	21119	r8-K2on,
1790860349	21114	r8-K2on,
1790860350	21121	r8-K2on,
1790860351	21123	r8-K2on,
1790860352	21127	r8-K2on,
1790860353	21124	r8-K2on,
1790860354	21136	r8-K2on,
1790860355	21128	r8-K2on,
1790860356	21128	r8-K2on,
1790860357	21132	r8-K2on,
1790860358	21141	r8-K2on,
1790860359	21136	r8-K2on,
1790860360	21134	r8-K2on,
1790860361	21142	r8-K2on,
1790860362	21135	r8-K2on,
1790860363	21137	r8-K2on,
1790860364	21168	r8-K2on,
1790860365	20432	r8-K2on,
1790860366	20439	r8-K2on,
1790860367	20409	r8-K2on,
1790860368	20402	r8-K2on,
1790860369	20413	r8-K2on,
1790860370	20415	r8-K2on,
1790860371	20424	r8-K2on,
1790860372	20425	r8-K2on,
1790860373	20435	r8-K2on,
1790860374	20433	r8-K2on,
1790860375	20430	r8-K2on,
1790860376	20435	r8-K2on,
1790860378	20442	r8-K2on,
1790860379	20452	r8-K2on,
1790860380	20451	r8-K2on,
1790860381	20447	r8-K2on,
1790860382	20442	r8-K2on,
1790860383	20437	r8-K2on,
1790860384	20434	r8-K2on,
1790860385	20421	r8-K2on,
1790860386	20428	r8-K2on,
1790860387	20424	r8-K2on,
1790860388	20430	r8-K2on,
1790860389	20446	r8-K2on,
1790860390	20453	r8-K2on,
1790860391	20445	r8-K2on,
1790860392	20442	r8-K2on,
1790860393	20447	r8-K2on,
1790860394	20435	r8-K2on,
1790860395	20426	r8-K2on,
1790860396	20428	r8-K2on,
1790860397	20423	r8-K2on,
1790860398	20423	r8-K2on,
1790860399	20422	r8-K2on,
1790860400	20421	r8-K2on,
1790860401	20416	r8-K2on,
1790860402	20408	r8-K2on,
1790860403	20404	r8-K2on,
1790860404	20401	r8-K2on,
1790860405	20402	r8-K2on,
1790860406	20406	r8-K2on,
1790860407	20401	r8-K2on,
1790860408	20394	r8-K2on,
1790860409	20411	r8-K2on,
1790860410	20406	r8-K2on,
1790860411	20412	r8-K2on,
1790860412	20413	r8-K2on,
1790860413	20411	r8-K2on,
1790860414	20420	r8-K2on,
1790860415	20412	r8-K2on,
1790860416	20419	r8-K2on,
1790860417	20409	r8-K2on,
1790860418	20411	r8-K2on,
1790860419	20409	r8-K2on,
1790860420	20408	r8-K2on,
1790860422	20399	r8-K2on,
1790860423	20396	r8-K2on,
1790860424	20399	r8-K2on,
1790860425	20404	r8-K2on,
1790860426	20411	r8-K2on,
1790860427	20405	r8-K2on,
1790860428	20398	r8-K2on,
1790860429	20394	r8-K2on,
1790860430	20492	r8-K2on,
1790860431	20483	r8-K2on,
1790860432	20477	r8-K2on,
1790860433	20470	r8-K2on,
1790860434	20469	r8-K2on,
1790860435	20472	r8-K2on,
1790860436	20473	r8-K2on,
1790860437	20464	r8-K2on,
1790860438	20455	r8-K2on,
1790860439	20444	r8-K2on,
1790860440	20468	r8-K2on,
1790860441	20458	r8-K2on,
1790860442	20443	r8-K2on,
1790860443	20434	r8-K2on,
1790860444	20489	r8-K2on,
1790860445	20476	r8-K2on,
1790860446	20459	r8-K2on,
1790860447	20444	r8-K2on,
1790860448	20484	r8-K2on,
1790860449	20476	r8-K2on,
1790860450	20444	r8-K2on,
1790860451	20297	r8-K2on,
1790860452	20190	r8-K2on,
1790860453	20105	r8-K2on,
1790860454	20062	r8-K2on,
1790860455	19991	r8-K2on,
1790860456	19935	r8-K2on,
1790860457	19895	r8-K2on,
1790860458	19859	r8-K2on,
1790860459	19823	r8-K2on,
1790860460	19816	r8-K2on,
1790860461	19796	r8-K2on,
1790860462	19788	r8-K2on,
1790860463	19782	r8-K2on,
1790860465	19791	r8-K2on,
1790860466	19801	r8-K2on,
1790860467	19795	r8-K2on,
1790860468	19785	r8-K2on,
1790860469	19789	r8-K2on,
1790860470	19789	r8-K2on,
1790860471	19784	r8-K2on,
1790860472	19766	r8-K2on,
1790860473	19768	r8-K2on,
1790860474	19771	r8-K2on,
1790860475	19767	r8-K2on,
1790860476	19779	r8-K2on,
1790860477	19779	r8-K2on,
1790860478	19773	r8-K2on,
1790860479	19769	r8-K2on,
1790860480	19768	r8-K2on,
1790860481	19775	r8-K2on,
1790860482	19780	r8-K2on,
1790860483	19780	r8-K2on,
1790860484	19771	r8-K2on,
1790860485	19773	r8-K2on,
1790860486	19773	r8-K2on,
1790860487	19780	r8-K2on,
1790860488	19783	r8-K2on,
1790860489	19793	r8-K2on,
1790860490	19797	r8-K2on,
1790860491	19792	r8-K2on,
1790860492	19798	r8-K2on,
1790860493	19810	r8-K2on,
1790860494	19808	r8-K2on,
1790860495	19811	r8-K2on,
1790860496	19799	r8-K2on,
1790860497	19788	r8-K2on,
1790860498	19794	r8-K2on,
1790860499	19795	r8-K2on,
1790860500	19794	r8-K2on,
1790860501	19803	r8-K2on,
1790860502	19788	r8-K2on,
1790860503	19784	r8-K2on,
1790860504	19767	r8-K2on,
1790860505	19777	r8-K2on,
1790860507	19777	r8-K2on,
1790860508	19784	r8-K2on,
1790860509	19779	r8-K2on,
1790860510	19785	r8-K2on,
1790860511	19783	r8-K2on,
1790860512	19774	r8-K2on,
1790860513	19767	r8-K2on,
1790860514	19764	r8-K2on,
1790860515	19762	r8-K2on,
1790860516	19751	r8-K2on,
1790860517	19768	r8-K2on,
1790860518	19780	r8-K2on,
1790860519	19776	r8-K2on,
1790860520	19774	r8-K2on,
1790860521	19756	r8-K2on,
1790860522	19773	r8-K2on,
1790860523	19769	r8-K2on,
1790860524	19781	r8-K2on,
1790860525	19779	r8-K2on,
1790860526	19769	r8-K2on,
1790860527	19762	r8-K2on,
1790860528	19767	r8-K2on,
1790860529	19771	r8-K2on,
1790860530	19773	r8-K2on,
1790860531	19776	r8-K2on,
1790860532	19760	r8-K2on,
1790860533	19759	r8-K2on,
1790860534	19767	r8-K2on,
1790860535	19761	r8-K2on,
1790860536	19766	r8-K2on,
1790860537	19772	r8-K2on,
1790860538	19755	r8-K2on,
1790860539	19751	r8-K2on,
1790860540	19752	r8-K2on,
1790860541	19758	r8-K2on,
1790860542	19761	r8-K2on,
1790860543	19757	r8-K2on,
1790860544	19752	r8-K2on,
1790860545	19756	r8-K2on,
1790860546	19757	r8-K2on,
1790860548	19737	r8-K2on,
1790860549	19741	r8-K2on,
1790860550	19725	r8-K2on,
1790860551	19721	r8-K2on,
1790860552	19714	r8-K2on,
1790860553	19717	r8-K2on,
1790860554	19719	r8-K2on,
1790860555	19728	r8-K2on,
1790860556	19720	r8-K2on,
1790860557	19726	r8-K2on,
1790860558	19708	r8-K2on,
1790860559	19712	r8-K2on,
1790860560	19725	r8-K2on,
1790860561	19729	r8-K2on,
1790860562	19725	r8-K2on,
1790860563	19727	r8-K2on,
1790860564	19721	r8-K2on,
1790860565	19710	r8-K2on,
1790860566	19713	r8-K2on,
1790860567	19712	r8-K2on,
1790860568	19705	r8-K2on,
1790860569	19720	r8-K2on,
1790860570	19720	r8-K2on,
1790860571	19719	r8-K2on,
1790860572	19703	r8-K2on,
1790860573	19715	r8-K2on,
1790860574	19720	r8-K2on,
1790860575	19715	r8-K2on,
1790860576	19721	r8-K2on,
1790860577	19737	r8-K2on,
1790860578	19730	r8-K2on,
1790860579	19730	r8-K2on,
1790860580	19745	r8-K2on,
1790860581	19746	r8-K2on,
1790860582	19747	r8-K2on,
1790860583	19750	r8-K2on,
1790860584	19747	r8-K2on,
1790860585	19750	r8-K2on,
1790860586	19743	r8-K2on,
1790860587	19752	r8-K2on,
1790860589	19750	r8-K2on,
1790860590	19749	r8-K2on,
1790860591	19744	r8-K2on,
1790860592	19747	r8-K2on,
1790860593	19741	r8-K2on,
1790860594	19747	r8-K2on,
1790860595	19740	r8-K2on,
1790860596	19730	r8-K2on,
1790860597	19715	r8-K2on,
1790860598	19720	r8-K2on,
1790860599	19727	r8-K2on,
1790860600	19733	r8-K2on,
1790860601	19743	r8-K2on,
1790860602	19751	r8-K2on,
1790860603	19741	r8-K2on,
1790860604	19729	r8-K2on,
1790860605	19714	r8-K2on,
1790860606	19706	r8-K2on,
1790860607	19704	r8-K2on,
1790860608	19708	r8-K2on,
1790860609	19705	r8-K2on,
1790860610	19730	r8-K2on,
1790860611	19733	r8-K2on,
1790860612	19744	r8-K2on,
1790860613	19747	r8-K2on,
1790860614	19758	r8-K2on,
1790860615	19749	r8-K2on,
1790860616	19752	r8-K2on,
1790860617	19754	r8-K2on,
1790860618	19744	r8-K2on,
1790860619	19756	r8-K2on,
1790860620	19754	r8-K2on,
1790860621	19755	r8-K2on,
1790860622	19751	r8-K2on,
1790860623	19753	r8-K2on,
1790860624	19770	r8-K2on,
1790860625	19762	r8-K2on,
1790860626	19758	r8-K2on,
1790860627	19774	r8-K2on,
1790860628	19768	r8-K2on,
1790860630	19777	r8-K2on,
1790860631	19785	r8-K2on,
1790860632	19785	r8-K2on,
1790860633	19785	r8-K2on,
1790860634	19777	r8-K2on,
1790860635	19789	r8-K2on,
1790860636	19794	r8-K2on,
1790860637	19797	r8-K2on,
1790860638	19802	r8-K2on,
1790860639	19802	r8-K2on,
1790860640	19805	r8-K2on,
1790860641	19797	r8-K2on,
1790860642	19811	r8-K2on,
1790860643	19811	r8-K2on,
1790860644	19811	r8-K2on,
1790860645	19815	r8-K2on,
1790860646	19811	r8-K2on,
1790860647	19812	r8-K2on,
1790860648	19817	r8-K2on,
1790860649	19818	r8-K2on,
1790860650	19812	r8-K2on,
1790860651	19818	r8-K2on,
1790860652	19812	r8-K2on,
1790860653	19812	r8-K2on,
1790860654	19812	r8-K2on,
1790860655	19812	r8-K2on,
1790860656	19809	r8-K2on,
1790860657	19812	r8-K2on,
1790860658	19816	r8-K2on,
1790860659	19821	r8-K2on,
1790860660	19816	r8-K2on,
1790860661	19820	r8-K2on,
1790860662	19819	r8-K2on,
1790860663	19820	r8-K2on,
1790860664	19820	r8-K2on,
1790860665	19818	r8-K2on,
1790860666	19818	r8-K2on,
1790860667	19818	r8-K2on,
1790860668	19825	r8-K2on,
1790860669	19820	r8-K2on,
1790860671	19820	r8-K2on,
1790860672	19815	r8-K2on,
1790860673	19814	r8-K2on,
1790860674	19814	r8-K2on,
1790860675	19819	r8-K2on,
1790860676	19814	r8-K2on,
1790860677	19813	r8-K2on,
1790860678	19810	r8-K2on,
1790860679	19814	r8-K2on,
1790860680	19818	r8-K2on,
1790860681	19823	r8-K2on,
1790860682	19815	r8-K2on,
1790860683	19819	r8-K2on,
1790860684	19816	r8-K2on,
1790860685	19821	r8-K2on,
1790860686	19818	r8-K2on,
1790860687	19824	r8-K2on,
1790860688	19822	r8-K2on,
1790860689	19819	r8-K2on,
1790860690	19822	r8-K2on,
1790860691	19820	r8-K2on,
1790860692	19815	r8-K2on,
1790860693	19822	r8-K2on,
1790860694	19824	r8-K2on,
1790860695	19825	r8-K2on,
1790860696	19822	r8-K2on,
1790860697	19822	r8-K2on,
1790860698	19816	r8-K2on,
1790860699	19814	r8-K2on,
1790860700	19817	r8-K2on,
1790860701	19817	r8-K2on,
1790860702	19819	r8-K2on,
1790860703	19821	r8-K2on,
1790860704	19815	r8-K2on,
1790860705	19812	r8-K2on,
1790860706	19811	r8-K2on,
1790860707	19815	r8-K2on,
1790860708	19813	r8-K2on,
1790860709	19810	r8-K2on,
1790860710	19816	r8-K2on,
1790860711	19820	r8-K2on,
1790860713	19819	r8-K2on,
1790860714	19822	r8-K2on,
1790860715	19819	r8-K2on,
1790860716	19821	r8-K2on,
1790860717	19822	r8-K2on,
1790860718	19820	r8-K2on,
1790860719	19820	r8-K2on,
1790860720	19819	r8-K2on,
1790860721	19820	r8-K2on,
1790860722	19820	r8-K2on,
1790860723	19814	r8-K2on,
1790860724	19811	r8-K2on,
1790860725	20498	r8-K2on,
1790860726	20483	r8-K2on,
1790860727	20475	r8-K2on,
1790860728	20461	r8-K2on,
1790860729	20464	r8-K2on,
1790860730	20460	r8-K2on,
1790860731	20459	r8-K2on,
1790860732	20463	r8-K2on,
1790860733	20455	r8-K2on,
1790860734	20451	r8-K2on,
1790860735	20447	r8-K2on,
1790860736	20445	r8-K2on,
1790860737	20440	r8-K2on,
1790860738	20430	r8-K2on,
1790860739	20424	r8-K2on,
1790860740	20413	r8-K2on,
1790860741	20424	r8-K2on,
1790860742	20421	r8-K2on,
1790860743	20426	r8-K2on,
1790860744	20414	r8-K2on,
1790860745	20405	r8-K2on,
1790860746	20392	r8-K2on,
1790860747	20401	r8-K2on,
1790860748	20402	r8-K2on,
1790860749	20402	r8-K2on,
1790860750	20411	r8-K2on,
1790860752	20402	r8-K2on,
1790860753	20407	r8-K2on,
1790860754	20404	r8-K2on,
1790860755	20392	r8-K2on,
1790860756	20393	r8-K2on,
1790860757	20394	r8-K2on,
1790860758	20388	r8-K2on,
1790860759	20406	r8-K2on,
1790860760	20407	r8-K2on,
1790860761	20406	r8-K2on,
1790860762	20401	r8-K2on,
1790860763	20408	r8-K2on,
1790860764	20409	r8-K2on,
1790860765	20420	r8-K2on,
1790860766	20421	r8-K2on,
1790860767	20416	r8-K2on,
1790860768	20408	r8-K2on,
1790860769	20399	r8-K2on,
1790860770	20407	r8-K2on,
1790860771	20400	r8-K2on,
1790860772	20392	r8-K2on,
1790860773	20384	r8-K2on,
1790860774	20393	r8-K2on,
1790860775	20389	r8-K2on,
1790860776	20398	r8-K2on,
1790860777	20397	r8-K2on,
1790860778	20398	r8-K2on,
1790860779	20405	r8-K2on,
1790860780	20410	r8-K2on,
1790860781	20409	r8-K2on,
1790860782	20414	r8-K2on,
1790860783	20410	r8-K2on,
1790860784	20414	r8-K2on,
1790860785	20408	r8-K2on,
1790860786	20405	r8-K2on,
1790860787	20410	r8-K2on,
1790860788	20410	r8-K2on,
1790860789	20404	r8-K2on,
1790860790	20413	r8-K2on,
1790860791	20423	r8-K2on,
1790860792	20412	r8-K2on,
1790860793	20409	r8-K2on,
1790860794	20404	r8-K2on,
1790860796	20399	r8-K2on,
1790860797	20402	r8-K2on,
1790860798	20400	r8-K2on,
1790860799	20403	r8-K2on,
1790860800	20399	r8-K2on,
1790860801	20410	r8-K2on,
1790860802	20408	r8-K2on,
1790860803	20406	r8-K2on,
1790860804	20405	r8-K2on,
1790860805	20400	r8-K2on,
1790860806	20409	r8-K2on,
1790860807	20418	r8-K2on,
1790860808	20421	r8-K2on,
1790860809	20413	r8-K2on,
1790860810	20409	r8-K2on,
1790860811	20420	r8-K2on,
1790860812	20410	r8-K2on,
1790860813	20406	r8-K2on,
1790860814	20397	r8-K2on,
1790860815	20398	r8-K2on,
1790860816	20394	r8-K2on,
1790860817	20403	r8-K2on,
1790860818	20385	r8-K2on,
1790860819	20409	r8-K2on,
1790860820	20402	r8-K2on,
1790860821	20412	r8-K2on,
1790860822	20409	r8-K2on,
1790860823	20463	r8-K2on,
1790860824	20449	r8-K2on,
1790860825	20446	r8-K2on,
1790860826	20448	r8-K2on,
1790860827	20440	r8-K2on,
1790860828	20439	r8-K2on,
1790860829	20440	r8-K2on,
1790860830	20378	r8-K2on,
1790860831	20338	r8-K2on,
1790860832	20344	r8-K2on,
1790860833	20233	r8-K2on,
1790860834	20241	r8-K2on,
1790860835	20199	r8-K2on,
1790860836	20137	r8-K2on,
1790860838	20145	r8-K2on,
1790860839	20154	r8-K2on,
1790860840	20107	r8-K2on,
1790860841	20063	r8-K2on,
1790860842	20047	r8-K2on,
1790860843	19974	r8-K2on,
1790860844	19907	r8-K2on,
1790860845	19863	r8-K2on,
1790860846	19838	r8-K2on,
1790860847	19846	r8-K2on,
1790860848	19849	r8-K2on,
1790860849	19850	r8-K2on,
1790860850	19845	r8-K2on,
1790860851	19847	r8-K2on,
1790860852	19855	r8-K2on,
1790860853	19852	r8-K2on,
1790860854	19853	r8-K2on,
1790860855	19857	r8-K2on,
1790860856	19860	r8-K2on,
1790860857	19855	r8-K2on,
1790860858	19858	r8-K2on,
1790860859	19859	r8-K2on,
1790860860	19856	r8-K2on,
1790860861	19853	r8-K2on,
1790860862	19847	r8-K2on,
1790860863	19852	r8-K2on,
1790860864	19849	r8-K2on,
1790860865	19850	r8-K2on,
1790860866	19856	r8-K2on,
1790860867	19857	r8-K2on,
1790860868	19858	r8-K2on,
1790860869	19855	r8-K2on,
1790860870	19860	r8-K2on,
1790860871	19858	r8-K2on,
1790860872	19860	r8-K2on,
1790860873	19857	r8-K2on,
1790860874	19857	r8-K2on,
1790860875	19854	r8-K2on,
1790860876	19852	r8-K2on,
1790860877	19851	r8-K2on,
1790860879	19851	r8-K2on,
1790860880	19853	r8-K2on,
1790860881	19857	r8-K2on,
1790860882	19856	r8-K2on,
1790860883	19852	r8-K2on,
1790860884	19852	r8-K2on,
1790860885	19853	r8-K2on,
1790860886	19851	r8-K2on,
1790860887	19845	r8-K2on,
1790860888	19845	r8-K2on,
1790860889	19844	r8-K2on,
1790860890	19840	r8-K2on,
1790860891	19841	r8-K2on,
1790860892	19849	r8-K2on,
1790860893	19845	r8-K2on,
1790860894	19851	r8-K2on,
1790860895	19848	r8-K2on,
1790860896	19849	r8-K2on,
1790860897	19846	r8-K2on,
1790860898	19842	r8-K2on,
1790860899	19848	r8-K2on,
1790860900	19848	r8-K2on,
1790860901	19850	r8-K2on,
1790860902	19849	r8-K2on,
1790860903	19853	r8-K2on,
1790860904	19857	r8-K2on,
1790860905	19859	r8-K2on,
1790860906	19857	r8-K2on,
1790860907	19863	r8-K2on,
1790860908	19860	r8-K2on,
1790860909	19859	r8-K2on,
1790860910	19861	r8-K2on,
1790860911	19859	r8-K2on,
1790860912	19863	r8-K2on,
1790860913	19860	r8-K2on,
1790860914	19861	r8-K2on,
1790860915	19861	r8-K2on,
1790860916	19868	r8-K2on,
1790860917	19862	r8-K2on,
1790860918	19862	r8-K2on,
1790860919	19854	r8-K2on,
1790860921	19852	r8-K2on,
1790860922	19848	r8-K2on,
1790860923	19852	r8-K2on,
1790860924	19851	r8-K2on,
1790860925	20494	r8-K2on,
1790860926	20476	r8-K2on,
1790860927	20477	r8-K2on,
1790860928	20454	r8-K2on,
1790860929	20447	r8-K2on,
1790860930	20443	r8-K2on,
1790860931	20440	r8-K2on,
1790860932	20436	r8-K2on,
1790860933	20443	r8-K2on,
1790860934	20453	r8-K2on,
1790860935	20439	r8-K2on,
1790860936	20436	r8-K2on,
1790860937	20437	r8-K2on,
1790860938	20439	r8-K2on,
1790860939	20445	r8-K2on,
1790860940	20437	r8-K2on,
1790860941	20448	r8-K2on,
1790860942	20441	r8-K2on,
1790860943	20431	r8-K2on,
1790860944	20424	r8-K2on,
1790860945	20433	r8-K2on,
1790860946	20435	r8-K2on,
1790860947	20441	r8-K2on,
1790860948	20440	r8-K2on,
1790860949	20434	r8-K2on,
1790860950	20431	r8-K2on,
1790860951	20437	r8-K2on,
1790860952	20437	r8-K2on,
1790860953	20438	r8-K2on,
1790860954	20445	r8-K2on,
1790860955	20452	r8-K2on,
1790860956	20458	r8-K2on,
1790860957	20449	r8-K2on,
1790860958	20445	r8-K2on,
1790860959	20438	r8-K2on,
1790860960	20442	r8-K2on,
1790860961	20450	r8-K2on,
1790860963	20452	r8-K2on,
1790860964	20457	r8-K2on,
1790860965	20460	r8-K2on,
1790860966	20451	r8-K2on,
1790860967	20458	r8-K2on,
1790860968	20453	r8-K2on,
1790860969	20447	r8-K2on,
1790860970	20441	r8-K2on,
1790860971	20436	r8-K2on,
1790860972	20443	r8-K2on,
1790860973	20431	r8-K2on,
1790860974	20430	r8-K2on,
1790860975	20418	r8-K2on,
1790860976	20422	r8-K2on,
1790860977	20413	r8-K2on,
1790860978	20418	r8-K2on,
1790860979	20418	r8-K2on,
1790860980	20429	r8-K2on,
1790860981	20425	r8-K2on,
1790860982	20417	r8-K2on,
1790860983	20412	r8-K2on,
1790860984	20419	r8-K2on,
1790860985	20405	r8-K2on,
1790860986	20403	r8-K2on,
1790860987	20397	r8-K2on,
1790860988	20390	r8-K2on,
1790860989	20399	r8-K2on,
1790860990	20410	r8-K2on,
1790860991	20415	r8-K2on,
1790860992	20413	r8-K2on,
1790860993	20406	r8-K2on,
1790860994	20396	r8-K2on,
1790860995	20404	r8-K2on,
1790860996	20414	r8-K2on,
1790860997	20408	r8-K2on,
1790860998	20405	r8-K2on,
1790860999	20412	r8-K2on,
1790861000	20411	r8-K2on,
1790861001	20417	r8-K2on,
1790861002	20408	r8-K2on,
1790861003	20420	r8-K2on,
1790861004	20419	r8-K2on,
1790861006	20414	r8-K2on,
1790861007	20401	r8-K2on,
1790861008	20409	r8-K2on,
1790861009	20416	r8-K2on,
1790861010	20416	r8-K2on,
1790861011	20423	r8-K2on,
1790861012	20419	r8-K2on,
1790861013	20421	r8-K2on,
1790861014	20420	r8-K2on,
1790861015	20409	r8-K2on,
1790861016	20404	r8-K2on,
1790861017	20401	r8-K2on,
1790861018	20411	r8-K2on,
1790861019	20416	r8-K2on,
1790861020	20419	r8-K2on,
1790861021	20423	r8-K2on,
1790861022	20378	r8-K2on,
1790861023	20346	r8-K2on,
1790861024	20206	r8-K2on,
1790861025	20141	r8-K2on,
1790861026	20092	r8-K2on,
1790861027	20067	r8-K2on,
1790861028	20051	r8-K2on,
1790861029	20023	r8-K2on,
1790861030	20020	r8-K2on,
1790861031	19958	r8-K2on,
1790861032	19939	r8-K2on,
1790861033	19947	r8-K2on,
1790861034	19952	r8-K2on,
1790861035	19962	r8-K2on,
1790861036	19952	r8-K2on,
1790861037	19931	r8-K2on,
1790861038	19887	r8-K2on,
1790861039	19861	r8-K2on,
1790861040	19836	r8-K2on,
1790861041	19837	r8-K2on,
1790861042	19840	r8-K2on,
1790861043	19843	r8-K2on,
1790861044	19848	r8-K2on,
1790861045	19846	r8-K2on,
1790861047	19846	r8-K2on,
1790861048	19844	r8-K2on,
1790861049	19848	r8-K2on,
1790861050	19856	r8-K2on,
1790861051	19852	r8-K2on,
1790861052	19855	r8-K2on,
1790861053	19860	r8-K2on,
1790861054	19854	r8-K2on,
1790861055	19861	r8-K2on,
1790861056	19862	r8-K2on,
1790861057	19865	r8-K2on,
1790861058	19862	r8-K2on,
1790861059	19860	r8-K2on,
1790861060	19862	r8-K2on,
1790861061	19857	r8-K2on,
1790861062	19858	r8-K2on,
1790861063	19859	r8-K2on,
1790861064	19863	r8-K2on,
1790861065	19862	r8-K2on,
1790861066	19857	r8-K2on,
1790861067	19866	r8-K2on,
1790861068	19861	r8-K2on,
1790861069	19863	r8-K2on,
1790861070	19857	r8-K2on,
1790861071	19858	r8-K2on,
1790861072	19856	r8-K2on,
1790861073	19857	r8-K2on,
1790861074	19860	r8-K2on,
1790861075	19862	r8-K2on,
1790861076	19865	r8-K2on,
1790861077	19859	r8-K2on,
1790861078	19854	r8-K2on,
1790861079	20495	r8-K2on,
1790861080	20486	r8-K2on,
1790861081	20470	r8-K2on,
1790861082	20462	r8-K2on,
1790861083	20456	r8-K2on,
1790861085	20456	r8-K2on,
1790861086	20459	r8-K2on,
1790861087	20448	r8-K2on,
1790861088	20443	r8-K2on,
1790861089	20442	r8-K2on,
1790861090	20451	r8-K2on,
1790861091	20450	r8-K2on,
1790861092	20441	r8-K2on,
1790861093	20438	r8-K2on,
1790861094	20434	r8-K2on,
1790861095	20427	r8-K2on,
1790861096	20427	r8-K2on,
1790861097	20423	r8-K2on,
1790861098	20419	r8-K2on,
1790861099	20416	r8-K2on,
1790861100	20415	r8-K2on,
1790861101	20414	r8-K2on,
1790861102	20425	r8-K2on,
1790861103	20432	r8-K2on,
1790861104	20437	r8-K2on,
1790861105	20444	r8-K2on,
1790861106	20445	r8-K2on,
1790861107	20448	r8-K2on,
1790861108	20442	r8-K2on,
1790861109	20441	r8-K2on,
1790861110	20436	r8-K2on,
1790861111	20441	r8-K2on,
1790861112	20438	r8-K2on,
1790861113	20448	r8-K2on,
1790861114	20447	r8-K2on,
1790861115	20440	r8-K2on,
1790861116	20445	r8-K2on,
1790861117	20435	r8-K2on,
1790861118	20432	r8-K2on,
1790861119	20424	r8-K2on,
1790861120	20426	r8-K2on,
1790861121	20427	r8-K2on,
1790861122	20421	r8-K2on,
1790861123	20417	r8-K2on,
1790861124	20416	r8-K2on,
1790861126	20413	r8-K2on,
1790861127	20427	r8-K2on,
1790861128	20424	r8-K2on,
1790861129	20422	r8-K2on,
1790861130	20423	r8-K2on,
1790861131	20427	r8-K2on,
1790861132	20419	r8-K2on,
1790861133	20414	r8-K2on,
1790861134	20408	r8-K2on,
1790861135	20414	r8-K2on,
1790861136	20421	r8-K2on,
1790861137	20419	r8-K2on,
1790861138	20423	r8-K2on,
1790861139	20425	r8-K2on,
1790861140	20434	r8-K2on,
1790861141	20422	r8-K2on,
1790861142	20432	r8-K2on,
1790861143	20437	r8-K2on,
1790861144	20445	r8-K2on,
1790861145	20433	r8-K2on,
1790861146	20439	r8-K2on,
1790861147	20441	r8-K2on,
1790861148	20436	r8-K2on,
1790861149	20430	r8-K2on,
1790861150	20421	r8-K2on,
1790861151	20413	r8-K2on,
1790861152	20423	r8-K2on,
1790861153	20429	r8-K2on,
1790861154	20437	r8-K2on,
1790861155	20425	r8-K2on,
1790861156	20431	r8-K2on,
1790861157	20427	r8-K2on,
1790861158	20417	r8-K2on,
1790861159	20425	r8-K2on,
1790861160	20431	r8-K2on,
1790861161	20417	r8-K2on,
1790861162	20414	r8-K2on,
1790861163	20428	r8-K2on,
1790861164	20432	r8-K2on,
1790861166	20424	r8-K2on,
1790861167	20425	r8-K2on,
1790861168	20434	r8-K2on,
1790861169	20429	r8-K2on,
1790861170	20430	r8-K2on,
1790861171	20424	r8-K2on,
1790861172	20416	r8-K2on,
1790861173	20414	r8-K2on,
1790861174	20414	r8-K2on,
1790861175	20395	r8-K2on,
1790861176	20388	r8-K2on,
1790861177	20395	r8-K2on,
1790861178	20400	r8-K2on,
1790861179	20405	r8-K2on,
1790861180	20397	r8-K2on,
1790861181	20398	r8-K2on,
1790861182	20481	r8-K2on,
1790861183	20474	r8-K2on,
1790861184	20467	r8-K2on,
1790861185	20458	r8-K2on,
1790861186	20467	r8-K2on,
1790861187	20442	r8-K2on,
1790861188	20438	r8-K2on,
1790861189	20421	r8-K2on,
1790861190	20369	r8-K2on,
1790861191	20285	r8-K2on,
1790861192	20156	r8-K2on,
1790861193	20087	r8-K2on,
1790861194	20081	r8-K2on,
1790861195	20043	r8-K2on,
1790861196	20018	r8-K2on,
1790861197	20024	r8-K2on,
1790861198	19976	r8-K2on,
1790861199	19906	r8-K2on,
1790861200	19857	r8-K2on,
1790861201	19860	r8-K2on,
1790861202	19859	r8-K2on,
1790861203	19869	r8-K2on,
1790861205	19865	r8-K2on,
1790861206	19867	r8-K2on,
1790861207	19866	r8-K2on,
1790861208	19873	r8-K2on,
1790861209	19871	r8-K2on,
1790861210	19871	r8-K2on,
1790861211	19862	r8-K2on,
1790861212	19858	r8-K2on,
1790861213	19855	r8-K2on,
1790861214	19847	r8-K2on,
1790861215	19851	r8-K2on,
1790861216	19849	r8-K2on,
1790861217	19851	r8-K2on,
1790861218	19856	r8-K2on,
1790861219	19857	r8-K2on,
1790861220	19854	r8-K2on,
1790861221	19853	r8-K2on,
1790861222	19854	r8-K2on,
1790861223	19853	r8-K2on,
1790861224	19849	r8-K2on,
1790861225	20488	r8-K2on,
1790861226	20478	r8-K2on,
1790861227	20466	r8-K2on,
1790861228	20452	r8-K2on,
1790861229	20446	r8-K2on,
1790861230	20449	r8-K2on,
1790861231	20437	r8-K2on,
1790861232	20445	r8-K2on,
1790861233	20441	r8-K2on,
1790861234	20443	r8-K2on,
1790861235	20443	r8-K2on,
1790861236	20442	r8-K2on,
1790861237	20445	r8-K2on,
1790861238	20438	r8-K2on,
1790861239	20439	r8-K2on,
1790861240	20434	r8-K2on,
1790861241	20430	r8-K2on,
1790861242	20420	r8-K2on,
1790861243	20414	r8-K2on,
1790861244	20424	r8-K2on,
1790861245	20433	r8-K2on,
1790861247	20426	r8-K2on,
1790861248	20420	r8-K2on,
1790861249	20411	r8-K2on,
1790861250	20415	r8-K2on,
1790861251	20409	r8-K2on,
1790861252	20401	r8-K2on,
1790861253	20391	r8-K2on,
1790861254	20387	r8-K2on,
1790861255	20396	r8-K2on,
1790861256	20410	r8-K2on,
1790861257	20410	r8-K2on,
1790861258	20402	r8-K2on,
1790861259	20396	r8-K2on,
1790861260	20391	r8-K2on,
1790861261	20384	r8-K2on,
1790861262	20387	r8-K2on,
1790861263	20393	r8-K2on,
1790861264	20385	r8-K2on,
1790861265	20387	r8-K2on,
1790861266	20386	r8-K2on,
1790861267	20387	r8-K2on,
1790861268	20395	r8-K2on,
1790861269	20393	r8-K2on,
1790861270	20395	r8-K2on,
1790861271	20385	r8-K2on,
1790861272	20399	r8-K2on,
1790861273	20407	r8-K2on,
1790861274	20413	r8-K2on,
1790861275	20421	r8-K2on,
1790861276	20417	r8-K2on,
1790861277	20414	r8-K2on,
1790861278	20418	r8-K2on,
1790861279	20411	r8-K2on,
1790861280	20401	r8-K2on,
1790861281	20407	r8-K2on,
1790861282	20399	r8-K2on,
1790861283	20406	r8-K2on,
1790861284	20399	r8-K2on,
1790861285	20399	r8-K2on,
1790861287	20408	r8-K2on,
1790861288	20410	r8-K2on,
1790861289	20411	r8-K2on,
1790861290	20411	r8-K2on,
1790861291	20419	r8-K2on,
1790861292	20413	r8-K2on,
1790861293	20414	r8-K2on,
1790861294	20415	r8-K2on,
1790861295	20406	r8-K2on,
1790861296	20406	r8-K2on,
1790861297	20401	r8-K2on,
1790861298	20408	r8-K2on,
1790861299	20399	r8-K2on,
1790861300	20399	r8-K2on,
1790861301	20409	r8-K2on,
1790861302	20416	r8-K2on,
1790861303	20414	r8-K2on,
1790861304	20409	r8-K2on,
1790861305	20418	r8-K2on,
1790861306	20421	r8-K2on,
1790861307	20413	r8-K2on,
1790861308	20415	r8-K2on,
1790861309	20407	r8-K2on,
1790861310	20403	r8-K2on,
1790861311	20396	r8-K2on,
1790861312	20391	r8-K2on,
1790861313	20395	r8-K2on,
1790861314	20390	r8-K2on,
1790861315	20394	r8-K2on,
1790861316	20408	r8-K2on,
1790861317	20417	r8-K2on,
1790861318	20412	r8-K2on,
1790861319	20407	r8-K2on,
1790861320	20412	r8-K2on,
1790861321	20400	r8-K2on,
1790861322	20396	r8-K2on,
1790861323	20403	r8-K2on,
1790861324	20400	r8-K2on,
1790861325	20390	r8-K2on,
1790861326	20401	r8-K2on,
1790861328	20406	r8-K2on,
1790861329	20415	r8-K2on,
1790861330	20419	r8-K2on,
1790861331	20416	r8-K2on,
1790861332	20411	r8-K2on,
1790861333	20407	r8-K2on,
1790861334	20413	r8-K2on,
1790861335	20419	r8-K2on,
1790861336	20423	r8-K2on,
1790861337	20423	r8-K2on,
1790861338	20430	r8-K2on,
1790861339	20429	r8-K2on,
1790861340	20422	r8-K2on,
1790861341	20431	r8-K2on,
1790861342	20418	r8-K2on,
1790861343	20421	r8-K2on,
1790861344	20422	r8-K2on,
1790861345	20417	r8-K2on,
1790861346	20428	r8-K2on,
1790861347	20429	r8-K2on,
1790861348	20418	r8-K2on,
1790861349	20410	r8-K2on,
1790861350	20413	r8-K2on,
1790861351	20420	r8-K2on,
1790861352	20427	r8-K2on,
1790861353	20435	r8-K2on,
1790861354	20433	r8-K2on,
1790861355	20433	r8-K2on,
1790861356	20424	r8-K2on,
1790861357	20414	r8-K2on,
1790861358	20421	r8-K2on,
1790861359	20430	r8-K2on,
1790861360	20421	r8-K2on,
1790861361	20412	r8-K2on,
1790861362	20424	r8-K2on,
1790861363	20429	r8-K2on,
1790861364	20422	r8-K2on,
1790861365	20338	r8-K2on,
1790861366	20339	r8-K2on,
1790861367	20252	r8-K2on,
1790861369	20147	r8-K2on,
1790861370	20088	r8-K2on,
1790861371	20056	r8-K2on,
1790861372	20040	r8-K2on,
1790861373	20055	r8-K2on,
1790861374	20032	r8-K2on,
1790861375	20011	r8-K2on,
1790861376	20014	r8-K2on,
1790861377	20002	r8-K2on,
1790861378	19949	r8-K2on,
1790861379	19899	r8-K2on,
1790861380	19859	r8-K2on,
1790861381	19861	r8-K2on,
1790861382	19865	r8-K2on,
1790861383	19862	r8-K2on,
1790861384	19856	r8-K2on,
1790861385	19855	r8-K2on,
1790861386	19858	r8-K2on,
1790861387	19859	r8-K2on,
1790861388	19865	r8-K2on,
1790861389	19864	r8-K2on,
1790861390	19858	r8-K2on,
1790861391	19862	r8-K2on,
1790861392	19858	r8-K2on,
1790861393	19863	r8-K2on,
1790861394	19866	r8-K2on,
1790861395	20495	r8-K2on,
1790861396	20478	r8-K2on,
1790861397	20469	r8-K2on,
1790861398	20456	r8-K2on,
1790861399	20440	r8-K2on,
1790861400	20432	r8-K2on,
1790861401	20437	r8-K2on,
1790861402	20449	r8-K2on,
1790861403	20449	r8-K2on,
1790861404	20451	r8-K2on,
1790861405	20441	r8-K2on,
1790861406	20429	r8-K2on,
1790861407	20439	r8-K2on,
1790861408	20437	r8-K2on,
1790861409	20441	r8-K2on,
1790861410	20434	r8-K2on,
1790861412	20430	r8-K2on,
1790861413	20427	r8-K2on,
1790861414	20431	r8-K2on,
1790861415	20439	r8-K2on,
1790861416	20445	r8-K2on,
1790861417	20445	r8-K2on,
1790861418	20436	r8-K2on,
1790861419	20430	r8-K2on,
1790861420	20417	r8-K2on,
1790861421	20425	r8-K2on,
1790861422	20420	r8-K2on,
1790861423	20409	r8-K2on,
1790861424	20416	r8-K2on,
1790861425	20429	r8-K2on,
1790861426	20419	r8-K2on,
1790861427	20414	r8-K2on,
1790861428	20412	r8-K2on,
1790861429	20415	r8-K2on,
1790861430	20418	r8-K2on,
1790861431	20407	r8-K2on,
1790861432	20411	r8-K2on,
1790861433	20402	r8-K2on,
1790861434	20400	r8-K2on,
1790861435	20396	r8-K2on,
1790861436	20397	r8-K2on,
1790861437	20408	r8-K2on,
1790861438	20396	r8-K2on,
1790861439	20405	r8-K2on,
1790861440	20400	r8-K2on,
1790861441	20398	r8-K2on,
1790861442	20395	r8-K2on,
1790861443	20404	r8-K2on,
1790861444	20406	r8-K2on,
1790861445	20400	r8-K2on,
1790861446	20398	r8-K2on,
1790861447	20399	r8-K2on,
1790861448	20394	r8-K2on,
1790861449	20398	r8-K2on,
1790861450	20386	r8-K2on,
1790861452	20392	r8-K2on,
1790861453	20390	r8-K2on,
1790861454	20382	r8-K2on,
1790861455	20380	r8-K2on,
1790861456	20387	r8-K2on,
1790861457	20383	r8-K2on,
1790861458	20394	r8-K2on,
1790861459	20397	r8-K2on,
1790861460	20406	r8-K2on,
1790861461	20401	r8-K2on,
1790861462	20403	r8-K2on,
1790861463	20414	r8-K2on,
1790861464	20414	r8-K2on,
1790861465	20418	r8-K2on,
1790861466	20417	r8-K2on,
1790861467	20424	r8-K2on,
1790861468	20421	r8-K2on,
1790861469	20426	r8-K2on,
1790861470	20418	r8-K2on,
1790861471	20409	r8-K2on,
1790861472	20418	r8-K2on,
1790861473	20411	r8-K2on,
1790861474	20418	r8-K2on,
1790861475	20418	r8-K2on,
1790861476	20419	r8-K2on,
1790861477	20413	r8-K2on,
1790861478	20406	r8-K2on,
1790861479	20404	r8-K2on,
1790861480	20407	r8-K2on,
1790861481	20399	r8-K2on,
1790861482	20406	r8-K2on,
1790861483	20408	r8-K2on,
1790861484	20419	r8-K2on,
1790861485	20416	r8-K2on,
1790861486	20411	r8-K2on,
1790861487	20413	r8-K2on,
1790861488	20419	r8-K2on,
1790861489	20414	r8-K2on,
1790861490	20410	r8-K2on,
1790861491	20417	r8-K2on,
1790861492	20410	r8-K2on,
1790861493	20403	r8-K2on,
1790861494	20399	r8-K2on,
1790861496	20394	r8-K2on,
1790861497	20388	r8-K2on,
1790861498	20394	r8-K2on,
1790861499	20393	r8-K2on,
1790861500	20402	r8-K2on,
1790861501	20408	r8-K2on,
1790861502	20403	r8-K2on,
1790861503	20398	r8-K2on,
1790861504	20403	r8-K2on,
1790861505	20412	r8-K2on,
1790861506	20418	r8-K2on,
1790861507	20422	r8-K2on,
1790861508	20430	r8-K2on,
1790861509	20426	r8-K2on,
1790861510	20433	r8-K2on,
1790861511	20430	r8-K2on,
1790861512	20430	r8-K2on,
1790861513	20427	r8-K2on,
1790861514	20418	r8-K2on,
1790861515	20423	r8-K2on,
1790861516	20419	r8-K2on,
1790861517	20425	r8-K2on,
1790861518	20429	r8-K2on,
1790861519	20424	r8-K2on,
1790861520	20432	r8-K2on,
1790861521	20424	r8-K2on,
1790861522	20423	r8-K2on,
1790861523	20417	r8-K2on,
1790861524	20411	r8-K2on,
1790861525	20402	r8-K2on,
1790861526	20395	r8-K2on,
1790861527	20405	r8-K2on,
1790861528	20408	r8-K2on,
1790861529	20402	r8-K2on,
1790861530	20404	r8-K2on,
1790861531	20406	r8-K2on,
1790861532	20390	r8-K2on,
1790861533	20383	r8-K2on,
1790861534	20377	r8-K2on,
1790861535	20350	r8-K2on,
1790861536	20356	r8-K2on,
1790861538	20358	r8-K2on,
1790861539	20360	r8-K2on,
1790861540	20321	r8-K2on,
1790861541	20243	r8-K2on,
1790861542	20148	r8-K2on,
1790861543	20145	r8-K2on,
1790861544	20103	r8-K2on,
1790861545	20067	r8-K2on,
1790861546	20068	r8-K2on,
1790861547	20050	r8-K2on,
1790861548	20017	r8-K2on,
1790861549	19967	r8-K2on,
1790861550	19908	r8-K2on,
1790861551	19855	r8-K2on,
1790861552	19857	r8-K2on,
1790861553	19853	r8-K2on,
1790861554	19853	r8-K2on,
1790861555	19857	r8-K2on,
1790861556	19853	r8-K2on,
1790861557	20485	r8-K2on,
1790861558	20475	r8-K2on,
1790861559	20450	r8-K2on,
1790861560	20439	r8-K2on,
1790861561	20431	r8-K2on,
1790861562	20432	r8-K2on,
1790861563	20424	r8-K2on,
1790861564	20414	r8-K2on,
1790861565	20412	r8-K2on,
1790861566	20413	r8-K2on,
1790861567	20426	r8-K2on,
1790861568	20421	r8-K2on,
1790861569	20420	r8-K2on,
1790861570	20428	r8-K2on,
1790861571	20435	r8-K2on,
1790861572	20424	r8-K2on,
1790861573	20435	r8-K2on,
1790861574	20439	r8-K2on,
1790861575	20434	r8-K2on,
1790861577	20435	r8-K2on,
1790861578	20432	r8-K2on,
1790861579	20426	r8-K2on,
1790861580	20418	r8-K2on,
1790861581	20412	r8-K2on,
1790861582	20411	r8-K2on,
1790861583	20420	r8-K2on,
1790861584	20419	r8-K2on,
1790861585	20413	r8-K2on,
1790861586	20411	r8-K2on,
1790861587	20404	r8-K2on,
1790861588	20412	r8-K2on,
1790861589	20418	r8-K2on,
1790861590	20410	r8-K2on,
1790861591	20403	r8-K2on,
1790861592	20401	r8-K2on,
1790861593	20397	r8-K2on,
1790861594	20401	r8-K2on,
1790861595	20404	r8-K2on,
1790861596	20407	r8-K2on,
1790861597	20402	r8-K2on,
1790861598	20405	r8-K2on,
1790861599	20397	r8-K2on,
1790861600	20408	r8-K2on,
1790861601	20407	r8-K2on,
1790861602	20398	r8-K2on,
1790861603	20407	r8-K2on,
1790861604	20415	r8-K2on,
1790861605	20418	r8-K2on,
1790861606	20415	r8-K2on,
1790861607	20424	r8-K2on,
1790861608	20428	r8-K2on,
1790861609	20440	r8-K2on,
1790861610	20441	r8-K2on,
1790861611	20433	r8-K2on,
1790861612	20429	r8-K2on,
1790861613	20426	r8-K2on,
1790861614	20426	r8-K2on,
1790861615	20417	r8-K2on,
1790861616	20419	r8-K2on,
1790861618	20432	r8-K2on,
1790861619	20423	r8-K2on,
1790861620	20434	r8-K2on,
1790861621	20420	r8-K2on,
1790861622	20428	r8-K2on,
1790861623	20424	r8-K2on,
1790861624	20429	r8-K2on,
1790861625	20426	r8-K2on,
1790861626	20426	r8-K2on,
1790861627	20423	r8-K2on,
1790861628	20432	r8-K2on,
1790861629	20437	r8-K2on,
1790861630	20431	r8-K2on,
1790861631	20439	r8-K2on,
1790861632	20441	r8-K2on,
1790861633	20446	r8-K2on,
1790861634	20446	r8-K2on,
1790861635	20435	r8-K2on,
1790861636	20432	r8-K2on,
1790861637	20429	r8-K2on,
1790861638	20430	r8-K2on,
1790861639	20437	r8-K2on,
1790861640	20438	r8-K2on,
1790861641	20433	r8-K2on,
1790861642	20427	r8-K2on,
1790861643	20418	r8-K2on,
1790861644	20413	r8-K2on,
1790861645	20410	r8-K2on,
1790861646	20408	r8-K2on,
1790861647	20413	r8-K2on,
1790861648	20406	r8-K2on,
1790861649	20404	r8-K2on,
1790861650	20413	r8-K2on,
1790861651	20423	r8-K2on,
1790861652	20416	r8-K2on,
1790861653	20411	r8-K2on,
1790861654	20412	r8-K2on,
1790861655	20415	r8-K2on,
1790861657	20412	r8-K2on,
1790861658	20400	r8-K2on,
1790861659	20401	r8-K2on,
1790861660	20403	r8-K2on,
1790861661	20402	r8-K2on,
1790861662	20413	r8-K2on,
1790861663	20413	r8-K2on,
1790861664	20417	r8-K2on,
1790861665	20421	r8-K2on,
1790861666	20430	r8-K2on,
1790861667	20424	r8-K2on,
1790861668	20418	r8-K2on,
1790861669	20422	r8-K2on,
1790861670	20423	r8-K2on,
1790861671	20425	r8-K2on,
1790861672	20418	r8-K2on,
1790861673	20418	r8-K2on,
1790861674	20412	r8-K2on,
1790861675	20422	r8-K2on,
1790861676	20419	r8-K2on,
1790861677	20420	r8-K2on,
1790861678	20422	r8-K2on,
1790861679	20430	r8-K2on,
1790861680	20431	r8-K2on,
1790861681	20436	r8-K2on,
1790861682	20434	r8-K2on,
1790861683	20430	r8-K2on,
1790861684	20434	r8-K2on,
1790861685	20429	r8-K2on,
1790861686	20421	r8-K2on,
1790861687	20426	r8-K2on,
1790861688	20437	r8-K2on,
1790861689	20433	r8-K2on,
1790861690	20427	r8-K2on,
1790861691	20420	r8-K2on,
1790861692	20431	r8-K2on,
1790861693	20428	r8-K2on,
1790861694	20421	r8-K2on,
1790861695	20429	r8-K2on,
1790861696	20423	r8-K2on,
1790861697	20430	r8-K2on,
1790861699	20433	r8-K2on,
1790861700	20427	r8-K2on,
1790861701	20427	r8-K2on,
1790861702	20422	r8-K2on,
1790861703	20414	r8-K2on,
1790861704	20407	r8-K2on,
1790861705	20417	r8-K2on,
1790861706	20422	r8-K2on,
1790861707	20422	r8-K2on,
1790861708	20416	r8-K2on,
1790861709	20422	r8-K2on,
1790861710	20423	r8-K2on,
1790861711	20422	r8-K2on,
1790861712	20421	r8-K2on,
1790861713	20415	r8-K2on,
1790861714	20404	r8-K2on,
1790861715	20397	r8-K2on,
1790861716	20393	r8-K2on,
1790861717	20403	r8-K2on,
1790861718	20413	r8-K2on,
1790861719	20420	r8-K2on,
1790861720	20419	r8-K2on,
1790861721	20421	r8-K2on,
1790861722	20399	r8-K2on,
1790861723	20274	r8-K2on,
1790861724	20185	r8-K2on,
1790861725	20155	r8-K2on,
1790861726	20135	r8-K2on,
1790861727	20088	r8-K2on,
1790861728	20060	r8-K2on,
1790861729	20012	r8-K2on,
1790861730	19989	r8-K2on,
1790861731	19983	r8-K2on,
1790861732	19965	r8-K2on,
1790861733	19907	r8-K2on,
1790861734	19882	r8-K2on,
1790861735	19878	r8-K2on,
1790861736	20492	r8-K2on,
1790861737	20482	r8-K2on,
1790861739	20473	r8-K2on,
1790861740	20480	r8-K2on,
1790861741	20479	r8-K2on,
1790861742	20473	r8-K2on,
1790861743	20467	r8-K2on,
1790861744	20459	r8-K2on,
1790861745	20457	r8-K2on,
1790861746	20454	r8-K2on,
1790861747	20460	r8-K2on,
1790861748	20456	r8-K2on,
1790861749	20461	r8-K2on,
1790861750	20450	r8-K2on,
1790861751	20442	r8-K2on,
1790861752	20435	r8-K2on,
1790861753	20435	r8-K2on,
1790861754	20432	r8-K2on,
1790861755	20427	r8-K2on,
1790861756	20428	r8-K2on,
1790861757	20428	r8-K2on,
1790861758	20423	r8-K2on,
1790861759	20411	r8-K2on,
1790861760	20425	r8-K2on,
1790861761	20429	r8-K2on,
1790861762	20414	r8-K2on,
1790861763	20426	r8-K2on,
1790861764	20434	r8-K2on,
1790861765	20436	r8-K2on,
1790861766	20430	r8-K2on,
1790861767	20426	r8-K2on,
1790861768	20417	r8-K2on,
1790861769	20426	r8-K2on,
1790861770	20420	r8-K2on,
1790861771	20425	r8-K2on,
1790861772	20418	r8-K2on,
1790861773	20424	r8-K2on,
1790861774	20421	r8-K2on,
1790861775	20421	r8-K2on,
1790861776	20431	r8-K2on,
1790861777	20436	r8-K2on,
1790861778	20430	r8-K2on,
1790861779	20424	r8-K2on,
1790861781	20428	r8-K2on,
1790861782	20428	r8-K2on,
1790861783	20417	r8-K2on,
1790861784	20407	r8-K2on,
1790861785	20412	r8-K2on,
1790861786	20400	r8-K2on,
1790861787	20399	r8-K2on,
1790861788	20405	r8-K2on,
1790861789	20415	r8-K2on,
1790861790	20405	r8-K2on,
1790861791	20413	r8-K2on,
1790861792	20422	r8-K2on,
1790861793	20424	r8-K2on,
1790861794	20428	r8-K2on,
1790861795	20422	r8-K2on,
1790861796	20413	r8-K2on,
1790861797	20414	r8-K2on,
1790861798	20415	r8-K2on,
1790861799	20404	r8-K2on,
1790861800	20398	r8-K2on,
1790861801	20404	r8-K2on,
1790861802	20412	r8-K2on,
1790861803	20405	r8-K2on,
1790861804	20400	r8-K2on,
1790861805	20400	r8-K2on,
1790861806	20417	r8-K2on,
1790861807	20421	r8-K2on,
1790861808	20416	r8-K2on,
1790861809	20422	r8-K2on,
1790861810	20413	r8-K2on,
1790861811	20418	r8-K2on,
1790861812	20414	r8-K2on,
1790861813	20415	r8-K2on,
1790861814	20422	r8-K2on,
1790861815	20415	r8-K2on,
1790861816	20417	r8-K2on,
1790861817	20424	r8-K2on,
1790861818	20422	r8-K2on,
1790861820	20420	r8-K2on,
1790861821	20415	r8-K2on,
1790861822	20415	r8-K2on,
1790861823	20408	r8-K2on,
1790861824	20411	r8-K2on,
1790861825	20403	r8-K2on,
1790861826	20415	r8-K2on,
1790861827	20419	r8-K2on,
1790861828	20414	r8-K2on,
1790861829	20414	r8-K2on,
1790861830	20414	r8-K2on,
1790861831	20414	r8-K2on,
1790861832	20422	r8-K2on,
1790861833	20427	r8-K2on,
1790861834	20434	r8-K2on,
1790861835	20430	r8-K2on,
1790861836	20424	r8-K2on,
1790861837	20417	r8-K2on,
1790861838	20416	r8-K2on,
1790861839	20418	r8-K2on,
1790861840	20426	r8-K2on,
1790861841	20423	r8-K2on,
1790861842	20432	r8-K2on,
1790861843	20426	r8-K2on,
1790861844	20423	r8-K2on,
1790861845	20429	r8-K2on,
1790861846	20434	r8-K2on,
1790861847	20439	r8-K2on,
1790861848	20434	r8-K2on,
1790861849	20440	r8-K2on,
1790861850	20434	r8-K2on,
1790861851	20441	r8-K2on,
1790861852	20449	r8-K2on,
1790861853	20449	r8-K2on,
1790861854	20456	r8-K2on,
1790861855	20445	r8-K2on,
1790861856	20442	r8-K2on,
1790861857	20428	r8-K2on,
1790861858	20425	r8-K2on,
1790861860	20437	r8-K2on,
1790861861	20446	r8-K2on,
1790861862	20436	r8-K2on,
1790861863	20431	r8-K2on,
1790861864	20439	r8-K2on,
1790861865	20426	r8-K2on,
1790861866	20426	r8-K2on,
1790861867	20434	r8-K2on,
1790861868	20424	r8-K2on,
1790861869	20420	r8-K2on,
1790861870	20416	r8-K2on,
1790861871	20417	r8-K2on,
1790861872	20420	r8-K2on,
1790861873	20431	r8-K2on,
1790861874	20427	r8-K2on,
1790861875	20437	r8-K2on,
1790861876	20432	r8-K2on,
1790861877	20434	r8-K2on,
1790861878	20434	r8-K2on,
1790861879	20430	r8-K2on,
1790861880	20438	r8-K2on,
1790861881	20434	r8-K2on,
1790861882	20429	r8-K2on,
1790861883	20425	r8-K2on,
1790861884	20426	r8-K2on,
1790861885	20427	r8-K2on,
1790861886	20424	r8-K2on,
1790861887	20428	r8-K2on,
1790861888	20425	r8-K2on,
1790861889	20434	r8-K2on,
1790861890	20440	r8-K2on,
1790861891	20435	r8-K2on,
1790861892	20428	r8-K2on,
1790861893	20434	r8-K2on,
1790861894	20431	r8-K2on,
1790861895	20434	r8-K2on,
1790861896	20437	r8-K2on,
1790861897	20432	r8-K2on,
1790861898	20422	r8-K2on,
1790861900	20429	r8-K2on,
1790861901	20441	r8-K2on,
1790861902	20436	r8-K2on,
1790861903	20426	r8-K2on,
1790861904	20423	r8-K2on,
1790861905	20428	r8-K2on,
1790861906	20425	r8-K2on,
1790861907	20419	r8-K2on,
1790861908	20430	r8-K2on,
1790861909	20424	r8-K2on,
1790861910	20425	r8-K2on,
1790861911	20430	r8-K2on,
1790861912	20424	r8-K2on,
1790861913	20435	r8-K2on,
1790861914	20442	r8-K2on,
1790861915	20438	r8-K2on,
1790861916	20431	r8-K2on,
1790861917	20426	r8-K2on,
1790861918	20420	r8-K2on,
1790861919	20429	r8-K2on,
1790861920	20432	r8-K2on,
1790861921	20429	r8-K2on,
1790861922	20424	r8-K2on,
1790861923	20410	r8-K2on,
1790861924	20420	r8-K2on,
1790861925	20428	r8-K2on,
1790861926	20436	r8-K2on,
1790861927	20428	r8-K2on,
1790861928	20416	r8-K2on,
1790861929	20486	r8-K2on,
1790861930	20471	r8-K2on,
1790861931	20458	r8-K2on,
1790861932	20459	r8-K2on,
1790861933	20443	r8-K2on,
1790861934	20446	r8-K2on,
1790861935	20445	r8-K2on,
1790861936	20449	r8-K2on,
1790861937	20438	r8-K2on,
1790861938	20375	r8-K2on,
1790861939	20346	r8-K2on,
1790861941	20282	r8-K2on,
1790861942	20215	r8-K2on,
1790861943	20201	r8-K2on,
1790861944	20116	r8-K2on,
1790861945	20100	r8-K2on,
1790861946	20080	r8-K2on,
1790861947	19971	r8-K2on,
1790861948	19977	r8-K2on,
1790861949	19980	r8-K2on,
1790861950	19940	r8-K2on,
1790861951	20502	r8-K2on,
1790861952	20481	r8-K2on,
1790861953	20481	r8-K2on,
1790861954	20472	r8-K2on,
1790861955	20457	r8-K2on,
1790861956	20445	r8-K2on,
1790861957	20437	r8-K2on,
1790861958	20440	r8-K2on,
1790861959	20435	r8-K2on,
1790861960	20443	r8-K2on,
1790861961	20450	r8-K2on,
1790861962	20445	r8-K2on,
1790861963	20440	r8-K2on,
1790861964	20433	r8-K2on,
1790861965	20437	r8-K2on,
1790861966	20445	r8-K2on,
1790861967	20442	r8-K2on,
1790861968	20438	r8-K2on,
1790861969	20435	r8-K2on,
1790861970	20429	r8-K2on,
1790861971	20435	r8-K2on,
1790861972	20431	r8-K2on,
1790861973	20424	r8-K2on,
1790861974	20423	r8-K2on,
1790861975	20423	r8-K2on,
1790861976	20431	r8-K2on,
1790861977	20425	r8-K2on,
1790861978	20431	r8-K2on,
1790861979	20424	r8-K2on,
1790861981	20426	r8-K2on,
1790861982	20423	r8-K2on,
1790861983	20422	r8-K2on,
1790861984	20418	r8-K2on,
1790861985	20416	r8-K2on,
1790861986	20409	r8-K2on,
1790861987	20414	r8-K2on,
1790861988	20405	r8-K2on,
1790861989	20415	r8-K2on,
1790861990	20426	r8-K2on,
1790861991	20418	r8-K2on,
1790861992	20415	r8-K2on,
1790861993	20417	r8-K2on,
1790861994	20416	r8-K2on,
1790861995	20415	r8-K2on,
1790861996	20405	r8-K2on,
1790861997	20417	r8-K2on,
1790861998	20409	r8-K2on,
1790861999	20417	r8-K2on,
1790862000	20412	r8-K2on,
1790862001	20403	r8-K2on,
1790862002	20414	r8-K2on,
1790862003	20418	r8-K2on,
1790862004	20423	r8-K2on,
1790862005	20414	r8-K2on,
1790862006	20420	r8-K2on,
1790862007	20414	r8-K2on,
1790862008	20423	r8-K2on,
1790862009	20421	r8-K2on,
1790862010	20418	r8-K2on,
1790862011	20422	r8-K2on,
1790862012	20425	r8-K2on,
1790862013	20422	r8-K2on,
1790862014	20418	r8-K2on,
1790862015	20418	r8-K2on,
1790862016	20426	r8-K2on,
1790862017	20415	r8-K2on,
1790862018	20410	r8-K2on,
1790862019	20405	r8-K2on,
1790862020	20412	r8-K2on,
1790862021	20406	r8-K2on,
1790862022	20415	r8-K2on,
1790862024	20423	r8-K2on,
1790862025	20432	r8-K2on,
1790862026	20435	r8-K2on,
1790862027	20432	r8-K2on,
1790862028	20427	r8-K2on,
1790862029	20436	r8-K2on,
1790862030	20446	r8-K2on,
1790862031	20446	r8-K2on,
1790862032	20454	r8-K2on,
1790862033	20450	r8-K2on,
1790862034	20441	r8-K2on,
1790862035	20449	r8-K2on,
1790862036	20441	r8-K2on,
1790862037	20449	r8-K2on,
1790862038	20451	r8-K2on,
1790862039	20452	r8-K2on,
1790862040	20440	r8-K2on,
1790862041	20449	r8-K2on,
1790862042	20449	r8-K2on,
1790862043	20441	r8-K2on,
1790862044	20441	r8-K2on,
1790862045	20440	r8-K2on,
1790862046	20434	r8-K2on,
1790862047	20442	r8-K2on,
1790862048	20436	r8-K2on,
1790862049	20437	r8-K2on,
1790862050	20438	r8-K2on,
1790862051	20432	r8-K2on,
1790862052	20440	r8-K2on,
1790862053	20433	r8-K2on,
1790862054	20429	r8-K2on,
1790862055	20429	r8-K2on,
1790862056	20434	r8-K2on,
1790862057	20430	r8-K2on,
1790862058	20433	r8-K2on,
1790862059	20432	r8-K2on,
1790862060	20426	r8-K2on,
1790862061	20432	r8-K2on,
1790862062	20430	r8-K2on,
1790862063	20422	r8-K2on,
1790862065	20417	r8-K2on,
1790862066	20414	r8-K2on,
1790862067	20418	r8-K2on,
1790862068	20431	r8-K2on,
1790862069	20430	r8-K2on,
1790862070	20425	r8-K2on,
1790862071	20423	r8-K2on,
1790862072	20420	r8-K2on,
1790862073	20425	r8-K2on,
1790862074	20422	r8-K2on,
1790862075	20410	r8-K2on,
1790862076	20404	r8-K2on,
1790862077	20402	r8-K2on,
1790862078	20413	r8-K2on,
1790862079	20407	r8-K2on,
1790862080	20414	r8-K2on,
1790862081	20410	r8-K2on,
1790862082	20418	r8-K2on,
1790862083	20417	r8-K2on,
1790862084	20412	r8-K2on,
1790862085	20413	r8-K2on,
1790862086	20418	r8-K2on,
1790862087	20420	r8-K2on,
1790862088	20412	r8-K2on,
1790862089	20418	r8-K2on,
1790862090	20423	r8-K2on,
1790862091	20412	r8-K2on,
1790862092	20410	r8-K2on,
1790862093	20418	r8-K2on,
1790862094	20423	r8-K2on,
1790862095	20432	r8-K2on,
1790862096	20426	r8-K2on,
1790862097	20430	r8-K2on,
1790862098	20426	r8-K2on,
1790862099	20426	r8-K2on,
1790862100	20416	r8-K2on,
1790862101	20416	r8-K2on,
1790862103	20424	r8-K2on,
1790862104	20411	r8-K2on,
1790862105	20413	r8-K2on,
1790862106	20407	r8-K2on,
1790862107	20400	r8-K2on,
1790862108	20397	r8-K2on,
1790862109	20393	r8-K2on,
1790862110	20404	r8-K2on,
1790862111	20400	r8-K2on,
1790862112	20391	r8-K2on,
1790862113	20396	r8-K2on,
1790862114	20398	r8-K2on,
1790862115	20376	r8-K2on,
1790862116	20390	r8-K2on,
1790862117	20360	r8-K2on,
1790862118	20368	r8-K2on,
1790862119	20295	r8-K2on,
1790862120	20264	r8-K2on,
1790862121	20235	r8-K2on,
1790862122	20139	r8-K2on,
1790862123	20084	r8-K2on,
1790862124	20097	r8-K2on,
1790862125	20093	r8-K2on,
1790862126	20085	r8-K2on,
1790862127	20058	r8-K2on,
1790862128	20073	r8-K2on,
1790862129	20076	r8-K2on,
1790862130	20084	r8-K2on,
1790862131	20092	r8-K2on,
1790862132	20088	r8-K2on,
1790862133	20091	r8-K2on,
1790862134	20091	r8-K2on,
1790862135	20089	r8-K2on,
1790862136	20091	r8-K2on,
1790862137	20092	r8-K2on,
1790862138	20090	r8-K2on,
1790862139	20089	r8-K2on,
1790862140	20099	r8-K2on,
1790862141	20100	r8-K2on,
1790862143	20105	r8-K2on,
1790862144	20104	r8-K2on,
1790862145	20104	r8-K2on,
1790862146	20104	r8-K2on,
1790862147	20104	r8-K2on,
1790862148	20109	r8-K2on,
1790862149	20106	r8-K2on,
1790862150	20102	r8-K2on,
1790862151	20086	r8-K2on,
1790862152	20057	r8-K2on,
1790862153	20055	r8-K2on,
1790862154	20059	r8-K2on,
1790862155	20065	r8-K2on,
1790862156	20042	r8-K2on,
1790862157	20029	r8-K2on,
1790862158	20003	r8-K2on,
1790862159	19941	r8-K2on,
1790862160	19886	r8-K2on,
1790862161	20494	r8-K2on,
1790862162	20471	r8-K2on,
1790862163	20452	r8-K2on,
1790862164	20458	r8-K2on,
1790862165	20450	r8-K2on,
1790862166	20440	r8-K2on,
1790862167	20432	r8-K2on,
1790862168	20422	r8-K2on,
1790862169	20430	r8-K2on,
1790862170	20425	r8-K2on,
1790862171	20435	r8-K2on,
1790862172	20436	r8-K2on,
1790862173	20439	r8-K2on,
1790862174	20440	r8-K2on,
1790862175	20448	r8-K2on,
1790862176	20439	r8-K2on,
1790862177	20444	r8-K2on,
1790862178	20436	r8-K2on,
1790862179	20439	r8-K2on,
1790862180	20433	r8-K2on,
1790862181	20441	r8-K2on,
1790862183	20448	r8-K2on,
1790862184	20441	r8-K2on,
1790862185	20432	r8-K2on,
1790862186	20440	r8-K2on,
1790862187	20434	r8-K2on,
1790862188	20438	r8-K2on,
1790862189	20435	r8-K2on,
1790862190	20436	r8-K2on,
1790862191	20430	r8-K2on,
1790862192	20440	r8-K2on,
1790862193	20439	r8-K2on,
1790862194	20434	r8-K2on,
1790862195	20433	r8-K2on,
1790862196	20426	r8-K2on,
1790862197	20420	r8-K2on,
1790862198	20413	r8-K2on,
1790862199	20411	r8-K2on,
1790862200	20414	r8-K2on,
1790862201	20408	r8-K2on,
1790862202	20411	r8-K2on,
1790862203	20418	r8-K2on,
1790862204	20413	r8-K2on,
1790862205	20411	r8-K2on,
1790862206	20403	r8-K2on,
1790862207	20405	r8-K2on,
1790862208	20407	r8-K2on,
1790862209	20408	r8-K2on,
1790862210	20404	r8-K2on,
1790862211	20401	r8-K2on,
1790862212	20408	r8-K2on,
1790862213	20406	r8-K2on,
1790862214	20406	r8-K2on,
1790862215	20402	r8-K2on,
1790862216	20402	r8-K2on,
1790862217	20401	r8-K2on,
1790862218	20396	r8-K2on,
1790862219	20405	r8-K2on,
1790862220	20412	r8-K2on,
1790862222	20414	r8-K2on,
1790862223	20405	r8-K2on,
1790862224	20403	r8-K2on,
1790862225	20412	r8-K2on,
1790862226	20406	r8-K2on,
1790862227	20408	r8-K2on,
1790862228	20399	r8-K2on,
1790862229	20398	r8-K2on,
1790862230	20397	r8-K2on,
1790862231	20397	r8-K2on,
1790862232	20395	r8-K2on,
1790862233	20396	r8-K2on,
1790862234	20404	r8-K2on,
1790862235	20410	r8-K2on,
1790862236	20411	r8-K2on,
1790862237	20410	r8-K2on,
1790862238	20418	r8-K2on,
1790862239	20407	r8-K2on,
1790862240	20414	r8-K2on,
1790862241	20418	r8-K2on,
1790862242	20425	r8-K2on,
1790862243	20421	r8-K2on,
1790862244	20411	r8-K2on,
1790862245	20404	r8-K2on,
1790862246	20408	r8-K2on,
1790862247	20415	r8-K2on,
1790862248	20412	r8-K2on,
1790862249	20419	r8-K2on,
1790862250	20426	r8-K2on,
1790862251	20432	r8-K2on,
1790862252	20425	r8-K2on,
1790862253	20427	r8-K2on,
1790862254	20437	r8-K2on,
1790862255	20434	r8-K2on,
1790862256	20435	r8-K2on,
1790862257	20433	r8-K2on,
1790862258	20438	r8-K2on,
1790862259	20430	r8-K2on,
1790862260	20422	r8-K2on,
1790862262	20427	r8-K2on,
1790862263	20425	r8-K2on,
1790862264	20427	r8-K2on,
1790862265	20422	r8-K2on,
1790862266	20424	r8-K2on,
1790862267	20422	r8-K2on,
1790862268	20431	r8-K2on,
1790862269	20434	r8-K2on,
1790862270	20442	r8-K2on,
1790862271	20436	r8-K2on,
1790862272	20435	r8-K2on,
1790862273	20426	r8-K2on,
1790862274	20430	r8-K2on,
1790862275	20424	r8-K2on,
1790862276	20423	r8-K2on,
1790862277	20413	r8-K2on,
1790862278	20417	r8-K2on,
1790862279	20419	r8-K2on,
1790862280	20413	r8-K2on,
1790862281	20400	r8-K2on,
1790862282	20398	r8-K2on,
1790862283	20397	r8-K2on,
1790862284	20399	r8-K2on,
1790862285	20412	r8-K2on,
1790862286	20418	r8-K2on,
1790862287	20417	r8-K2on,
1790862288	20410	r8-K2on,
1790862289	20414	r8-K2on,
1790862290	20423	r8-K2on,
1790862291	20424	r8-K2on,
1790862292	20429	r8-K2on,
1790862293	20416	r8-K2on,
1790862294	20404	r8-K2on,
1790862295	20397	r8-K2on,
1790862296	20405	r8-K2on,
1790862297	20413	r8-K2on,
1790862298	20401	r8-K2on,
1790862299	20400	r8-K2on,
1790862301	20401	r8-K2on,
1790862302	20410	r8-K2on,
1790862303	20415	r8-K2on,
1790862304	20422	r8-K2on,
1790862305	20417	r8-K2on,
1790862306	20409	r8-K2on,
1790862307	20416	r8-K2on,
1790862308	20413	r8-K2on,
1790862309	20408	r8-K2on,
1790862310	20422	r8-K2on,
1790862311	20414	r8-K2on,
1790862312	20420	r8-K2on,
1790862313	20415	r8-K2on,
1790862314	20404	r8-K2on,
1790862315	20400	r8-K2on,
1790862316	20393	r8-K2on,
1790862317	20402	r8-K2on,
1790862318	20409	r8-K2on,
1790862319	20406	r8-K2on,
1790862320	20402	r8-K2on,
1790862321	20405	r8-K2on,
1790862322	20403	r8-K2on,
1790862323	20409	r8-K2on,
1790862324	20418	r8-K2on,
1790862325	20424	r8-K2on,
1790862326	20438	r8-K2on,
1790862327	20445	r8-K2on,
1790862328	20453	r8-K2on,
1790862329	20444	r8-K2on,
1790862330	20441	r8-K2on,
1790862331	20437	r8-K2on,
1790862332	20445	r8-K2on,
1790862333	20436	r8-K2on,
1790862334	20428	r8-K2on,
1790862335	20423	r8-K2on,
1790862336	20410	r8-K2on,
1790862337	20419	r8-K2on,
1790862338	20432	r8-K2on,
1790862339	20433	r8-K2on,
1790862340	20430	r8-K2on,
1790862341	20422	r8-K2on,
1790862342	20424	r8-K2on,
1790862344	20421	r8-K2on,
1790862345	20413	r8-K2on,
1790862346	20410	r8-K2on,
1790862347	20421	r8-K2on,
1790862348	20419	r8-K2on,
1790862349	20422	r8-K2on,
1790862350	20428	r8-K2on,
1790862351	20425	r8-K2on,
1790862352	20412	r8-K2on,
1790862353	20427	r8-K2on,
1790862354	20418	r8-K2on,
1790862355	20425	r8-K2on,
1790862356	20421	r8-K2on,
1790862357	20429	r8-K2on,
1790862358	20424	r8-K2on,
1790862359	20413	r8-K2on,
1790862360	20413	r8-K2on,
1790862361	20418	r8-K2on,
1790862362	20408	r8-K2on,
1790862363	20412	r8-K2on,
1790862364	20401	r8-K2on,
1790862365	20348	r8-K2on,
1790862366	20302	r8-K2on,
1790862367	20309	r8-K2on,
1790862368	20281	r8-K2on,
1790862369	20251	r8-K2on,
1790862370	20195	r8-K2on,
1790862371	20160	r8-K2on,
1790862372	20147	r8-K2on,
1790862373	20144	r8-K2on,
1790862374	20130	r8-K2on,
1790862375	20133	r8-K2on,
1790862376	20135	r8-K2on,
1790862377	20120	r8-K2on,
1790862378	20127	r8-K2on,
1790862379	20115	r8-K2on,
1790862380	20108	r8-K2on,
1790862381	20062	r8-K2on,
1790862383	20022	r8-K2on,
1790862384	19987	r8-K2on,
1790862385	19973	r8-K2on,
1790862386	19920	r8-K2on,
1790862387	20495	r8-K2on,
1790862388	20486	r8-K2on,
1790862389	20472	r8-K2on,
1790862390	20465	r8-K2on,
1790862391	20456	r8-K2on,
1790862392	20442	r8-K2on,
1790862393	20440	r8-K2on,
1790862394	20434	r8-K2on,
1790862395	20448	r8-K2on,
1790862396	20440	r8-K2on,
1790862397	20447	r8-K2on,
1790862398	20428	r8-K2on,
1790862399	20426	r8-K2on,
1790862400	20436	r8-K2on,
1790862401	20440	r8-K2on,
1790862402	20428	r8-K2on,
1790862403	20424	r8-K2on,
1790862404	20432	r8-K2on,
1790862405	20431	r8-K2on,
1790862406	20436	r8-K2on,
1790862407	20428	r8-K2on,
1790862408	20432	r8-K2on,
1790862409	20431	r8-K2on,
1790862410	20440	r8-K2on,
1790862411	20435	r8-K2on,
1790862412	20430	r8-K2on,
1790862413	20438	r8-K2on,
1790862414	20443	r8-K2on,
1790862415	20448	r8-K2on,
1790862416	20439	r8-K2on,
1790862417	20433	r8-K2on,
1790862418	20425	r8-K2on,
1790862419	20431	r8-K2on,
1790862420	20428	r8-K2on,
1790862422	20427	r8-K2on,
1790862423	20421	r8-K2on,
1790862424	20413	r8-K2on,
1790862425	20414	r8-K2on,
1790862426	20413	r8-K2on,
1790862427	20414	r8-K2on,
1790862428	20418	r8-K2on,
1790862429	20412	r8-K2on,
1790862430	20415	r8-K2on,
1790862431	20421	r8-K2on,
1790862432	20418	r8-K2on,
1790862433	20421	r8-K2on,
1790862434	20418	r8-K2on,
1790862435	20420	r8-K2on,
1790862436	20414	r8-K2on,
1790862437	20423	r8-K2on,
1790862438	20429	r8-K2on,
1790862439	20422	r8-K2on,
1790862440	20420	r8-K2on,
1790862441	20427	r8-K2on,
1790862442	20424	r8-K2on,
1790862443	20420	r8-K2on,
1790862444	20414	r8-K2on,
1790862445	20412	r8-K2on,
1790862446	20407	r8-K2on,
1790862447	20399	r8-K2on,
1790862448	20400	r8-K2on,
1790862449	20403	r8-K2on,
1790862450	20407	r8-K2on,
1790862451	20403	r8-K2on,
1790862452	20392	r8-K2on,
1790862453	20390	r8-K2on,
1790862454	20400	r8-K2on,
1790862455	20412	r8-K2on,
1790862456	20419	r8-K2on,
1790862457	20413	r8-K2on,
1790862458	20413	r8-K2on,
1790862459	20413	r8-K2on,
1790862461	20410	r8-K2on,
1790862462	20409	r8-K2on,
1790862463	20408	r8-K2on,
1790862464	20410	r8-K2on,
1790862465	20405	r8-K2on,
1790862466	20407	r8-K2on,
1790862467	20414	r8-K2on,
1790862468	20417	r8-K2on,
1790862469	20416	r8-K2on,
1790862470	20421	r8-K2on,
1790862471	20416	r8-K2on,
1790862472	20411	r8-K2on,
1790862473	20415	r8-K2on,
1790862474	20410	r8-K2on,
1790862475	20417	r8-K2on,
1790862476	20411	r8-K2on,
1790862477	20413	r8-K2on,
1790862478	20407	r8-K2on,
1790862479	20402	r8-K2on,
1790862480	20403	r8-K2on,
1790862481	20410	r8-K2on,
1790862482	20418	r8-K2on,
1790862483	20414	r8-K2on,
1790862484	20410	r8-K2on,
1790862485	20405	r8-K2on,
1790862486	20413	r8-K2on,
1790862487	20410	r8-K2on,
1790862488	20419	r8-K2on,
1790862489	20417	r8-K2on,
1790862490	20430	r8-K2on,
1790862491	20426	r8-K2on,
1790862492	20432	r8-K2on,
1790862493	20425	r8-K2on,
1790862494	20415	r8-K2on,
1790862495	20409	r8-K2on,
1790862496	20416	r8-K2on,
1790862497	20412	r8-K2on,
1790862498	20421	r8-K2on,
1790862499	20428	r8-K2on,
1790862500	20420	r8-K2on,
1790862501	20425	r8-K2on,
1790862503	20414	r8-K2on,
1790862504	20423	r8-K2on,
1790862505	20428	r8-K2on,
1790862506	20432	r8-K2on,
1790862507	20428	r8-K2on,
1790862508	20421	r8-K2on,
1790862509	20419	r8-K2on,
1790862510	20418	r8-K2on,
1790862511	20412	r8-K2on,
1790862512	20416	r8-K2on,
1790862513	20408	r8-K2on,
1790862514	20404	r8-K2on,
1790862515	20395	r8-K2on,
1790862516	20405	r8-K2on,
1790862517	20397	r8-K2on,
1790862518	20408	r8-K2on,
1790862519	20403	r8-K2on,
1790862520	20399	r8-K2on,
1790862521	20396	r8-K2on,
1790862522	20391	r8-K2on,
1790862523	20388	r8-K2on,
1790862524	20391	r8-K2on,
1790862525	20401	r8-K2on,
1790862526	20408	r8-K2on,
1790862527	20400	r8-K2on,
1790862528	20408	r8-K2on,
1790862529	20398	r8-K2on,
1790862530	20407	r8-K2on,
1790862531	20412	r8-K2on,
1790862532	20402	r8-K2on,
1790862533	20401	r8-K2on,
1790862534	20412	r8-K2on,
1790862535	20407	r8-K2on,
1790862536	20413	r8-K2on,
1790862537	20406	r8-K2on,
1790862538	20413	r8-K2on,
1790862539	20404	r8-K2on,
1790862540	20414	r8-K2on,
1790862541	20413	r8-K2on,
1790862542	20393	r8-K2on,
1790862543	20400	r8-K2on,
1790862544	20396	r8-K2on,
1790862546	20405	r8-K2on,
1790862547	20403	r8-K2on,
1790862548	20402	r8-K2on,
1790862549	20410	r8-K2on,
1790862550	20405	r8-K2on,
1790862551	20407	r8-K2on,
1790862552	20401	r8-K2on,
1790862553	20413	r8-K2on,
1790862554	20416	r8-K2on,
1790862555	20429	r8-K2on,
1790862556	20423	r8-K2on,
1790862557	20418	r8-K2on,
1790862558	20415	r8-K2on,
1790862559	20362	r8-K2on,
1790862560	20246	r8-K2on,
1790862561	20173	r8-K2on,
1790862562	20153	r8-K2on,
1790862563	20147	r8-K2on,
1790862564	20126	r8-K2on,
1790862565	20124	r8-K2on,
1790862566	20130	r8-K2on,
1790862567	20136	r8-K2on,
1790862568	20133	r8-K2on,
1790862569	20131	r8-K2on,
1790862570	20089	r8-K2on,
1790862571	20063	r8-K2on,
1790862572	20031	r8-K2on,
1790862573	19922	r8-K2on,
1790862574	20487	r8-K2on,
1790862575	20477	r8-K2on,
1790862576	20475	r8-K2on,
1790862577	20458	r8-K2on,
1790862578	20443	r8-K2on,
1790862579	20453	r8-K2on,
1790862580	20453	r8-K2on,
1790862581	20448	r8-K2on,
1790862582	20443	r8-K2on,
1790862583	20441	r8-K2on,
1790862584	20449	r8-K2on,
1790862585	20437	r8-K2on,
1790862586	20431	r8-K2on,
1790862588	20428	r8-K2on,
1790862589	20432	r8-K2on,
1790862590	20426	r8-K2on,
1790862591	20433	r8-K2on,
1790862592	20429	r8-K2on,
1790862593	20428	r8-K2on,
1790862594	20431	r8-K2on,
1790862595	20439	r8-K2on,
1790862596	20435	r8-K2on,
1790862597	20443	r8-K2on,
1790862598	20437	r8-K2on,
1790862599	20427	r8-K2on,
1790862600	20438	r8-K2on,
1790862601	20432	r8-K2on,
1790862602	20430	r8-K2on,
1790862603	20421	r8-K2on,
1790862604	20415	r8-K2on,
1790862605	20424	r8-K2on,
1790862606	20425	r8-K2on,
1790862607	20420	r8-K2on,
1790862608	20422	r8-K2on,
1790862609	20424	r8-K2on,
1790862610	20432	r8-K2on,
1790862611	20426	r8-K2on,
1790862612	20418	r8-K2on,
1790862613	20411	r8-K2on,
1790862614	20416	r8-K2on,
1790862615	20407	r8-K2on,
1790862616	20414	r8-K2on,
1790862617	20410	r8-K2on,
1790862618	20420	r8-K2on,
1790862619	20416	r8-K2on,
1790862620	20422	r8-K2on,
1790862621	20429	r8-K2on,
1790862622	20425	r8-K2on,
1790862623	20418	r8-K2on,
1790862624	20411	r8-K2on,
1790862625	20402	r8-K2on,
1790862626	20396	r8-K2on,
1790862628	20400	r8-K2on,
1790862629	20395	r8-K2on,
1790862630	20399	r8-K2on,
1790862631	20402	r8-K2on,
1790862632	20394	r8-K2on,
1790862633	20398	r8-K2on,
1790862634	20402	r8-K2on,
1790862635	20402	r8-K2on,
1790862636	20398	r8-K2on,
1790862637	20393	r8-K2on,
1790862638	20392	r8-K2on,
1790862639	20405	r8-K2on,
1790862640	20399	r8-K2on,
1790862641	20403	r8-K2on,
1790862642	20403	r8-K2on,
1790862643	20413	r8-K2on,
1790862644	20408	r8-K2on,
1790862645	20417	r8-K2on,
1790862646	20415	r8-K2on,
1790862647	20411	r8-K2on,
1790862648	20412	r8-K2on,
1790862649	20417	r8-K2on,
1790862650	20419	r8-K2on,
1790862651	20427	r8-K2on,
1790862652	20430	r8-K2on,
1790862653	20427	r8-K2on,
1790862654	20433	r8-K2on,
1790862655	20441	r8-K2on,
1790862656	20440	r8-K2on,
1790862657	20432	r8-K2on,
1790862658	20427	r8-K2on,
1790862659	20418	r8-K2on,
1790862660	20422	r8-K2on,
1790862661	20422	r8-K2on,
1790862662	20417	r8-K2on,
1790862663	20419	r8-K2on,
1790862664	20416	r8-K2on,
1790862665	20419	r8-K2on,
1790862666	20414	r8-K2on,
1790862668	20415	r8-K2on,
1790862669	20409	r8-K2on,
1790862670	20414	r8-K2on,
1790862671	20412	r8-K2on,
1790862672	20412	r8-K2on,
1790862673	20419	r8-K2on,
1790862674	20427	r8-K2on,
1790862675	20422	r8-K2on,
1790862676	20413	r8-K2on,
1790862677	20422	r8-K2on,
1790862678	20415	r8-K2on,
1790862679	20419	r8-K2on,
1790862680	20416	r8-K2on,
1790862681	20402	r8-K2on,
1790862682	20411	r8-K2on,
1790862683	20407	r8-K2on,
1790862684	20416	r8-K2on,
1790862685	20417	r8-K2on,
1790862686	20407	r8-K2on,
1790862687	20414	r8-K2on,
1790862688	20411	r8-K2on,
1790862689	20412	r8-K2on,
1790862690	20417	r8-K2on,
1790862691	20411	r8-K2on,
1790862692	20419	r8-K2on,
1790862693	20423	r8-K2on,
1790862694	20429	r8-K2on,
1790862695	20433	r8-K2on,
1790862696	20441	r8-K2on,
1790862697	20435	r8-K2on,
1790862698	20435	r8-K2on,
1790862699	20431	r8-K2on,
1790862700	20434	r8-K2on,
1790862701	20441	r8-K2on,
1790862702	20442	r8-K2on,
1790862703	20444	r8-K2on,
1790862704	20448	r8-K2on,
1790862705	20438	r8-K2on,
1790862707	20432	r8-K2on,
1790862708	20426	r8-K2on,
1790862709	20438	r8-K2on,
1790862710	20436	r8-K2on,
1790862711	20427	r8-K2on,
1790862712	20429	r8-K2on,
1790862713	20438	r8-K2on,
1790862714	20429	r8-K2on,
1790862715	20434	r8-K2on,
1790862716	20429	r8-K2on,
1790862717	20435	r8-K2on,
1790862718	20442	r8-K2on,
1790862719	20436	r8-K2on,
1790862720	20447	r8-K2on,
1790862721	20450	r8-K2on,
1790862722	20440	r8-K2on,
1790862723	20435	r8-K2on,
1790862724	20434	r8-K2on,
1790862725	20431	r8-K2on,
1790862726	20427	r8-K2on,
1790862727	20424	r8-K2on,
1790862728	20430	r8-K2on,
1790862729	20439	r8-K2on,
1790862730	20432	r8-K2on,
1790862731	20447	r8-K2on,
1790862732	20447	r8-K2on,
1790862733	20437	r8-K2on,
1790862734	20442	r8-K2on,
1790862735	20437	r8-K2on,
1790862736	20448	r8-K2on,
1790862737	20440	r8-K2on,
1790862738	20448	r8-K2on,
1790862739	20449	r8-K2on,
1790862740	20446	r8-K2on,
1790862741	20436	r8-K2on,
1790862742	20434	r8-K2on,
1790862743	20433	r8-K2on,
1790862744	20428	r8-K2on,
1790862745	20429	r8-K2on,
1790862746	20426	r8-K2on,
1790862747	20435	r8-K2on,
1790862749	20433	r8-K2on,
1790862750	20424	r8-K2on,
1790862751	20426	r8-K2on,
1790862752	20417	r8-K2on,
1790862753	20426	r8-K2on,
1790862754	20419	r8-K2on,
1790862755	20430	r8-K2on,
1790862756	20441	r8-K2on,
1790862757	20435	r8-K2on,
1790862758	20423	r8-K2on,
1790862759	20422	r8-K2on,
1790862760	20420	r8-K2on,
1790862761	20419	r8-K2on,
1790862762	20426	r8-K2on,
1790862763	20432	r8-K2on,
1790862764	20434	r8-K2on,
1790862765	20436	r8-K2on,
1790862766	20437	r8-K2on,
1790862767	20437	r8-K2on,
1790862768	20442	r8-K2on,
1790862769	20433	r8-K2on,
1790862770	20440	r8-K2on,
1790862771	20438	r8-K2on,
1790862772	20436	r8-K2on,
1790862773	20429	r8-K2on,
1790862774	20499	r8-K2on,
1790862775	20466	r8-K2on,
1790862776	20460	r8-K2on,
1790862777	20453	r8-K2on,
1790862778	20447	r8-K2on,
1790862779	20437	r8-K2on,
1790862780	20379	r8-K2on,
1790862781	20325	r8-K2on,
1790862782	20222	r8-K2on,
1790862783	20212	r8-K2on,
1790862784	20225	r8-K2on,
1790862785	20236	r8-K2on,
1790862786	20231	r8-K2on,
1790862787	20226	r8-K2on,
1790862788	20139	r8-K2on,
1790862789	20106	r8-K2on,
1790862790	20108	r8-K2on,
1790862792	20068	r8-K2on,
1790862793	20072	r8-K2on,
1790862794	20079	r8-K2on,
1790862795	20078	r8-K2on,
1790862796	20069	r8-K2on,
1790862797	20044	r8-K2on,
1790862798	20031	r8-K2on,
1790862799	19983	r8-K2on,
1790862800	20488	r8-K2on,
1790862801	20479	r8-K2on,
1790862802	20467	r8-K2on,
1790862803	20466	r8-K2on,
1790862804	20457	r8-K2on,
1790862805	20451	r8-K2on,
1790862806	20453	r8-K2on,
1790862807	20452	r8-K2on,
1790862808	20438	r8-K2on,
1790862809	20432	r8-K2on,
1790862810	20430	r8-K2on,
1790862811	20427	r8-K2on,
1790862812	20433	r8-K2on,
1790862813	20434	r8-K2on,
1790862814	20433	r8-K2on,
1790862815	20429	r8-K2on,
1790862816	20424	r8-K2on,
1790862817	20416	r8-K2on,
1790862818	20420	r8-K2on,
1790862819	20421	r8-K2on,
1790862820	20424	r8-K2on,
1790862821	20419	r8-K2on,
1790862822	20409	r8-K2on,
1790862823	20411	r8-K2on,
1790862824	20420	r8-K2on,
1790862825	20421	r8-K2on,
1790862826	20423	r8-K2on,
1790862827	20418	r8-K2on,
1790862828	20423	r8-K2on,
1790862829	20426	r8-K2on,
1790862831	20434	r8-K2on,
1790862832	20429	r8-K2on,
1790862833	20429	r8-K2on,
1790862834	20419	r8-K2on,
1790862835	20425	r8-K2on,
1790862836	20416	r8-K2on,
1790862837	20411	r8-K2on,
1790862838	20421	r8-K2on,
1790862839	20422	r8-K2on,
1790862840	20415	r8-K2on,
1790862841	20406	r8-K2on,
1790862842	20402	r8-K2on,
1790862843	20416	r8-K2on,
1790862844	20421	r8-K2on,
1790862845	20404	r8-K2on,
1790862846	20400	r8-K2on,
1790862847	20407	r8-K2on,
1790862848	20404	r8-K2on,
1790862849	20404	r8-K2on,
1790862850	20401	r8-K2on,
1790862851	20401	r8-K2on,
1790862852	20409	r8-K2on,
1790862853	20407	r8-K2on,
1790862854	20403	r8-K2on,
1790862855	20402	r8-K2on,
1790862856	20404	r8-K2on,
1790862857	20403	r8-K2on,
1790862858	20407	r8-K2on,
1790862859	20415	r8-K2on,
1790862860	20421	r8-K2on,
1790862861	20420	r8-K2on,
1790862862	20411	r8-K2on,
1790862863	20417	r8-K2on,
1790862864	20409	r8-K2on,
1790862865	20417	r8-K2on,
1790862866	20414	r8-K2on,
1790862867	20417	r8-K2on,
1790862868	20417	r8-K2on,
1790862869	20422	r8-K2on,
1790862870	20416	r8-K2on,
1790862872	20414	r8-K2on,
1790862873	20420	r8-K2on,
1790862874	20427	r8-K2on,
1790862875	20435	r8-K2on,
1790862876	20440	r8-K2on,
1790862877	20442	r8-K2on,
1790862878	20438	r8-K2on,
1790862879	20432	r8-K2on,
1790862880	20417	r8-K2on,
1790862881	20418	r8-K2on,
1790862882	20425	r8-K2on,
1790862883	20417	r8-K2on,
1790862884	20420	r8-K2on,
1790862885	20424	r8-K2on,
1790862886	20428	r8-K2on,
1790862887	20436	r8-K2on,
1790862888	20433	r8-K2on,
1790862889	20427	r8-K2on,
1790862890	20421	r8-K2on,
1790862891	20428	r8-K2on,
1790862892	20423	r8-K2on,
1790862893	20423	r8-K2on,
1790862894	20421	r8-K2on,
1790862895	20427	r8-K2on,
1790862896	20439	r8-K2on,
1790862897	20430	r8-K2on,
1790862898	20424	r8-K2on,
1790862899	20422	r8-K2on,
1790862900	20431	r8-K2on,
1790862901	20424	r8-K2on,
1790862902	20430	r8-K2on,
1790862903	20431	r8-K2on,
1790862904	20431	r8-K2on,
1790862905	20425	r8-K2on,
1790862906	20428	r8-K2on,
1790862907	20437	r8-K2on,
1790862908	20443	r8-K2on,
1790862909	20443	r8-K2on,
1790862910	20437	r8-K2on,
1790862911	20431	r8-K2on,
1790862913	20425	r8-K2on,
1790862914	20418	r8-K2on,
1790862915	20422	r8-K2on,
1790862916	20431	r8-K2on,
1790862917	20441	r8-K2on,
1790862918	20434	r8-K2on,
1790862919	20426	r8-K2on,
1790862920	20418	r8-K2on,
1790862921	20418	r8-K2on,
1790862922	20411	r8-K2on,
1790862923	20415	r8-K2on,
1790862924	20414	r8-K2on,
1790862925	20423	r8-K2on,
1790862926	20419	r8-K2on,
1790862927	20412	r8-K2on,
1790862928	20416	r8-K2on,
1790862929	20421	r8-K2on,
1790862930	20416	r8-K2on,
1790862931	20407	r8-K2on,
1790862932	20404	r8-K2on,
1790862933	20409	r8-K2on,
1790862934	20403	r8-K2on,
1790862935	20409	r8-K2on,
1790862936	20410	r8-K2on,
1790862937	20408	r8-K2on,
1790862938	20400	r8-K2on,
1790862939	20400	r8-K2on,
1790862940	20404	r8-K2on,
1790862941	20413	r8-K2on,
1790862942	20414	r8-K2on,
1790862943	20412	r8-K2on,
1790862944	20416	r8-K2on,
1790862945	20425	r8-K2on,
1790862946	20421	r8-K2on,
1790862947	20419	r8-K2on,
1790862948	20416	r8-K2on,
1790862949	20414	r8-K2on,
1790862950	20412	r8-K2on,
1790862951	20411	r8-K2on,
1790862953	20411	r8-K2on,
1790862954	20419	r8-K2on,
1790862955	20425	r8-K2on,
1790862956	20419	r8-K2on,
1790862957	20421	r8-K2on,
1790862958	20418	r8-K2on,
1790862959	20412	r8-K2on,
1790862960	20419	r8-K2on,
1790862961	20424	r8-K2on,
1790862962	20431	r8-K2on,
1790862963	20440	r8-K2on,
1790862964	20435	r8-K2on,
1790862965	20441	r8-K2on,
1790862966	20442	r8-K2on,
1790862967	20443	r8-K2on,
1790862968	20436	r8-K2on,
1790862969	20431	r8-K2on,
1790862970	20432	r8-K2on,
1790862971	20425	r8-K2on,
1790862972	20423	r8-K2on,
1790862973	20433	r8-K2on,
1790862974	20423	r8-K2on,
1790862975	20415	r8-K2on,
1790862976	20417	r8-K2on,
1790862977	20420	r8-K2on,
1790862978	20416	r8-K2on,
1790862979	20424	r8-K2on,
1790862980	20422	r8-K2on,
1790862981	20417	r8-K2on,
1790862982	20411	r8-K2on,
1790862983	20408	r8-K2on,
1790862984	20399	r8-K2on,
1790862985	20399	r8-K2on,
1790862986	20404	r8-K2on,
1790862987	20406	r8-K2on,
1790862988	20401	r8-K2on,
1790862989	20384	r8-K2on,
1790862990	20325	r8-K2on,
1790862991	20266	r8-K2on,
1790862993	20211	r8-K2on,
1790862994	20224	r8-K2on,
1790862995	20204	r8-K2on,
1790862996	20214	r8-K2on,
1790862997	20211	r8-K2on,
1790862998	20203	r8-K2on,
1790862999	20203	r8-K2on,
1790863000	20150	r8-K2on,
1790863001	20155	r8-K2on,
1790863002	20160	r8-K2on,
1790863003	20134	r8-K2on,
1790863004	20098	r8-K2on,
1790863005	20066	r8-K2on,
1790863006	20071	r8-K2on,
1790863007	20072	r8-K2on,
1790863008	20078	r8-K2on,
1790863009	20077	r8-K2on,
1790863010	20065	r8-K2on,
1790863011	20050	r8-K2on,
1790863012	20039	r8-K2on,
1790863013	19992	r8-K2on,
1790863014	19934	r8-K2on,
1790863015	19932	r8-K2on,
1790863016	19922	r8-K2on,
1790863017	20401	r8-K2on,
1790863018	20388	r8-K2on,
1790863019	20383	r8-K2on,
1790863020	20395	r8-K2on,
1790863021	20386	r8-K2on,
1790863022	20382	r8-K2on,
1790863023	20391	r8-K2on,
1790863024	20388	r8-K2on,
1790863025	20399	r8-K2on,
1790863026	20393	r8-K2on,
1790863027	20409	r8-K2on,
1790863028	20404	r8-K2on,
1790863029	20397	r8-K2on,
1790863030	20410	r8-K2on,
1790863031	20408	r8-K2on,
1790863033	20403	r8-K2on,
1790863034	20395	r8-K2on,
1790863035	20394	r8-K2on,
1790863036	20390	r8-K2on,
1790863037	20389	r8-K2on,
1790863038	20389	r8-K2on,
1790863039	20393	r8-K2on,
1790863040	20389	r8-K2on,
1790863041	20388	r8-K2on,
1790863042	20397	r8-K2on,
1790863043	20394	r8-K2on,
1790863044	20401	r8-K2on,
1790863045	20408	r8-K2on,
1790863046	20403	r8-K2on,
1790863047	20398	r8-K2on,
1790863048	20394	r8-K2on,
1790863049	20400	r8-K2on,
1790863050	20397	r8-K2on,
1790863051	20403	r8-K2on,
1790863052	20403	r8-K2on,
1790863053	20393	r8-K2on,
1790863054	20393	r8-K2on,
1790863055	20400	r8-K2on,
1790863056	20406	r8-K2on,
1790863057	20404	r8-K2on,
1790863058	20410	r8-K2on,
1790863059	20406	r8-K2on,
1790863060	20398	r8-K2on,
1790863061	20410	r8-K2on,
1790863062	20411	r8-K2on,
1790863063	20415	r8-K2on,
1790863064	20408	r8-K2on,
1790863065	20404	r8-K2on,
1790863066	20412	r8-K2on,
1790863067	20418	r8-K2on,
1790863068	20411	r8-K2on,
1790863069	20411	r8-K2on,
1790863070	20411	r8-K2on,
1790863072	20406	r8-K2on,
1790863073	20408	r8-K2on,
1790863074	20416	r8-K2on,
1790863075	20407	r8-K2on,
1790863076	20403	r8-K2on,
1790863077	20409	r8-K2on,
1790863078	20408	r8-K2on,
1790863079	20410	r8-K2on,
1790863080	20406	r8-K2on,
1790863081	20401	r8-K2on,
1790863082	20403	r8-K2on,
1790863083	20399	r8-K2on,
1790863084	20391	r8-K2on,
1790863085	20386	r8-K2on,
1790863086	20384	r8-K2on,
1790863087	20377	r8-K2on,
1790863088	20378	r8-K2on,
1790863089	20374	r8-K2on,
1790863090	20380	r8-K2on,
1790863091	20377	r8-K2on,
1790863092	20375	r8-K2on,
1790863093	20375	r8-K2on,
1790863094	20381	r8-K2on,
1790863095	20388	r8-K2on,
1790863096	20394	r8-K2on,
1790863097	20402	r8-K2on,
1790863098	20398	r8-K2on,
1790863099	20394	r8-K2on,
1790863100	20388	r8-K2on,
1790863101	20394	r8-K2on,
1790863102	20395	r8-K2on,
1790863103	20404	r8-K2on,
1790863104	20412	r8-K2on,
1790863105	20406	r8-K2on,
1790863106	20410	r8-K2on,
1790863107	20406	r8-K2on,
1790863108	20413	r8-K2on,
1790863109	20418	r8-K2on,
1790863111	20410	r8-K2on,
1790863112	20404	r8-K2on,
1790863113	20398	r8-K2on,
1790863114	20393	r8-K2on,
1790863115	20395	r8-K2on,
1790863116	20389	r8-K2on,
1790863117	20398	r8-K2on,
1790863118	20399	r8-K2on,
1790863119	20392	r8-K2on,
1790863120	20353	r8-K2on,
1790863121	20349	r8-K2on,
1790863122	20339	r8-K2on,
1790863123	20365	r8-K2on,
1790863124	20286	r8-K2on,
1790863125	20268	r8-K2on,
1790863126	20272	r8-K2on,
1790863127	20331	r8-K2on,
1790863128	20277	r8-K2on,
1790863129	20289	r8-K2on,
1790863130	20262	r8-K2on,
1790863131	20257	r8-K2on,
1790863132	20223	r8-K2on,
1790863133	20214	r8-K2on,
1790863134	20227	r8-K2on,
1790863135	20230	r8-K2on,
1790863136	20255	r8-K2on,
1790863137	20273	r8-K2on,
1790863138	20282	r8-K2on,
1790863139	20318	r8-K2on,
1790863140	20313	r8-K2on,
1790863141	20312	r8-K2on,
1790863142	20306	r8-K2on,
1790863143	20304	r8-K2on,
1790863144	20305	r8-K2on,
1790863145	20305	r8-K2on,
1790863146	20306	r8-K2on,
1790863148	20303	r8-K2on,
1790863149	20318	r8-K2on,
1790863150	20299	r8-K2on,
1790863151	20289	r8-K2on,
1790863152	20288	r8-K2on,
1790863153	20296	r8-K2on,
1790863154	20307	r8-K2on,
1790863155	20284	r8-K2on,
1790863156	20277	r8-K2on,
1790863157	20286	r8-K2on,
1790863158	20283	r8-K2on,
1790863159	20294	r8-K2on,
1790863160	20299	r8-K2on,
1790863161	20282	r8-K2on,
1790863162	20276	r8-K2on,
1790863163	20270	r8-K2on,
1790863164	20294	r8-K2on,
1790863165	20290	r8-K2on,
1790863166	20296	r8-K2on,
1790863167	20320	r8-K2on,
1790863168	20298	r8-K2on,
1790863169	20296	r8-K2on,
1790863170	20286	r8-K2on,
1790863171	20296	r8-K2on,
1790863172	20294	r8-K2on,
1790863173	20278	r8-K2on,
1790863174	20283	r8-K2on,
1790863175	20291	r8-K2on,
1790863176	20294	r8-K2on,
1790863177	20297	r8-K2on,
1790863178	20326	r8-K2on,
1790863179	20303	r8-K2on,
1790863180	20308	r8-K2on,
1790863181	20222	r8-K2on,
1790863182	20230	r8-K2on,
1790863183	20222	r8-K2on,
1790863184	20233	r8-K2on,
1790863185	20247	r8-K2on,
1790863186	20262	r8-K2on,
1790863188	20264	r8-K2on,
1790863189	20278	r8-K2on,
1790863190	20289	r8-K2on,
1790863191	20291	r8-K2on,
1790863192	20296	r8-K2on,
1790863193	20311	r8-K2on,
1790863194	20324	r8-K2on,
1790863195	20341	r8-K2on,
1790863196	20354	r8-K2on,
1790863197	20356	r8-K2on,
1790863198	20357	r8-K2on,
1790863199	20365	r8-K2on,
1790863200	20377	r8-K2on,
1790863201	20374	r8-K2on,
1790863202	20368	r8-K2on,
1790863203	20357	r8-K2on,
1790863204	20365	r8-K2on,
1790863205	20378	r8-K2on,
1790863206	20386	r8-K2on,
1790863207	20380	r8-K2on,
1790863208	20387	r8-K2on,
1790863209	20391	r8-K2on,
1790863210	20386	r8-K2on,
1790863211	20380	r8-K2on,
1790863212	20381	r8-K2on,
1790863213	20389	r8-K2on,
1790863214	20388	r8-K2on,
1790863215	20382	r8-K2on,
1790863216	20383	r8-K2on,
1790863217	20393	r8-K2on,
1790863218	20393	r8-K2on,
1790863219	20386	r8-K2on,
1790863220	20388	r8-K2on,
1790863221	20386	r8-K2on,
1790863222	20377	r8-K2on,
1790863223	20374	r8-K2on,
1790863224	20377	r8-K2on,
1790863225	20379	r8-K2on,
1790863227	20387	r8-K2on,
1790863228	20378	r8-K2on,
1790863229	20389	r8-K2on,
1790863230	20385	r8-K2on,
1790863231	20376	r8-K2on,
1790863232	20374	r8-K2on,
1790863233	20371	r8-K2on,
1790863234	20366	r8-K2on,
1790863235	20364	r8-K2on,
1790863236	20360	r8-K2on,
1790863237	20371	r8-K2on,
1790863238	20366	r8-K2on,
1790863239	20367	r8-K2on,
1790863240	20374	r8-K2on,
1790863241	20382	r8-K2on,
1790863242	20389	r8-K2on,
1790863243	20403	r8-K2on,
1790863244	20399	r8-K2on,
1790863245	20404	r8-K2on,
1790863246	20401	r8-K2on,
1790863247	20396	r8-K2on,
1790863248	20403	r8-K2on,
1790863249	20399	r8-K2on,
1790863250	20393	r8-K2on,
1790863251	20389	r8-K2on,
1790863252	20386	r8-K2on,
1790863253	20386	r8-K2on,
1790863254	20390	r8-K2on,
1790863255	20393	r8-K2on,
1790863256	20386	r8-K2on,
1790863257	20387	r8-K2on,
1790863258	20389	r8-K2on,
1790863259	20393	r8-K2on,
1790863260	20400	r8-K2on,
1790863261	20406	r8-K2on,
1790863262	20398	r8-K2on,
1790863263	20393	r8-K2on,
1790863264	20386	r8-K2on,
1790863265	20394	r8-K2on,
1790863267	20397	r8-K2on,
1790863268	20405	r8-K2on,
1790863269	20399	r8-K2on,
1790863270	20398	r8-K2on,
1790863271	20396	r8-K2on,
1790863272	20391	r8-K2on,
1790863273	20386	r8-K2on,
1790863274	20384	r8-K2on,
1790863275	20378	r8-K2on,
1790863276	20374	r8-K2on,
1790863277	20380	r8-K2on,
1790863278	20379	r8-K2on,
1790863279	20379	r8-K2on,
1790863280	20387	r8-K2on,
1790863281	20393	r8-K2on,
1790863282	20389	r8-K2on,
1790863283	20395	r8-K2on,
1790863284	20402	r8-K2on,
1790863285	20406	r8-K2on,
1790863286	20396	r8-K2on,
1790863287	20401	r8-K2on,
1790863288	20396	r8-K2on,
1790863289	20389	r8-K2on,
1790863290	20396	r8-K2on,
1790863291	20405	r8-K2on,
1790863292	20401	r8-K2on,
1790863293	20396	r8-K2on,
1790863294	20390	r8-K2on,
1790863295	20395	r8-K2on,
1790863296	20389	r8-K2on,
1790863297	20394	r8-K2on,
1790863298	20387	r8-K2on,
1790863299	20381	r8-K2on,
1790863300	20389	r8-K2on,
1790863301	20381	r8-K2on,
1790863302	20378	r8-K2on,
1790863303	20385	r8-K2on,
1790863305	20382	r8-K2on,
1790863306	20390	r8-K2on,
1790863307	20395	r8-K2on,
1790863308	20389	r8-K2on,
1790863309	20378	r8-K2on,
1790863310	20384	r8-K2on,
1790863311	20384	r8-K2on,
1790863312	20379	r8-K2on,
1790863313	20374	r8-K2on,
1790863314	20366	r8-K2on,
1790863315	20369	r8-K2on,
1790863316	20375	r8-K2on,
1790863317	20375	r8-K2on,
1790863318	20382	r8-K2on,
1790863319	20386	r8-K2on,
1790863320	20392	r8-K2on,
1790863321	20398	r8-K2on,
1790863322	20395	r8-K2on,
1790863323	20390	r8-K2on,
1790863324	20394	r8-K2on,
1790863325	20387	r8-K2on,
1790863326	20388	r8-K2on,
1790863327	20395	r8-K2on,
1790863328	20402	r8-K2on,
1790863329	20399	r8-K2on,
1790863330	20404	r8-K2on,
1790863331	20397	r8-K2on,
1790863332	20390	r8-K2on,
1790863333	20389	r8-K2on,
1790863334	20405	r8-K2on,
1790863335	20400	r8-K2on,
1790863336	20402	r8-K2on,
1790863337	20396	r8-K2on,
1790863338	20387	r8-K2on,
1790863339	20392	r8-K2on,
1790863340	20398	r8-K2on,
1790863341	20405	r8-K2on,
1790863342	20399	r8-K2on,
1790863344	20402	r8-K2on,
1790863345	20403	r8-K2on,
1790863346	20399	r8-K2on,
1790863347	20394	r8-K2on,
1790863348	20401	r8-K2on,
1790863349	20403	r8-K2on,
1790863350	20403	r8-K2on,
1790863351	20395	r8-K2on,
1790863352	20386	r8-K2on,
1790863353	20380	r8-K2on,
1790863354	20390	r8-K2on,
1790863355	20388	r8-K2on,
1790863356	20381	r8-K2on,
1790863357	20387	r8-K2on,
1790863358	20387	r8-K2on,
1790863359	20382	r8-K2on,
1790863360	20376	r8-K2on,
1790863361	20376	r8-K2on,
1790863362	20383	r8-K2on,
1790863363	20376	r8-K2on,
1790863364	20377	r8-K2on,
1790863365	20382	r8-K2on,
1790863366	20379	r8-K2on,
1790863367	20373	r8-K2on,
1790863368	20385	r8-K2on,
1790863369	20399	r8-K2on,
1790863370	20401	r8-K2on,
1790863371	20406	r8-K2on,
1790863372	20410	r8-K2on,
1790863373	20404	r8-K2on,
1790863374	20398	r8-K2on,
1790863375	20392	r8-K2on,
1790863376	20386	r8-K2on,
1790863377	20394	r8-K2on,
1790863378	20401	r8-K2on,
1790863379	20406	r8-K2on,
1790863380	20400	r8-K2on,
1790863381	20407	r8-K2on,
1790863383	20398	r8-K2on,
1790863384	20392	r8-K2on,
1790863385	20390	r8-K2on,
1790863386	20397	r8-K2on,
1790863387	20405	r8-K2on,
1790863388	20408	r8-K2on,
1790863389	20409	r8-K2on,
1790863390	20404	r8-K2on,
1790863391	20408	r8-K2on,
1790863392	20397	r8-K2on,
1790863393	20389	r8-K2on,
1790863394	20381	r8-K2on,
1790863395	20379	r8-K2on,
1790863396	20382	r8-K2on,
1790863397	20388	r8-K2on,
1790863398	20365	r8-K2on,
1790863399	20362	r8-K2on,
1790863400	20374	r8-K2on,
1790863401	20368	r8-K2on,
1790863402	20376	r8-K2on,
1790863403	20370	r8-K2on,
1790863404	20366	r8-K2on,
1790863405	20374	r8-K2on,
1790863406	20369	r8-K2on,
1790863407	20377	r8-K2on,
1790863408	20384	r8-K2on,
1790863409	20384	r8-K2on,
1790863410	20387	r8-K2on,
1790863411	20383	r8-K2on,
1790863412	20376	r8-K2on,
1790863413	20383	r8-K2on,
1790863414	20378	r8-K2on,
1790863415	20383	r8-K2on,
1790863416	20378	r8-K2on,
1790863417	20378	r8-K2on,
1790863418	20373	r8-K2on,
1790863419	20379	r8-K2on,
1790863421	20387	r8-K2on,
1790863422	20383	r8-K2on,
1790863423	20386	r8-K2on,
1790863424	20383	r8-K2on,
1790863425	20389	r8-K2on,
1790863426	20383	r8-K2on,
1790863427	20376	r8-K2on,
1790863428	20385	r8-K2on,
1790863429	20381	r8-K2on,
1790863430	20381	r8-K2on,
1790863431	20385	r8-K2on,
1790863432	20386	r8-K2on,
1790863433	20381	r8-K2on,
1790863434	20377	r8-K2on,
1790863435	20384	r8-K2on,
1790863436	20384	r8-K2on,
1790863437	20390	r8-K2on,
1790863438	20394	r8-K2on,
1790863439	20392	r8-K2on,
1790863440	20389	r8-K2on,
1790863441	20387	r8-K2on,
1790863442	20389	r8-K2on,
1790863443	20396	r8-K2on,
1790863444	20402	r8-K2on,
1790863445	20401	r8-K2on,
1790863446	20407	r8-K2on,
1790863447	20405	r8-K2on,
1790863448	20402	r8-K2on,
1790863449	20392	r8-K2on,
1790863450	20399	r8-K2on,
1790863451	20392	r8-K2on,
1790863452	20383	r8-K2on,
1790863453	20384	r8-K2on,
1790863454	20376	r8-K2on,
1790863455	20385	r8-K2on,
1790863456	20381	r8-K2on,
1790863457	20378	r8-K2on,
1790863458	20385	r8-K2on,
1790863459	20388	r8-K2on,
1790863460	20383	r8-K2on,
1790863462	20389	r8-K2on,
1790863463	20393	r8-K2on,
1790863464	20387	r8-K2on,
1790863465	20389	r8-K2on,
1790863466	20389	r8-K2on,
1790863467	20381	r8-K2on,
1790863468	20387	r8-K2on,
1790863469	20380	r8-K2on,
1790863470	20382	r8-K2on,
1790863471	20389	r8-K2on,
1790863472	20382	r8-K2on,
1790863473	20387	r8-K2on,
1790863474	20388	r8-K2on,
1790863475	20393	r8-K2on,
1790863476	20399	r8-K2on,
1790863477	20395	r8-K2on,
1790863478	20387	r8-K2on,
1790863479	20391	r8-K2on,
1790863480	20395	r8-K2on,
1790863481	20392	r8-K2on,
1790863482	20381	r8-K2on,
1790863483	20381	r8-K2on,
1790863484	20389	r8-K2on,
1790863485	20377	r8-K2on,
1790863486	20375	r8-K2on,
1790863487	20377	r8-K2on,
1790863488	20374	r8-K2on,
1790863489	20374	r8-K2on,
1790863490	20380	r8-K2on,
1790863491	20382	r8-K2on,
1790863492	20377	r8-K2on,
1790863493	20375	r8-K2on,
1790863494	20383	r8-K2on,
1790863495	20382	r8-K2on,
1790863496	20387	r8-K2on,
1790863497	20383	r8-K2on,
1790863498	20381	r8-K2on,
1790863499	20373	r8-K2on,
1790863501	20367	r8-K2on,
1790863502	20372	r8-K2on,
1790863503	20376	r8-K2on,
1790863504	20377	r8-K2on,
1790863505	20384	r8-K2on,
1790863506	20393	r8-K2on,
1790863507	20384	r8-K2on,
1790863508	20379	r8-K2on,
1790863509	20380	r8-K2on,
1790863510	20384	r8-K2on,
1790863511	20376	r8-K2on,
1790863512	24220	r8-K2on,
1790863513	113379	r8-K2on,
1790863514	121855	
1790863515	121572	r8-K2on-2,
1790863516	121421	r8-K2on-2,
1790863517	121371	r8-K2on-2,
1790863518	121327	r8-K2on-2,
1790863519	121271	r8-K2on-2,
1790863520	121233	r8-K2on-2,
1790863521	120925	r8-K2on-2,
1790863522	120809	r8-K2on-2,
1790863523	120729	r8-K2on-2,
1790863524	120647	r8-K2on-2,
1790863525	120591	r8-K2on-2,
1790863526	120043	r8-K2on-2,
1790863527	120524	r8-K2on-2,
1790863528	121147	r8-K2on-2,
1790863529	120497	r8-K2on-2,
1790863530	120660	r8-K2on-2,
1790863531	120509	r8-K2on-2,
1790863532	120449	r8-K2on-2,
1790863533	120333	r8-K2on-2,
1790863534	120048	r8-K2on-2,
1790863535	120494	r8-K2on-2,
1790863536	120578	r8-K2on-2,
1790863537	120373	r8-K2on-2,
1790863538	120183	r8-K2on-2,
1790863539	120004	r8-K2on-2,
1790863540	119847	r8-K2on-2,
1790863541	119857	r8-K2on-2,
1790863542	119421	r8-K2on-2,
1790863543	119184	r8-K2on-2,
1790863544	118993	r8-K2on-2,
1790863545	118808	r8-K2on-2,
1790863546	118346	r8-K2on-2,
1790863547	118269	r8-K2on-2,
1790863548	115409	r8-K2on-2,
1790863549	115263	r8-K2on-2,
1790863550	91140	r8-K2on-2,
1790863551	59919	r8-K2on-2,
1790863552	39374	r8-K2on-2,
1790863553	39269	r8-K2on-2,
1790863555	38521	r8-K2on-2,
1790863556	38351	r8-K2on-2,
1790863557	38352	r8-K2on-2,
1790863558	38360	r8-K2on-2,
1790863559	38371	r8-K2on-2,
1790863560	38378	r8-K2on-2,
1790863561	38393	r8-K2on-2,
1790863562	38441	r8-K2on-2,
1790863563	38497	r8-K2on-2,
1790863564	38512	r8-K2on-2,
1790863565	38508	r8-K2on-2,
1790863566	38520	r8-K2on-2,
1790863567	38525	r8-K2on-2,
1790863568	38533	r8-K2on-2,
1790863569	38555	r8-K2on-2,
1790863570	38565	r8-K2on-2,
1790863571	38590	r8-K2on-2,
1790863572	38590	r8-K2on-2,
1790863573	38609	r8-K2on-2,
1790863574	38616	r8-K2on-2,
1790863575	38645	r8-K2on-2,
1790863576	38659	r8-K2on-2,
1790863577	38672	r8-K2on-2,
1790863578	38681	r8-K2on-2,
1790863579	38700	r8-K2on-2,
1790863580	38729	r8-K2on-2,
1790863581	38740	r8-K2on-2,
1790863582	38760	r8-K2on-2,
1790863583	38777	r8-K2on-2,
1790863584	38788	r8-K2on-2,
1790863585	38792	r8-K2on-2,
1790863586	38809	r8-K2on-2,
1790863587	39023	r8-K2on-2,
1790863588	39024	r8-K2on-2,
1790863589	38994	r8-K2on-2,
1790863590	38979	r8-K2on-2,
1790863591	38976	r8-K2on-2,
1790863592	38974	r8-K2on-2,
1790863593	38966	r8-K2on-2,
1790863594	39025	r8-K2on-2,
1790863595	39010	r8-K2on-2,
1790863596	39025	r8-K2on-2,
1790863597	39010	r8-K2on-2,
1790863598	39025	r8-K2on-2,
1790863599	39007	r8-K2on-2,
1790863600	39003	r8-K2on-2,
1790863601	39024	r8-K2on-2,
1790863602	39017	r8-K2on-2,
1790863603	39010	r8-K2on-2,
1790863604	39005	r8-K2on-2,
1790863605	38990	r8-K2on-2,
1790863606	39023	r8-K2on-2,
1790863607	39015	r8-K2on-2,
1790863608	39005	r8-K2on-2,
1790863609	39011	r8-K2on-2,
1790863610	38991	r8-K2on-2,
1790863611	38990	r8-K2on-2,
1790863612	39025	r8-K2on-2,
1790863613	39008	r8-K2on-2,
1790863614	38998	r8-K2on-2,
1790863615	38980	r8-K2on-2,
1790863616	39024	r8-K2on-2,
1790863617	39009	r8-K2on-2,
1790863618	38999	r8-K2on-2,
1790863620	39001	r8-K2on-2,
1790863621	38982	r8-K2on-2,
1790863622	38980	r8-K2on-2,
1790863623	38971	r8-K2on-2,
1790863624	39024	r8-K2on-2,
1790863625	38991	r8-K2on-2,
1790863626	39025	r8-K2on-2,
1790863627	39005	r8-K2on-2,
1790863628	38995	r8-K2on-2,
1790863629	38987	r8-K2on-2,
1790863630	39007	r8-K2on-2,
1790863631	38993	r8-K2on-2,
1790863632	39022	r8-K2on-2,
1790863633	39022	r8-K2on-2,
1790863634	39013	r8-K2on-2,
1790863635	38991	r8-K2on-2,
1790863636	39024	r8-K2on-2,
1790863637	39006	r8-K2on-2,
1790863638	39022	r8-K2on-2,
1790863639	39016	r8-K2on-2,
1790863640	39016	r8-K2on-2,
1790863641	39025	r8-K2on-2,
1790863642	39006	r8-K2on-2,
1790863643	39024	r8-K2on-2,
1790863644	39014	r8-K2on-2,
1790863645	39002	r8-K2on-2,
1790863646	38995	r8-K2on-2,
1790863647	38994	r8-K2on-2,
1790863648	38985	r8-K2on-2,
1790863649	38977	r8-K2on-2,
1790863650	38963	r8-K2on-2,
1790863651	38960	r8-K2on-2,
1790863652	38950	r8-K2on-2,
1790863653	38942	r8-K2on-2,
1790863654	38934	r8-K2on-2,
1790863655	38935	r8-K2on-2,
1790863656	39023	r8-K2on-2,
1790863657	39023	r8-K2on-2,
1790863658	39003	r8-K2on-2,
1790863659	39024	r8-K2on-2,
1790863660	39004	r8-K2on-2,
1790863661	39022	r8-K2on-2,
1790863662	39024	r8-K2on-2,
1790863663	39005	r8-K2on-2,
1790863664	39024	r8-K2on-2,
1790863665	39022	r8-K2on-2,
1790863666	39006	r8-K2on-2,
1790863667	39023	r8-K2on-2,
1790863668	39004	r8-K2on-2,
1790863669	39023	r8-K2on-2,
1790863670	39004	r8-K2on-2,
1790863671	38993	r8-K2on-2,
1790863672	38992	r8-K2on-2,
1790863673	38979	r8-K2on-2,
1790863674	38972	r8-K2on-2,
1790863675	39022	r8-K2on-2,
1790863676	39025	r8-K2on-2,
1790863677	39014	r8-K2on-2,
1790863678	39024	r8-K2on-2,
1790863679	38955	r8-K2on-2,
1790863680	39002	r8-K2on-2,
1790863681	38934	r8-K2on-2,
1790863682	38932	r8-K2on-2,
1790863684	38911	r8-K2on-2,
1790863685	38919	r8-K2on-2,
1790863686	38959	r8-K2on-2,
1790863687	38848	r8-K2on-2,
1790863688	38224	r8-K2on-2,
1790863689	34320	r8-K2on-2,
1790863690	30564	r8-K2on-2,
1790863691	30116	r8-K2on-2,
1790863692	30110	r8-K2on-2,
1790863693	33516	r8-K2on-2,
1790863694	33271	r8-K2on-2,
1790863695	33051	r8-K2on-2,
1790863696	32910	r8-K2on-2,
1790863697	32874	r8-K2on-2,
1790863698	31306	r8-K2on-2,
1790863699	29919	r8-K2on-2,
1790863700	29851	r8-K2on-2,
1790863701	29823	r8-K2on-2,
1790863702	29804	r8-K2on-2,
1790863703	29793	r8-K2on-2,
1790863704	28566	r8-K2on-2,
1790863705	28572	r8-K2on-2,
1790863706	28579	r8-K2on-2,
1790863707	28587	r8-K2on-2,
1790863708	28594	r8-K2on-2,
1790863709	28592	r8-K2on-2,
1790863710	28617	r8-K2on-2,
1790863711	28627	r8-K2on-2,
1790863712	28631	r8-K2on-2,
1790863713	28633	r8-K2on-2,
1790863714	28638	r8-K2on-2,
1790863715	28607	r8-K2on-2,
1790863716	30424	r8-K2on-2,
1790863717	29044	r8-K2on-2,
1790863718	29761	r8-K2on-2,
1790863719	29046	r8-K2on-2,
1790863720	29352	r8-K2on-2,
1790863721	31145	r8-K2on-2,
1790863722	31036	r8-K2on-2,
1790863723	30948	r8-K2on-2,
1790863724	30764	r8-K2on-2,
1790863725	24715	r8-K2on-2,
1790863726	23597	r8-K2on-2,
1790863727	23571	r8-K2on-2,
1790863728	23525	r8-K2on-2,
1790863729	23518	r8-K2on-2,
1790863730	23450	r8-K2on-2,
1790863731	23479	r8-K2on-2,
1790863732	23462	r8-K2on-2,
1790863733	23363	r8-K2on-2,
1790863734	23308	r8-K2on-2,
1790863735	23302	r8-K2on-2,
1790863736	23280	r8-K2on-2,
1790863737	23293	r8-K2on-2,
1790863738	23319	r8-K2on-2,
1790863739	23308	r8-K2on-2,
1790863740	22783	r8-K2on-2,
1790863741	22736	r8-K2on-2,
1790863743	22709	r8-K2on-2,
1790863744	22669	r8-K2on-2,
1790863745	22662	r8-K2on-2,
1790863746	21530	r8-K2on-2,
1790863747	21425	r8-K2on-2,
1790863748	21252	r8-K2on-2,
1790863749	21235	r8-K2on-2,
1790863750	21215	r8-K2on-2,
1790863751	21205	r8-K2on-2,
1790863752	21195	r8-K2on-2,
1790863753	21119	r8-K2on-2,
1790863754	21102	r8-K2on-2,
1790863755	21091	r8-K2on-2,
1790863756	21089	r8-K2on-2,
1790863757	21078	r8-K2on-2,
1790863758	21073	r8-K2on-2,
1790863759	21064	r8-K2on-2,
1790863760	21063	r8-K2on-2,
1790863761	21054	r8-K2on-2,
1790863762	21047	r8-K2on-2,
1790863763	21046	r8-K2on-2,
1790863764	21039	r8-K2on-2,
1790863765	21035	r8-K2on-2,
1790863766	21028	r8-K2on-2,
1790863767	21020	r8-K2on-2,
1790863768	21013	r8-K2on-2,
1790863769	21005	r8-K2on-2,
1790863770	21004	r8-K2on-2,
1790863771	21008	r8-K2on-2,
1790863772	21016	r8-K2on-2,
1790863773	21012	r8-K2on-2,
1790863774	21020	r8-K2on-2,
1790863775	21007	r8-K2on-2,
1790863776	21007	r8-K2on-2,
1790863777	21022	r8-K2on-2,
1790863778	21027	r8-K2on-2,
1790863779	21023	r8-K2on-2,
1790863780	21013	r8-K2on-2,
1790863781	21016	r8-K2on-2,
1790863782	21010	r8-K2on-2,
1790863784	21019	r8-K2on-2,
1790863785	21026	r8-K2on-2,
1790863786	21020	r8-K2on-2,
1790863787	21028	r8-K2on-2,
1790863788	21023	r8-K2on-2,
1790863789	21027	r8-K2on-2,
1790863790	21022	r8-K2on-2,
1790863791	21029	r8-K2on-2,
1790863792	21036	r8-K2on-2,
1790863793	21030	r8-K2on-2,
1790863794	21027	r8-K2on-2,
1790863795	21023	r8-K2on-2,
1790863796	21017	r8-K2on-2,
1790863797	21026	r8-K2on-2,
1790863798	21023	r8-K2on-2,
1790863799	21035	r8-K2on-2,
1790863800	21029	r8-K2on-2,
1790863801	21028	r8-K2on-2,
1790863802	21020	r8-K2on-2,
1790863803	21030	r8-K2on-2,
1790863804	21025	r8-K2on-2,
1790863805	21029	r8-K2on-2,
1790863806	21036	r8-K2on-2,
1790863807	21032	r8-K2on-2,
1790863808	21033	r8-K2on-2,
1790863809	21036	r8-K2on-2,
1790863810	21036	r8-K2on-2,
1790863811	21029	r8-K2on-2,
1790863812	21036	r8-K2on-2,
1790863813	21043	r8-K2on-2,
1790863814	21041	r8-K2on-2,
1790863815	21046	r8-K2on-2,
1790863816	21039	r8-K2on-2,
1790863817	21034	r8-K2on-2,
1790863818	21025	r8-K2on-2,
1790863819	21026	r8-K2on-2,
1790863820	21023	r8-K2on-2,
1790863821	21022	r8-K2on-2,
1790863823	21027	r8-K2on-2,
1790863824	21020	r8-K2on-2,
1790863825	21027	r8-K2on-2,
1790863826	21014	r8-K2on-2,
1790863827	21029	r8-K2on-2,
1790863828	21030	r8-K2on-2,
1790863829	21020	r8-K2on-2,
1790863830	21023	r8-K2on-2,
1790863831	21023	r8-K2on-2,
1790863832	21022	r8-K2on-2,
1790863833	21014	r8-K2on-2,
1790863834	21011	r8-K2on-2,
1790863835	21007	r8-K2on-2,
1790863836	21005	r8-K2on-2,
1790863837	21019	r8-K2on-2,
1790863838	21025	r8-K2on-2,
1790863839	21016	r8-K2on-2,
1790863840	21017	r8-K2on-2,
1790863841	21020	r8-K2on-2,
1790863842	21015	r8-K2on-2,
1790863843	21020	r8-K2on-2,
1790863844	21028	r8-K2on-2,
1790863845	21034	r8-K2on-2,
1790863846	21030	r8-K2on-2,
1790863847	21023	r8-K2on-2,
1790863848	21023	r8-K2on-2,
1790863849	21019	r8-K2on-2,
1790863850	21025	r8-K2on-2,
1790863851	21028	r8-K2on-2,
1790863852	21025	r8-K2on-2,
1790863853	21029	r8-K2on-2,
1790863854	21023	r8-K2on-2,
1790863855	21015	r8-K2on-2,
1790863856	21009	r8-K2on-2,
1790863857	21016	r8-K2on-2,
1790863858	21005	r8-K2on-2,
1790863859	21011	r8-K2on-2,
1790863861	21012	r8-K2on-2,
1790863862	21013	r8-K2on-2,
1790863863	21014	r8-K2on-2,
1790863864	21011	r8-K2on-2,
1790863865	21003	r8-K2on-2,
1790863866	21009	r8-K2on-2,
1790863867	21008	r8-K2on-2,
1790863868	21016	r8-K2on-2,
1790863869	21010	r8-K2on-2,
1790863870	21017	r8-K2on-2,
1790863871	21013	r8-K2on-2,
1790863872	21016	r8-K2on-2,
1790863873	21024	r8-K2on-2,
1790863874	21016	r8-K2on-2,
1790863875	21015	r8-K2on-2,
1790863876	21008	r8-K2on-2,
1790863877	21002	r8-K2on-2,
1790863878	21004	r8-K2on-2,
1790863879	21007	r8-K2on-2,
1790863880	21013	r8-K2on-2,
1790863881	21018	r8-K2on-2,
1790863882	21023	r8-K2on-2,
1790863883	21016	r8-K2on-2,
1790863884	21010	r8-K2on-2,
1790863885	20976	r8-K2on-2,
1790863886	20972	r8-K2on-2,
1790863887	20983	r8-K2on-2,
1790863888	20991	r8-K2on-2,
1790863889	21000	r8-K2on-2,
1790863890	21007	r8-K2on-2,
1790863891	21008	r8-K2on-2,
1790863892	21013	r8-K2on-2,
1790863893	21013	r8-K2on-2,
1790863894	21007	r8-K2on-2,
1790863895	21005	r8-K2on-2,
1790863896	21008	r8-K2on-2,
1790863897	21015	r8-K2on-2,
1790863898	21021	r8-K2on-2,
1790863900	21014	r8-K2on-2,
1790863901	21014	r8-K2on-2,
1790863902	21004	r8-K2on-2,
1790863903	20999	r8-K2on-2,
1790863904	20999	r8-K2on-2,
1790863905	20992	r8-K2on-2,
1790863906	20994	r8-K2on-2,
1790863907	20996	r8-K2on-2,
1790863908	20996	r8-K2on-2,
1790863909	20988	r8-K2on-2,
1790863910	20994	r8-K2on-2,
1790863911	20999	r8-K2on-2,
1790863912	21006	r8-K2on-2,
1790863913	21004	r8-K2on-2,
1790863914	21007	r8-K2on-2,
1790863915	21017	r8-K2on-2,
1790863916	21011	r8-K2on-2,
1790863917	21017	r8-K2on-2,
1790863918	21019	r8-K2on-2,
1790863919	21018	r8-K2on-2,
1790863920	21016	r8-K2on-2,
1790863921	21016	r8-K2on-2,
1790863922	21009	r8-K2on-2,
1790863923	21009	r8-K2on-2,
1790863924	21002	r8-K2on-2,
1790863925	20996	r8-K2on-2,
1790863926	20988	r8-K2on-2,
1790863927	20995	r8-K2on-2,
1790863928	21000	r8-K2on-2,
1790863929	20998	r8-K2on-2,
1790863930	20990	r8-K2on-2,
1790863931	20999	r8-K2on-2,
1790863932	21010	r8-K2on-2,
1790863933	21005	r8-K2on-2,
1790863934	21003	r8-K2on-2,
1790863935	21001	r8-K2on-2,
1790863936	21015	r8-K2on-2,
1790863937	21024	r8-K2on-2,
1790863938	21029	r8-K2on-2,
1790863939	21023	r8-K2on-2,
1790863940	21015	r8-K2on-2,
1790863942	21016	r8-K2on-2,
1790863943	21008	r8-K2on-2,
1790863944	21005	r8-K2on-2,
1790863945	21002	r8-K2on-2,
1790863946	20998	r8-K2on-2,
1790863947	20994	r8-K2on-2,
1790863948	21002	r8-K2on-2,
1790863949	21010	r8-K2on-2,
1790863950	21007	r8-K2on-2,
1790863951	21001	r8-K2on-2,
1790863952	21007	r8-K2on-2,
1790863953	21013	r8-K2on-2,
1790863954	21005	r8-K2on-2,
1790863955	20998	r8-K2on-2,
1790863956	21006	r8-K2on-2,
1790863957	21003	r8-K2on-2,
1790863958	20999	r8-K2on-2,
1790863959	21006	r8-K2on-2,
1790863960	20998	r8-K2on-2,
1790863961	21011	r8-K2on-2,
1790863962	21004	r8-K2on-2,
1790863963	21011	r8-K2on-2,
1790863964	21004	r8-K2on-2,
1790863965	21012	r8-K2on-2,
1790863966	21019	r8-K2on-2,
1790863967	21015	r8-K2on-2,
1790863968	21019	r8-K2on-2,
1790863969	21015	r8-K2on-2,
1790863970	21011	r8-K2on-2,
1790863971	21019	r8-K2on-2,
1790863972	21016	r8-K2on-2,
1790863973	21022	r8-K2on-2,
1790863974	21017	r8-K2on-2,
1790863975	21025	r8-K2on-2,
1790863976	21019	r8-K2on-2,
1790863978	21024	r8-K2on-2,
1790863979	21016	r8-K2on-2,
1790863980	21021	r8-K2on-2,
1790863981	21013	r8-K2on-2,
1790863982	21007	r8-K2on-2,
1790863983	20999	r8-K2on-2,
1790863984	21008	r8-K2on-2,
1790863985	21002	r8-K2on-2,
1790863986	20998	r8-K2on-2,
1790863987	20999	r8-K2on-2,
1790863988	20997	r8-K2on-2,
1790863989	20998	r8-K2on-2,
1790863990	20996	r8-K2on-2,
1790863991	21003	r8-K2on-2,
1790863992	21000	r8-K2on-2,
1790863993	21007	r8-K2on-2,
1790863994	21013	r8-K2on-2,
1790863995	21006	r8-K2on-2,
1790863996	20997	r8-K2on-2,
1790863997	20991	r8-K2on-2,
1790863998	21000	r8-K2on-2,
1790863999	21003	r8-K2on-2,
1790864000	20996	r8-K2on-2,
1790864001	20995	r8-K2on-2,
1790864002	20991	r8-K2on-2,
1790864003	20996	r8-K2on-2,
1790864004	21001	r8-K2on-2,
1790864005	20991	r8-K2on-2,
1790864006	20996	r8-K2on-2,
1790864007	21002	r8-K2on-2,
1790864008	20996	r8-K2on-2,
1790864009	20992	r8-K2on-2,
1790864010	21004	r8-K2on-2,
1790864011	20998	r8-K2on-2,
1790864012	20998	r8-K2on-2,
1790864013	21004	r8-K2on-2,
1790864014	21000	r8-K2on-2,
1790864015	20998	r8-K2on-2,
1790864016	21004	r8-K2on-2,
1790864017	21000	r8-K2on-2,
1790864019	20994	r8-K2on-2,
1790864020	20998	r8-K2on-2,
1790864021	21004	r8-K2on-2,
1790864022	21002	r8-K2on-2,
1790864023	21010	r8-K2on-2,
1790864024	21016	r8-K2on-2,
1790864025	21010	r8-K2on-2,
1790864026	21017	r8-K2on-2,
1790864027	21019	r8-K2on-2,
1790864028	21012	r8-K2on-2,
1790864029	21006	r8-K2on-2,
1790864030	21004	r8-K2on-2,
1790864031	20999	r8-K2on-2,
1790864032	21005	r8-K2on-2,
1790864033	20996	r8-K2on-2,
1790864034	21002	r8-K2on-2,
1790864035	20992	r8-K2on-2,
1790864036	20995	r8-K2on-2,
1790864037	20989	r8-K2on-2,
1790864038	20990	r8-K2on-2,
1790864039	20984	r8-K2on-2,
1790864040	20993	r8-K2on-2,
1790864041	20991	r8-K2on-2,
1790864042	20999	r8-K2on-2,
1790864043	21002	r8-K2on-2,
1790864044	21006	r8-K2on-2,
1790864045	21015	r8-K2on-2,
1790864046	21008	r8-K2on-2,
1790864047	21001	r8-K2on-2,
1790864048	21007	r8-K2on-2,
1790864049	21003	r8-K2on-2,
1790864050	21010	r8-K2on-2,
1790864051	21017	r8-K2on-2,
1790864052	21010	r8-K2on-2,
1790864053	21017	r8-K2on-2,
1790864054	21014	r8-K2on-2,
1790864055	21007	r8-K2on-2,
1790864056	20999	r8-K2on-2,
1790864058	21007	r8-K2on-2,
1790864059	21000	r8-K2on-2,
1790864060	21007	r8-K2on-2,
1790864061	21002	r8-K2on-2,
1790864062	20998	r8-K2on-2,
1790864063	20994	r8-K2on-2,
1790864064	21000	r8-K2on-2,
1790864065	21004	r8-K2on-2,
1790864066	21001	r8-K2on-2,
1790864067	20997	r8-K2on-2,
1790864068	21005	r8-K2on-2,
1790864069	21011	r8-K2on-2,
1790864070	21020	r8-K2on-2,
1790864071	21018	r8-K2on-2,
1790864072	21019	r8-K2on-2,
1790864073	21015	r8-K2on-2,
1790864074	21019	r8-K2on-2,
1790864075	21014	r8-K2on-2,
1790864076	21007	r8-K2on-2,
1790864077	21007	r8-K2on-2,
1790864078	21012	r8-K2on-2,
1790864079	21017	r8-K2on-2,
1790864080	21022	r8-K2on-2,
1790864081	21016	r8-K2on-2,
1790864082	21015	r8-K2on-2,
1790864083	21014	r8-K2on-2,
1790864084	21009	r8-K2on-2,
1790864085	21009	r8-K2on-2,
1790864086	21016	r8-K2on-2,
1790864087	21009	r8-K2on-2,
1790864088	21006	r8-K2on-2,
1790864089	20999	r8-K2on-2,
1790864090	21006	r8-K2on-2,
1790864091	21001	r8-K2on-2,
1790864092	20993	r8-K2on-2,
1790864093	21000	r8-K2on-2,
1790864094	20992	r8-K2on-2,
1790864095	20994	r8-K2on-2,
1790864097	20988	r8-K2on-2,
1790864098	20979	r8-K2on-2,
1790864099	20980	r8-K2on-2,
1790864100	20982	r8-K2on-2,
1790864101	20975	r8-K2on-2,
1790864102	20982	r8-K2on-2,
1790864103	20985	r8-K2on-2,
1790864104	20980	r8-K2on-2,
1790864105	20982	r8-K2on-2,
1790864106	20977	r8-K2on-2,
1790864107	20983	r8-K2on-2,
1790864108	20984	r8-K2on-2,
1790864109	20991	r8-K2on-2,
1790864110	20984	r8-K2on-2,
1790864111	20983	r8-K2on-2,
1790864112	20980	r8-K2on-2,
1790864113	20982	r8-K2on-2,
1790864114	20974	r8-K2on-2,
1790864115	20973	r8-K2on-2,
1790864116	20981	r8-K2on-2,
1790864117	20981	r8-K2on-2,
1790864118	20986	r8-K2on-2,
1790864119	20993	r8-K2on-2,
1790864120	20986	r8-K2on-2,
1790864121	20996	r8-K2on-2,
1790864122	21002	r8-K2on-2,
1790864123	20996	r8-K2on-2,
1790864124	21002	r8-K2on-2,
1790864125	21007	r8-K2on-2,
1790864126	20995	r8-K2on-2,
1790864127	20987	r8-K2on-2,
1790864128	20980	r8-K2on-2,
1790864129	20974	r8-K2on-2,
1790864130	20984	r8-K2on-2,
1790864131	20986	r8-K2on-2,
1790864132	20979	r8-K2on-2,
1790864134	20988	r8-K2on-2,
1790864135	20990	r8-K2on-2,
1790864136	20978	r8-K2on-2,
1790864137	20971	r8-K2on-2,
1790864138	20977	r8-K2on-2,
1790864139	20972	r8-K2on-2,
1790864140	20981	r8-K2on-2,
1790864141	20981	r8-K2on-2,
1790864142	20988	r8-K2on-2,
1790864143	20989	r8-K2on-2,
1790864144	21000	r8-K2on-2,
1790864145	20991	r8-K2on-2,
1790864146	20990	r8-K2on-2,
1790864147	20985	r8-K2on-2,
1790864148	20994	r8-K2on-2,
1790864149	20985	r8-K2on-2,
1790864150	20992	r8-K2on-2,
1790864151	20995	r8-K2on-2,
1790864152	20991	r8-K2on-2,
1790864153	20993	r8-K2on-2,
1790864154	21000	r8-K2on-2,
1790864155	20993	r8-K2on-2,
1790864156	20992	r8-K2on-2,
1790864157	20992	r8-K2on-2,
1790864158	20985	r8-K2on-2,
1790864159	20983	r8-K2on-2,
1790864160	20989	r8-K2on-2,
1790864161	20994	r8-K2on-2,
1790864162	20986	r8-K2on-2,
1790864163	20981	r8-K2on-2,
1790864164	20982	r8-K2on-2,
1790864165	20976	r8-K2on-2,
1790864166	20971	r8-K2on-2,
1790864167	20979	r8-K2on-2,
1790864168	20982	r8-K2on-2,
1790864169	20987	r8-K2on-2,
1790864170	20995	r8-K2on-2,
1790864171	20996	r8-K2on-2,
1790864172	21000	r8-K2on-2,
1790864173	20992	r8-K2on-2,
1790864174	20984	r8-K2on-2,
1790864176	20988	r8-K2on-2,
1790864177	20992	r8-K2on-2,
1790864178	20992	r8-K2on-2,
1790864179	20987	r8-K2on-2,
1790864180	20982	r8-K2on-2,
1790864181	20977	r8-K2on-2,
1790864182	20986	r8-K2on-2,
1790864183	20993	r8-K2on-2,
1790864184	20986	r8-K2on-2,
1790864185	20993	r8-K2on-2,
1790864186	20982	r8-K2on-2,
1790864187	20959	r8-K2on-2,
1790864188	20955	r8-K2on-2,
1790864189	20962	r8-K2on-2,
1790864190	20963	r8-K2on-2,
1790864191	20967	r8-K2on-2,
1790864192	20972	r8-K2on-2,
1790864193	20969	r8-K2on-2,
1790864194	20969	r8-K2on-2,
1790864195	20960	r8-K2on-2,
1790864196	20961	r8-K2on-2,
1790864197	20968	r8-K2on-2,
1790864198	20976	r8-K2on-2,
1790864199	20968	r8-K2on-2,
1790864200	20977	r8-K2on-2,
1790864201	20975	r8-K2on-2,
1790864202	20981	r8-K2on-2,
1790864203	20974	r8-K2on-2,
1790864204	20967	r8-K2on-2,
1790864205	20963	r8-K2on-2,
1790864206	20968	r8-K2on-2,
1790864207	20961	r8-K2on-2,
1790864208	20966	r8-K2on-2,
1790864209	20973	r8-K2on-2,
1790864210	20969	r8-K2on-2,
1790864211	20976	r8-K2on-2,
1790864213	20983	r8-K2on-2,
1790864214	20982	r8-K2on-2,
1790864215	20987	r8-K2on-2,
1790864216	20992	r8-K2on-2,
1790864217	20987	r8-K2on-2,
1790864218	20981	r8-K2on-2,
1790864219	20975	r8-K2on-2,
1790864220	20974	r8-K2on-2,
1790864221	20967	r8-K2on-2,
1790864222	20962	r8-K2on-2,
1790864223	20969	r8-K2on-2,
1790864224	20977	r8-K2on-2,
1790864225	20969	r8-K2on-2,
1790864226	20969	r8-K2on-2,
1790864227	20976	r8-K2on-2,
1790864228	20972	r8-K2on-2,
1790864229	20970	r8-K2on-2,
1790864230	20977	r8-K2on-2,
1790864231	20982	r8-K2on-2,
1790864232	20979	r8-K2on-2,
1790864233	20974	r8-K2on-2,
1790864234	20963	r8-K2on-2,
1790864235	20969	r8-K2on-2,
1790864236	24648	r8-K2on-2,
1790864237	87641	r8-K2on-2,
1790864238	121856	
1790864239	121557	r8-K2off-2,
1790864240	121437	r8-K2off-2,
1790864241	121385	r8-K2off-2,
1790864242	121372	r8-K2off-2,
1790864243	121305	r8-K2off-2,
1790864244	121254	r8-K2off-2,
1790864245	121003	r8-K2off-2,
1790864246	120834	r8-K2off-2,
1790864247	120784	r8-K2off-2,
1790864248	120674	r8-K2off-2,
1790864249	120629	r8-K2off-2,
1790864250	120020	r8-K2off-2,
1790864251	120439	r8-K2off-2,
1790864252	121064	r8-K2off-2,
1790864253	120406	r8-K2off-2,
1790864254	120642	r8-K2off-2,
1790864255	120511	r8-K2off-2,
1790864256	120437	r8-K2off-2,
1790864257	120321	r8-K2off-2,
1790864259	119844	r8-K2off-2,
1790864260	120703	r8-K2off-2,
1790864261	120633	r8-K2off-2,
1790864262	120427	r8-K2off-2,
1790864263	120234	r8-K2off-2,
1790864264	120094	r8-K2off-2,
1790864265	120094	r8-K2off-2,
1790864266	120026	r8-K2off-2,
1790864267	119730	r8-K2off-2,
1790864268	119330	r8-K2off-2,
1790864269	119154	r8-K2off-2,
1790864270	118958	r8-K2off-2,
1790864271	118841	r8-K2off-2,
1790864272	117973	r8-K2off-2,
1790864273	115633	r8-K2off-2,
1790864274	115488	r8-K2off-2,
1790864275	102616	r8-K2off-2,
1790864276	71865	r8-K2off-2,
1790864277	40681	r8-K2off-2,
1790864278	39645	r8-K2off-2,
1790864279	38637	r8-K2off-2,
1790864280	38642	r8-K2off-2,
1790864281	38643	r8-K2off-2,
1790864282	38645	r8-K2off-2,
1790864283	38645	r8-K2off-2,
1790864284	38651	r8-K2off-2,
1790864285	38649	r8-K2off-2,
1790864286	38702	r8-K2off-2,
1790864287	38775	r8-K2off-2,
1790864288	38779	r8-K2off-2,
1790864289	38776	r8-K2off-2,
1790864290	38783	r8-K2off-2,
1790864291	38783	r8-K2off-2,
1790864292	38787	r8-K2off-2,
1790864293	38791	r8-K2off-2,
1790864294	38787	r8-K2off-2,
1790864295	38788	r8-K2off-2,
1790864296	38782	r8-K2off-2,
1790864297	38789	r8-K2off-2,
1790864298	38797	r8-K2off-2,
1790864299	38801	r8-K2off-2,
1790864300	38800	r8-K2off-2,
1790864301	38811	r8-K2off-2,
1790864302	38806	r8-K2off-2,
1790864303	38808	r8-K2off-2,
1790864304	38808	r8-K2off-2,
1790864305	38803	r8-K2off-2,
1790864306	39043	r8-K2off-2,
1790864307	39029	r8-K2off-2,
1790864308	39047	r8-K2off-2,
1790864309	39018	r8-K2off-2,
1790864310	39047	r8-K2off-2,
1790864311	39037	r8-K2off-2,
1790864312	39048	r8-K2off-2,
1790864313	39030	r8-K2off-2,
1790864314	39047	r8-K2off-2,
1790864315	39047	r8-K2off-2,
1790864316	39033	r8-K2off-2,
1790864317	39045	r8-K2off-2,
1790864318	39049	r8-K2off-2,
1790864319	38769	r8-K2off-2,
1790864320	39027	r8-K2off-2,
1790864322	39048	r8-K2off-2,
1790864323	39023	r8-K2off-2,
1790864324	39048	r8-K2off-2,
1790864325	39049	r8-K2off-2,
1790864326	39048	r8-K2off-2,
1790864327	39048	r8-K2off-2,
1790864328	39034	r8-K2off-2,
1790864329	39048	r8-K2off-2,
1790864330	39048	r8-K2off-2,
1790864331	39045	r8-K2off-2,
1790864332	39040	r8-K2off-2,
1790864333	38461	r8-K2off-2,
1790864334	39045	r8-K2off-2,
1790864335	39026	r8-K2off-2,
1790864336	39048	r8-K2off-2,
1790864337	39048	r8-K2off-2,
1790864338	39049	r8-K2off-2,
1790864339	39041	r8-K2off-2,
1790864340	39048	r8-K2off-2,
1790864341	39048	r8-K2off-2,
1790864342	39048	r8-K2off-2,
1790864343	39046	r8-K2off-2,
1790864344	39046	r8-K2off-2,
1790864345	39028	r8-K2off-2,
1790864346	39022	r8-K2off-2,
1790864347	39019	r8-K2off-2,
1790864348	39018	r8-K2off-2,
1790864349	39007	r8-K2off-2,
1790864350	38989	r8-K2off-2,
1790864351	38981	r8-K2off-2,
1790864352	38978	r8-K2off-2,
1790864353	39047	r8-K2off-2,
1790864354	39025	r8-K2off-2,
1790864355	39025	r8-K2off-2,
1790864356	39028	r8-K2off-2,
1790864357	39048	r8-K2off-2,
1790864358	39031	r8-K2off-2,
1790864359	39009	r8-K2off-2,
1790864360	39003	r8-K2off-2,
1790864361	39049	r8-K2off-2,
1790864362	39049	r8-K2off-2,
1790864363	39028	r8-K2off-2,
1790864364	39031	r8-K2off-2,
1790864365	39048	r8-K2off-2,
1790864366	39028	r8-K2off-2,
1790864367	39048	r8-K2off-2,
1790864368	39048	r8-K2off-2,
1790864369	39017	r8-K2off-2,
1790864370	39049	r8-K2off-2,
1790864371	39048	r8-K2off-2,
1790864372	39049	r8-K2off-2,
1790864373	39049	r8-K2off-2,
1790864374	39049	r8-K2off-2,
1790864375	39032	r8-K2off-2,
1790864376	39032	r8-K2off-2,
1790864377	39048	r8-K2off-2,
1790864378	39049	r8-K2off-2,
1790864379	39032	r8-K2off-2,
1790864380	39049	r8-K2off-2,
1790864381	39048	r8-K2off-2,
1790864382	39023	r8-K2off-2,
1790864383	38810	r8-K2off-2,
1790864384	38925	r8-K2off-2,
1790864386	38967	r8-K2off-2,
1790864387	38942	r8-K2off-2,
1790864388	38377	r8-K2off-2,
1790864389	38932	r8-K2off-2,
1790864390	38386	r8-K2off-2,
1790864391	38933	r8-K2off-2,
1790864392	38932	r8-K2off-2,
1790864393	38039	r8-K2off-2,
1790864394	30638	r8-K2off-2,
1790864395	30140	r8-K2off-2,
1790864396	30124	r8-K2off-2,
1790864397	27408	r8-K2off-2,
1790864398	33904	r8-K2off-2,
1790864399	33685	r8-K2off-2,
1790864400	33563	r8-K2off-2,
1790864401	33460	r8-K2off-2,
1790864402	32485	r8-K2off-2,
1790864403	31875	r8-K2off-2,
1790864404	30473	r8-K2off-2,
1790864405	30449	r8-K2off-2,
1790864406	30417	r8-K2off-2,
1790864407	30416	r8-K2off-2,
1790864408	30403	r8-K2off-2,
1790864409	29175	r8-K2off-2,
1790864410	29180	r8-K2off-2,
1790864411	29182	r8-K2off-2,
1790864412	29184	r8-K2off-2,
1790864413	29187	r8-K2off-2,
1790864414	29204	r8-K2off-2,
1790864415	29216	r8-K2off-2,
1790864416	29231	r8-K2off-2,
1790864417	29236	r8-K2off-2,
1790864418	29239	r8-K2off-2,
1790864419	29236	r8-K2off-2,
1790864420	29143	r8-K2off-2,
1790864421	30551	r8-K2off-2,
1790864422	30499	r8-K2off-2,
1790864423	30337	r8-K2off-2,
1790864424	29456	r8-K2off-2,
1790864425	31996	r8-K2off-2,
1790864426	31865	r8-K2off-2,
1790864427	31819	r8-K2off-2,
1790864428	31726	r8-K2off-2,
1790864429	31671	r8-K2off-2,
1790864430	31605	r8-K2off-2,
1790864431	31510	r8-K2off-2,
1790864432	31369	r8-K2off-2,
1790864433	23273	r8-K2off-2,
1790864434	23164	r8-K2off-2,
1790864435	23100	r8-K2off-2,
1790864436	23074	r8-K2off-2,
1790864437	23025	r8-K2off-2,
1790864438	22936	r8-K2off-2,
1790864439	22953	r8-K2off-2,
1790864440	22926	r8-K2off-2,
1790864441	23009	r8-K2off-2,
1790864442	22965	r8-K2off-2,
1790864443	22912	r8-K2off-2,
1790864444	22904	r8-K2off-2,
1790864445	22917	r8-K2off-2,
1790864447	22823	r8-K2off-2,
1790864448	22925	r8-K2off-2,
1790864449	22871	r8-K2off-2,
1790864450	22835	r8-K2off-2,
1790864451	22622	r8-K2off-2,
1790864452	22615	r8-K2off-2,
1790864453	22605	r8-K2off-2,
1790864454	22595	r8-K2off-2,
1790864455	22503	r8-K2off-2,
1790864456	21048	r8-K2off-2,
1790864457	20943	r8-K2off-2,
1790864458	20914	r8-K2off-2,
1790864459	20174	r8-K2off-2,
1790864460	20131	r8-K2off-2,
1790864461	20118	r8-K2off-2,
1790864462	20108	r8-K2off-2,
1790864463	20102	r8-K2off-2,
1790864464	20114	r8-K2off-2,
1790864465	20112	r8-K2off-2,
1790864466	20113	r8-K2off-2,
1790864467	20122	r8-K2off-2,
1790864468	20118	r8-K2off-2,
1790864469	20116	r8-K2off-2,
1790864470	20121	r8-K2off-2,
1790864471	20121	r8-K2off-2,
1790864472	20124	r8-K2off-2,
1790864473	20124	r8-K2off-2,
1790864474	20123	r8-K2off-2,
1790864475	20120	r8-K2off-2,
1790864476	20117	r8-K2off-2,
1790864477	20113	r8-K2off-2,
1790864478	20111	r8-K2off-2,
1790864479	20111	r8-K2off-2,
1790864480	20112	r8-K2off-2,
1790864481	20113	r8-K2off-2,
1790864482	20113	r8-K2off-2,
1790864483	20111	r8-K2off-2,
1790864484	20110	r8-K2off-2,
1790864485	20108	r8-K2off-2,
1790864486	20110	r8-K2off-2,
1790864487	20108	r8-K2off-2,
1790864488	20107	r8-K2off-2,
1790864489	20108	r8-K2off-2,
1790864490	20107	r8-K2off-2,
1790864492	20108	r8-K2off-2,
1790864493	20111	r8-K2off-2,
1790864494	20110	r8-K2off-2,
1790864495	20107	r8-K2off-2,
1790864496	20104	r8-K2off-2,
1790864497	20106	r8-K2off-2,
1790864498	20106	r8-K2off-2,
1790864499	20104	r8-K2off-2,
1790864500	20108	r8-K2off-2,
1790864501	20109	r8-K2off-2,
1790864502	20676	r8-K2off-2,
1790864503	20664	r8-K2off-2,
1790864504	20663	r8-K2off-2,
1790864505	20658	r8-K2off-2,
1790864506	20657	r8-K2off-2,
1790864507	20663	r8-K2off-2,
1790864508	20655	r8-K2off-2,
1790864509	20670	r8-K2off-2,
1790864510	20658	r8-K2off-2,
1790864511	20651	r8-K2off-2,
1790864512	20646	r8-K2off-2,
1790864513	20642	r8-K2off-2,
1790864514	20645	r8-K2off-2,
1790864515	20636	r8-K2off-2,
1790864516	20643	r8-K2off-2,
1790864517	20640	r8-K2off-2,
1790864518	20642	r8-K2off-2,
1790864519	20647	r8-K2off-2,
1790864520	20639	r8-K2off-2,
1790864521	20634	r8-K2off-2,
1790864522	20633	r8-K2off-2,
1790864523	20627	r8-K2off-2,
1790864524	20623	r8-K2off-2,
1790864525	20632	r8-K2off-2,
1790864526	20638	r8-K2off-2,
1790864527	20634	r8-K2off-2,
1790864528	20644	r8-K2off-2,
1790864529	20633	r8-K2off-2,
1790864530	20622	r8-K2off-2,
1790864531	20619	r8-K2off-2,
1790864533	20607	r8-K2off-2,
1790864534	20614	r8-K2off-2,
1790864535	20612	r8-K2off-2,
1790864536	20608	r8-K2off-2,
1790864537	20615	r8-K2off-2,
1790864538	20614	r8-K2off-2,
1790864539	20627	r8-K2off-2,
1790864540	20638	r8-K2off-2,
1790864541	20629	r8-K2off-2,
1790864542	20622	r8-K2off-2,
1790864543	20616	r8-K2off-2,
1790864544	20624	r8-K2off-2,
1790864545	20624	r8-K2off-2,
1790864546	20627	r8-K2off-2,
1790864547	20625	r8-K2off-2,
1790864548	20632	r8-K2off-2,
1790864549	20639	r8-K2off-2,
1790864550	20630	r8-K2off-2,
1790864551	20623	r8-K2off-2,
1790864552	20625	r8-K2off-2,
1790864553	20628	r8-K2off-2,
1790864554	20635	r8-K2off-2,
1790864555	20632	r8-K2off-2,
1790864556	20639	r8-K2off-2,
1790864557	20649	r8-K2off-2,
1790864558	20649	r8-K2off-2,
1790864559	20647	r8-K2off-2,
1790864560	20646	r8-K2off-2,
1790864561	20639	r8-K2off-2,
1790864562	20633	r8-K2off-2,
1790864563	20623	r8-K2off-2,
1790864564	20610	r8-K2off-2,
1790864565	20609	r8-K2off-2,
1790864566	20606	r8-K2off-2,
1790864567	20598	r8-K2off-2,
1790864568	20601	r8-K2off-2,
1790864569	20602	r8-K2off-2,
1790864570	20612	r8-K2off-2,
1790864571	20617	r8-K2off-2,
1790864572	20615	r8-K2off-2,
1790864573	20626	r8-K2off-2,
1790864574	20620	r8-K2off-2,
1790864576	20619	r8-K2off-2,
1790864577	20621	r8-K2off-2,
1790864578	20621	r8-K2off-2,
1790864579	20629	r8-K2off-2,
1790864580	20622	r8-K2off-2,
1790864581	20622	r8-K2off-2,
1790864582	20619	r8-K2off-2,
1790864583	20620	r8-K2off-2,
1790864584	20629	r8-K2off-2,
1790864585	20632	r8-K2off-2,
1790864586	20626	r8-K2off-2,
1790864587	20616	r8-K2off-2,
1790864588	20612	r8-K2off-2,
1790864589	20618	r8-K2off-2,
1790864590	20613	r8-K2off-2,
1790864591	20621	r8-K2off-2,
1790864592	20618	r8-K2off-2,
1790864593	20634	r8-K2off-2,
1790864594	20636	r8-K2off-2,
1790864595	20640	r8-K2off-2,
1790864596	20638	r8-K2off-2,
1790864597	20643	r8-K2off-2,
1790864598	20633	r8-K2off-2,
1790864599	20624	r8-K2off-2,
1790864600	20631	r8-K2off-2,
1790864601	20634	r8-K2off-2,
1790864602	20630	r8-K2off-2,
1790864603	20628	r8-K2off-2,
1790864604	20633	r8-K2off-2,
1790864605	20623	r8-K2off-2,
1790864606	20640	r8-K2off-2,
1790864607	20643	r8-K2off-2,
1790864608	20634	r8-K2off-2,
1790864609	20622	r8-K2off-2,
1790864610	20617	r8-K2off-2,
1790864611	20612	r8-K2off-2,
1790864612	20616	r8-K2off-2,
1790864613	20630	r8-K2off-2,
1790864614	20627	r8-K2off-2,
1790864615	20625	r8-K2off-2,
1790864616	20620	r8-K2off-2,
1790864618	20612	r8-K2off-2,
1790864619	20602	r8-K2off-2,
1790864620	20606	r8-K2off-2,
1790864621	20602	r8-K2off-2,
1790864622	20613	r8-K2off-2,
1790864623	20617	r8-K2off-2,
1790864624	20621	r8-K2off-2,
1790864625	20622	r8-K2off-2,
1790864626	20616	r8-K2off-2,
1790864627	20605	r8-K2off-2,
1790864628	20611	r8-K2off-2,
1790864629	20609	r8-K2off-2,
1790864630	20617	r8-K2off-2,
1790864631	20614	r8-K2off-2,
1790864632	20624	r8-K2off-2,
1790864633	20619	r8-K2off-2,
1790864634	20624	r8-K2off-2,
1790864635	20614	r8-K2off-2,
1790864636	20607	r8-K2off-2,
1790864637	20685	r8-K2off-2,
1790864638	20677	r8-K2off-2,
1790864639	20663	r8-K2off-2,
1790864640	20648	r8-K2off-2,
1790864641	20651	r8-K2off-2,
1790864642	20652	r8-K2off-2,
1790864643	20653	r8-K2off-2,
1790864644	20641	r8-K2off-2,
1790864645	20649	r8-K2off-2,
1790864646	20622	r8-K2off-2,
1790864647	20620	r8-K2off-2,
1790864648	20627	r8-K2off-2,
1790864649	20681	r8-K2off-2,
1790864650	20673	r8-K2off-2,
1790864651	20660	r8-K2off-2,
1790864652	20656	r8-K2off-2,
1790864653	20646	r8-K2off-2,
1790864654	20591	r8-K2off-2,
1790864655	20456	r8-K2off-2,
1790864656	20389	r8-K2off-2,
1790864657	20317	r8-K2off-2,
1790864658	20315	r8-K2off-2,
1790864660	20276	r8-K2off-2,
1790864661	20231	r8-K2off-2,
1790864662	20220	r8-K2off-2,
1790864663	20188	r8-K2off-2,
1790864664	20144	r8-K2off-2,
1790864665	20697	r8-K2off-2,
1790864666	20679	r8-K2off-2,
1790864667	20675	r8-K2off-2,
1790864668	20667	r8-K2off-2,
1790864669	20656	r8-K2off-2,
1790864670	20661	r8-K2off-2,
1790864671	20651	r8-K2off-2,
1790864672	20644	r8-K2off-2,
1790864673	20648	r8-K2off-2,
1790864674	20639	r8-K2off-2,
1790864675	20629	r8-K2off-2,
1790864676	20630	r8-K2off-2,
1790864677	20625	r8-K2off-2,
1790864678	20620	r8-K2off-2,
1790864679	20613	r8-K2off-2,
1790864680	20606	r8-K2off-2,
1790864681	20623	r8-K2off-2,
1790864682	20628	r8-K2off-2,
1790864683	20639	r8-K2off-2,
1790864684	20648	r8-K2off-2,
1790864685	20642	r8-K2off-2,
1790864686	20649	r8-K2off-2,
1790864687	20644	r8-K2off-2,
1790864688	20632	r8-K2off-2,
1790864689	20627	r8-K2off-2,
1790864690	20621	r8-K2off-2,
1790864691	20634	r8-K2off-2,
1790864692	20641	r8-K2off-2,
1790864693	20649	r8-K2off-2,
1790864694	20650	r8-K2off-2,
1790864695	20636	r8-K2off-2,
1790864696	20637	r8-K2off-2,
1790864697	20632	r8-K2off-2,
1790864698	20628	r8-K2off-2,
1790864699	20634	r8-K2off-2,
1790864700	20627	r8-K2off-2,
1790864701	20636	r8-K2off-2,
1790864703	20620	r8-K2off-2,
1790864704	20621	r8-K2off-2,
1790864705	20618	r8-K2off-2,
1790864706	20614	r8-K2off-2,
1790864707	20613	r8-K2off-2,
1790864708	20617	r8-K2off-2,
1790864709	20620	r8-K2off-2,
1790864710	20627	r8-K2off-2,
1790864711	20618	r8-K2off-2,
1790864712	20620	r8-K2off-2,
1790864713	20622	r8-K2off-2,
1790864714	20633	r8-K2off-2,
1790864715	20644	r8-K2off-2,
1790864716	20633	r8-K2off-2,
1790864717	20639	r8-K2off-2,
1790864718	20636	r8-K2off-2,
1790864719	20636	r8-K2off-2,
1790864720	20637	r8-K2off-2,
1790864721	20634	r8-K2off-2,
1790864722	20628	r8-K2off-2,
1790864723	20615	r8-K2off-2,
1790864724	20625	r8-K2off-2,
1790864725	20622	r8-K2off-2,
1790864726	20618	r8-K2off-2,
1790864727	20620	r8-K2off-2,
1790864728	20625	r8-K2off-2,
1790864729	20617	r8-K2off-2,
1790864730	20613	r8-K2off-2,
1790864731	20613	r8-K2off-2,
1790864732	20607	r8-K2off-2,
1790864733	20615	r8-K2off-2,
1790864734	20622	r8-K2off-2,
1790864735	20627	r8-K2off-2,
1790864736	20621	r8-K2off-2,
1790864737	20630	r8-K2off-2,
1790864738	20627	r8-K2off-2,
1790864739	20624	r8-K2off-2,
1790864740	20616	r8-K2off-2,
1790864741	20611	r8-K2off-2,
1790864742	20615	r8-K2off-2,
1790864744	20610	r8-K2off-2,
1790864745	20615	r8-K2off-2,
1790864746	20609	r8-K2off-2,
1790864747	20614	r8-K2off-2,
1790864748	20617	r8-K2off-2,
1790864749	20618	r8-K2off-2,
1790864750	20615	r8-K2off-2,
1790864751	20607	r8-K2off-2,
1790864752	20615	r8-K2off-2,
1790864753	20627	r8-K2off-2,
1790864754	20622	r8-K2off-2,
1790864755	20628	r8-K2off-2,
1790864756	20620	r8-K2off-2,
1790864757	20624	r8-K2off-2,
1790864758	20626	r8-K2off-2,
1790864759	20634	r8-K2off-2,
1790864760	20626	r8-K2off-2,
1790864761	20623	r8-K2off-2,
1790864762	20618	r8-K2off-2,
1790864763	20624	r8-K2off-2,
1790864764	20627	r8-K2off-2,
1790864765	20632	r8-K2off-2,
1790864766	20630	r8-K2off-2,
1790864767	20636	r8-K2off-2,
1790864768	20636	r8-K2off-2,
1790864769	20635	r8-K2off-2,
1790864770	20632	r8-K2off-2,
1790864771	20630	r8-K2off-2,
1790864772	20623	r8-K2off-2,
1790864773	20617	r8-K2off-2,
1790864774	20624	r8-K2off-2,
1790864775	20634	r8-K2off-2,
1790864776	20638	r8-K2off-2,
1790864777	20628	r8-K2off-2,
1790864778	20619	r8-K2off-2,
1790864779	20667	r8-K2off-2,
1790864780	20656	r8-K2off-2,
1790864781	20642	r8-K2off-2,
1790864782	20637	r8-K2off-2,
1790864783	20621	r8-K2off-2,
1790864785	20623	r8-K2off-2,
1790864786	20625	r8-K2off-2,
1790864787	20476	r8-K2off-2,
1790864788	20415	r8-K2off-2,
1790864789	20305	r8-K2off-2,
1790864790	20293	r8-K2off-2,
1790864791	20285	r8-K2off-2,
1790864792	20300	r8-K2off-2,
1790864793	20303	r8-K2off-2,
1790864794	20303	r8-K2off-2,
1790864795	20286	r8-K2off-2,
1790864796	20290	r8-K2off-2,
1790864797	20287	r8-K2off-2,
1790864798	20271	r8-K2off-2,
1790864799	20217	r8-K2off-2,
1790864800	20174	r8-K2off-2,
1790864801	20131	r8-K2off-2,
1790864802	20697	r8-K2off-2,
1790864803	20684	r8-K2off-2,
1790864804	20672	r8-K2off-2,
1790864805	20666	r8-K2off-2,
1790864806	20654	r8-K2off-2,
1790864807	20646	r8-K2off-2,
1790864808	20640	r8-K2off-2,
1790864809	20642	r8-K2off-2,
1790864810	20655	r8-K2off-2,
1790864811	20656	r8-K2off-2,
1790864812	20650	r8-K2off-2,
1790864813	20642	r8-K2off-2,
1790864814	20635	r8-K2off-2,
1790864815	20631	r8-K2off-2,
1790864816	20635	r8-K2off-2,
1790864817	20626	r8-K2off-2,
1790864818	20623	r8-K2off-2,
1790864819	20633	r8-K2off-2,
1790864820	20622	r8-K2off-2,
1790864821	20620	r8-K2off-2,
1790864822	20626	r8-K2off-2,
1790864823	20624	r8-K2off-2,
1790864824	20627	r8-K2off-2,
1790864825	20636	r8-K2off-2,
1790864827	20645	r8-K2off-2,
1790864828	20637	r8-K2off-2,
1790864829	20626	r8-K2off-2,
1790864830	20617	r8-K2off-2,
1790864831	20623	r8-K2off-2,
1790864832	20621	r8-K2off-2,
1790864833	20620	r8-K2off-2,
1790864834	20627	r8-K2off-2,
1790864835	20622	r8-K2off-2,
1790864836	20629	r8-K2off-2,
1790864837	20626	r8-K2off-2,
1790864838	20629	r8-K2off-2,
1790864839	20618	r8-K2off-2,
1790864840	20627	r8-K2off-2,
1790864841	20628	r8-K2off-2,
1790864842	20628	r8-K2off-2,
1790864843	20629	r8-K2off-2,
1790864844	20637	r8-K2off-2,
1790864845	20635	r8-K2off-2,
1790864846	20626	r8-K2off-2,
1790864847	20622	r8-K2off-2,
1790864848	20621	r8-K2off-2,
1790864849	20618	r8-K2off-2,
1790864850	20626	r8-K2off-2,
1790864851	20622	r8-K2off-2,
1790864852	20627	r8-K2off-2,
1790864853	20626	r8-K2off-2,
1790864854	20637	r8-K2off-2,
1790864855	20634	r8-K2off-2,
1790864856	20627	r8-K2off-2,
1790864857	20637	r8-K2off-2,
1790864858	20645	r8-K2off-2,
1790864859	20645	r8-K2off-2,
1790864860	20635	r8-K2off-2,
1790864861	20639	r8-K2off-2,
1790864862	20637	r8-K2off-2,
1790864863	20627	r8-K2off-2,
1790864864	20628	r8-K2off-2,
1790864865	20619	r8-K2off-2,
1790864866	20611	r8-K2off-2,
1790864868	20609	r8-K2off-2,
1790864869	20606	r8-K2off-2,
1790864870	20615	r8-K2off-2,
1790864871	20617	r8-K2off-2,
1790864872	20609	r8-K2off-2,
1790864873	20615	r8-K2off-2,
1790864874	20619	r8-K2off-2,
1790864875	20622	r8-K2off-2,
1790864876	20631	r8-K2off-2,
1790864877	20634	r8-K2off-2,
1790864878	20634	r8-K2off-2,
1790864879	20641	r8-K2off-2,
1790864880	20642	r8-K2off-2,
1790864881	20645	r8-K2off-2,
1790864882	20638	r8-K2off-2,
1790864883	20635	r8-K2off-2,
1790864884	20629	r8-K2off-2,
1790864885	20627	r8-K2off-2,
1790864886	20622	r8-K2off-2,
1790864887	20628	r8-K2off-2,
1790864888	20631	r8-K2off-2,
1790864889	20640	r8-K2off-2,
1790864890	20628	r8-K2off-2,
1790864891	20636	r8-K2off-2,
1790864892	20632	r8-K2off-2,
1790864893	20635	r8-K2off-2,
1790864894	20630	r8-K2off-2,
1790864895	20623	r8-K2off-2,
1790864896	20624	r8-K2off-2,
1790864897	20635	r8-K2off-2,
1790864898	20646	r8-K2off-2,
1790864899	20649	r8-K2off-2,
1790864900	20637	r8-K2off-2,
1790864901	20637	r8-K2off-2,
1790864902	20627	r8-K2off-2,
1790864903	20630	r8-K2off-2,
1790864904	20620	r8-K2off-2,
1790864905	20629	r8-K2off-2,
1790864906	20631	r8-K2off-2,
1790864908	20629	r8-K2off-2,
1790864909	20625	r8-K2off-2,
1790864910	20650	r8-K2off-2,
1790864911	20569	r8-K2off-2,
1790864912	20543	r8-K2off-2,
1790864913	20544	r8-K2off-2,
1790864914	20530	r8-K2off-2,
1790864915	20494	r8-K2off-2,
1790864916	20454	r8-K2off-2,
1790864917	20458	r8-K2off-2,
1790864918	20428	r8-K2off-2,
1790864919	20349	r8-K2off-2,
1790864920	20264	r8-K2off-2,
1790864921	20202	r8-K2off-2,
1790864922	20127	r8-K2off-2,
1790864923	20696	r8-K2off-2,
1790864924	20685	r8-K2off-2,
1790864925	20664	r8-K2off-2,
1790864926	20656	r8-K2off-2,
1790864927	20657	r8-K2off-2,
1790864928	20665	r8-K2off-2,
1790864929	20655	r8-K2off-2,
1790864930	20657	r8-K2off-2,
1790864931	20652	r8-K2off-2,
1790864932	20648	r8-K2off-2,
1790864933	20644	r8-K2off-2,
1790864934	20640	r8-K2off-2,
1790864935	20647	r8-K2off-2,
1790864936	20640	r8-K2off-2,
1790864937	20638	r8-K2off-2,
1790864938	20628	r8-K2off-2,
1790864939	20634	r8-K2off-2,
1790864940	20645	r8-K2off-2,
1790864941	20642	r8-K2off-2,
1790864942	20644	r8-K2off-2,
1790864943	20639	r8-K2off-2,
1790864944	20640	r8-K2off-2,
1790864945	20639	r8-K2off-2,
1790864946	20647	r8-K2off-2,
1790864947	20638	r8-K2off-2,
1790864948	20633	r8-K2off-2,
1790864949	20638	r8-K2off-2,
1790864951	20644	r8-K2off-2,
1790864952	20645	r8-K2off-2,
1790864953	20647	r8-K2off-2,
1790864954	20639	r8-K2off-2,
1790864955	20633	r8-K2off-2,
1790864956	20635	r8-K2off-2,
1790864957	20631	r8-K2off-2,
1790864958	20627	r8-K2off-2,
1790864959	20628	r8-K2off-2,
1790864960	20623	r8-K2off-2,
1790864961	20617	r8-K2off-2,
1790864962	20608	r8-K2off-2,
1790864963	20610	r8-K2off-2,
1790864964	20603	r8-K2off-2,
1790864965	20609	r8-K2off-2,
1790864966	20611	r8-K2off-2,
1790864967	20608	r8-K2off-2,
1790864968	20614	r8-K2off-2,
1790864969	20614	r8-K2off-2,
1790864970	20616	r8-K2off-2,
1790864971	20608	r8-K2off-2,
1790864972	20604	r8-K2off-2,
1790864973	20606	r8-K2off-2,
1790864974	20607	r8-K2off-2,
1790864975	20608	r8-K2off-2,
1790864976	20596	r8-K2off-2,
1790864977	20597	r8-K2off-2,
1790864978	20603	r8-K2off-2,
1790864979	20617	r8-K2off-2,
1790864980	20612	r8-K2off-2,
1790864981	20617	r8-K2off-2,
1790864982	20610	r8-K2off-2,
1790864983	20611	r8-K2off-2,
1790864984	20607	r8-K2off-2,
1790864985	20604	r8-K2off-2,
1790864986	20595	r8-K2off-2,
1790864987	20607	r8-K2off-2,
1790864988	20593	r8-K2off-2,
1790864989	20603	r8-K2off-2,
1790864990	20611	r8-K2off-2,
1790864992	20605	r8-K2off-2,
1790864993	20603	r8-K2off-2,
1790864994	20607	r8-K2off-2,
1790864995	20615	r8-K2off-2,
1790864996	20612	r8-K2off-2,
1790864997	20617	r8-K2off-2,
1790864998	20612	r8-K2off-2,
1790864999	20607	r8-K2off-2,
1790865000	20614	r8-K2off-2,
1790865001	20611	r8-K2off-2,
1790865002	20612	r8-K2off-2,
1790865003	20613	r8-K2off-2,
1790865004	20608	r8-K2off-2,
1790865005	20600	r8-K2off-2,
1790865006	20606	r8-K2off-2,
1790865007	20619	r8-K2off-2,
1790865008	20617	r8-K2off-2,
1790865009	20624	r8-K2off-2,
1790865010	20623	r8-K2off-2,
1790865011	20621	r8-K2off-2,
1790865012	20627	r8-K2off-2,
1790865013	20625	r8-K2off-2,
1790865014	20618	r8-K2off-2,
1790865015	20624	r8-K2off-2,
1790865016	20622	r8-K2off-2,
1790865017	20622	r8-K2off-2,
1790865018	20624	r8-K2off-2,
1790865019	20628	r8-K2off-2,
1790865020	20624	r8-K2off-2,
1790865021	20639	r8-K2off-2,
1790865022	20641	r8-K2off-2,
1790865023	20642	r8-K2off-2,
1790865024	20646	r8-K2off-2,
1790865025	20642	r8-K2off-2,
1790865026	20636	r8-K2off-2,
1790865027	20630	r8-K2off-2,
1790865028	20638	r8-K2off-2,
1790865029	20634	r8-K2off-2,
1790865030	20629	r8-K2off-2,
1790865031	20622	r8-K2off-2,
1790865032	20616	r8-K2off-2,
1790865034	20612	r8-K2off-2,
1790865035	20678	r8-K2off-2,
1790865036	20668	r8-K2off-2,
1790865037	20665	r8-K2off-2,
1790865038	20656	r8-K2off-2,
1790865039	20652	r8-K2off-2,
1790865040	20637	r8-K2off-2,
1790865041	20628	r8-K2off-2,
1790865042	20629	r8-K2off-2,
1790865043	20625	r8-K2off-2,
1790865044	20607	r8-K2off-2,
1790865045	20613	r8-K2off-2,
1790865046	20552	r8-K2off-2,
1790865047	20413	r8-K2off-2,
1790865048	20331	r8-K2off-2,
1790865049	20301	r8-K2off-2,
1790865050	20270	r8-K2off-2,
1790865051	20280	r8-K2off-2,
1790865052	20282	r8-K2off-2,
1790865053	20267	r8-K2off-2,
1790865054	20237	r8-K2off-2,
1790865055	20159	r8-K2off-2,
1790865056	20691	r8-K2off-2,
1790865057	20674	r8-K2off-2,
1790865058	20664	r8-K2off-2,
1790865059	20655	r8-K2off-2,
1790865060	20647	r8-K2off-2,
1790865061	20646	r8-K2off-2,
1790865062	20640	r8-K2off-2,
1790865063	20639	r8-K2off-2,
1790865064	20630	r8-K2off-2,
1790865065	20638	r8-K2off-2,
1790865066	20631	r8-K2off-2,
1790865067	20637	r8-K2off-2,
1790865068	20625	r8-K2off-2,
1790865069	20633	r8-K2off-2,
1790865070	20637	r8-K2off-2,
1790865071	20631	r8-K2off-2,
1790865073	20626	r8-K2off-2,
1790865074	20622	r8-K2off-2,
1790865075	20615	r8-K2off-2,
1790865076	20608	r8-K2off-2,
1790865077	20615	r8-K2off-2,
1790865078	20606	r8-K2off-2,
1790865079	20609	r8-K2off-2,
1790865080	20618	r8-K2off-2,
1790865081	20626	r8-K2off-2,
1790865082	20631	r8-K2off-2,
1790865083	20632	r8-K2off-2,
1790865084	20628	r8-K2off-2,
1790865085	20637	r8-K2off-2,
1790865086	20641	r8-K2off-2,
1790865087	20628	r8-K2off-2,
1790865088	20623	r8-K2off-2,
1790865089	20617	r8-K2off-2,
1790865090	20611	r8-K2off-2,
1790865091	20612	r8-K2off-2,
1790865092	20600	r8-K2off-2,
1790865093	20602	r8-K2off-2,
1790865094	20590	r8-K2off-2,
1790865095	20603	r8-K2off-2,
1790865096	20603	r8-K2off-2,
1790865097	20605	r8-K2off-2,
1790865098	20614	r8-K2off-2,
1790865099	20616	r8-K2off-2,
1790865100	20613	r8-K2off-2,
1790865101	20607	r8-K2off-2,
1790865102	20606	r8-K2off-2,
1790865103	20603	r8-K2off-2,
1790865104	20602	r8-K2off-2,
1790865105	20602	r8-K2off-2,
1790865106	20590	r8-K2off-2,
1790865107	20587	r8-K2off-2,
1790865108	20593	r8-K2off-2,
1790865109	20589	r8-K2off-2,
1790865110	20597	r8-K2off-2,
1790865111	20594	r8-K2off-2,
1790865113	20592	r8-K2off-2,
1790865114	20600	r8-K2off-2,
1790865115	20596	r8-K2off-2,
1790865116	20601	r8-K2off-2,
1790865117	20607	r8-K2off-2,
1790865118	20608	r8-K2off-2,
1790865119	20605	r8-K2off-2,
1790865120	20605	r8-K2off-2,
1790865121	20614	r8-K2off-2,
1790865122	20613	r8-K2off-2,
1790865123	20616	r8-K2off-2,
1790865124	20617	r8-K2off-2,
1790865125	20604	r8-K2off-2,
1790865126	20605	r8-K2off-2,
1790865127	20603	r8-K2off-2,
1790865128	20600	r8-K2off-2,
1790865129	20596	r8-K2off-2,
1790865130	20588	r8-K2off-2,
1790865131	20601	r8-K2off-2,
1790865132	20597	r8-K2off-2,
1790865133	20587	r8-K2off-2,
1790865134	20590	r8-K2off-2,
1790865135	20585	r8-K2off-2,
1790865136	20590	r8-K2off-2,
1790865137	20593	r8-K2off-2,
1790865138	20600	r8-K2off-2,
1790865139	20598	r8-K2off-2,
1790865140	20593	r8-K2off-2,
1790865141	20602	r8-K2off-2,
1790865142	20606	r8-K2off-2,
1790865143	20607	r8-K2off-2,
1790865144	20616	r8-K2off-2,
1790865145	20620	r8-K2off-2,
1790865146	20619	r8-K2off-2,
1790865147	20615	r8-K2off-2,
1790865148	20609	r8-K2off-2,
1790865149	20623	r8-K2off-2,
1790865150	20621	r8-K2off-2,
1790865151	20623	r8-K2off-2,
1790865152	20625	r8-K2off-2,
1790865154	20623	r8-K2off-2,
1790865155	20620	r8-K2off-2,
1790865156	20620	r8-K2off-2,
1790865157	20617	r8-K2off-2,
1790865158	20613	r8-K2off-2,
1790865159	20610	r8-K2off-2,
1790865160	20619	r8-K2off-2,
1790865161	20619	r8-K2off-2,
1790865162	20629	r8-K2off-2,
1790865163	20625	r8-K2off-2,
1790865164	20619	r8-K2off-2,
1790865165	20612	r8-K2off-2,
1790865166	20611	r8-K2off-2,
1790865167	20614	r8-K2off-2,
1790865168	20612	r8-K2off-2,
1790865169	20622	r8-K2off-2,
1790865170	20629	r8-K2off-2,
1790865171	20613	r8-K2off-2,
1790865172	20601	r8-K2off-2,
1790865173	20598	r8-K2off-2,
1790865174	20591	r8-K2off-2,
1790865175	20592	r8-K2off-2,
1790865176	20594	r8-K2off-2,
1790865177	20604	r8-K2off-2,
1790865178	20598	r8-K2off-2,
1790865179	20598	r8-K2off-2,
1790865180	20596	r8-K2off-2,
1790865181	20604	r8-K2off-2,
1790865182	20609	r8-K2off-2,
1790865183	20607	r8-K2off-2,
1790865184	20616	r8-K2off-2,
1790865185	20618	r8-K2off-2,
1790865186	20613	r8-K2off-2,
1790865187	20624	r8-K2off-2,
1790865188	20614	r8-K2off-2,
1790865189	20610	r8-K2off-2,
1790865190	20608	r8-K2off-2,
1790865191	20604	r8-K2off-2,
1790865192	20609	r8-K2off-2,
1790865194	20606	r8-K2off-2,
1790865195	20585	r8-K2off-2,
1790865196	20581	r8-K2off-2,
1790865197	20595	r8-K2off-2,
1790865198	20600	r8-K2off-2,
1790865199	20598	r8-K2off-2,
1790865200	20599	r8-K2off-2,
1790865201	20584	r8-K2off-2,
1790865202	20582	r8-K2off-2,
1790865203	20487	r8-K2off-2,
1790865204	20426	r8-K2off-2,
1790865205	20385	r8-K2off-2,
1790865206	20332	r8-K2off-2,
1790865207	20290	r8-K2off-2,
1790865208	20297	r8-K2off-2,
1790865209	20295	r8-K2off-2,
1790865210	20256	r8-K2off-2,
1790865211	20226	r8-K2off-2,
1790865212	20229	r8-K2off-2,
1790865213	20153	r8-K2off-2,
1790865214	20689	r8-K2off-2,
1790865215	20682	r8-K2off-2,
1790865216	20674	r8-K2off-2,
1790865217	20665	r8-K2off-2,
1790865218	20657	r8-K2off-2,
1790865219	20644	r8-K2off-2,
1790865220	20646	r8-K2off-2,
1790865221	20653	r8-K2off-2,
1790865222	20659	r8-K2off-2,
1790865223	20651	r8-K2off-2,
1790865224	20647	r8-K2off-2,
1790865225	20639	r8-K2off-2,
1790865226	20631	r8-K2off-2,
1790865227	20640	r8-K2off-2,
1790865228	20630	r8-K2off-2,
1790865229	20631	r8-K2off-2,
1790865230	20635	r8-K2off-2,
1790865231	20637	r8-K2off-2,
1790865232	20633	r8-K2off-2,
1790865233	20639	r8-K2off-2,
1790865234	20641	r8-K2off-2,
1790865235	20633	r8-K2off-2,
1790865237	20628	r8-K2off-2,
1790865238	20626	r8-K2off-2,
1790865239	20630	r8-K2off-2,
1790865240	20623	r8-K2off-2,
1790865241	20625	r8-K2off-2,
1790865242	20631	r8-K2off-2,
1790865243	20624	r8-K2off-2,
1790865244	20627	r8-K2off-2,
1790865245	20632	r8-K2off-2,
1790865246	20624	r8-K2off-2,
1790865247	20626	r8-K2off-2,
1790865248	20624	r8-K2off-2,
1790865249	20621	r8-K2off-2,
1790865250	20616	r8-K2off-2,
1790865251	20620	r8-K2off-2,
1790865252	20622	r8-K2off-2,
1790865253	20617	r8-K2off-2,
1790865254	20614	r8-K2off-2,
1790865255	20617	r8-K2off-2,
1790865256	20613	r8-K2off-2,
1790865257	20605	r8-K2off-2,
1790865258	20612	r8-K2off-2,
1790865259	20606	r8-K2off-2,
1790865260	20593	r8-K2off-2,
1790865261	20595	r8-K2off-2,
1790865262	20611	r8-K2off-2,
1790865263	20612	r8-K2off-2,
1790865264	20613	r8-K2off-2,
1790865265	20614	r8-K2off-2,
1790865266	20624	r8-K2off-2,
1790865267	20620	r8-K2off-2,
1790865268	20623	r8-K2off-2,
1790865269	20613	r8-K2off-2,
1790865270	20608	r8-K2off-2,
1790865271	20622	r8-K2off-2,
1790865272	20622	r8-K2off-2,
1790865273	20612	r8-K2off-2,
1790865274	20615	r8-K2off-2,
1790865275	20620	r8-K2off-2,
1790865276	20627	r8-K2off-2,
1790865278	20621	r8-K2off-2,
1790865279	20617	r8-K2off-2,
1790865280	20620	r8-K2off-2,
1790865281	20631	r8-K2off-2,
1790865282	20636	r8-K2off-2,
1790865283	20632	r8-K2off-2,
1790865284	20623	r8-K2off-2,
1790865285	20624	r8-K2off-2,
1790865286	20619	r8-K2off-2,
1790865287	20622	r8-K2off-2,
1790865288	20630	r8-K2off-2,
1790865289	20630	r8-K2off-2,
1790865290	20638	r8-K2off-2,
1790865291	20645	r8-K2off-2,
1790865292	20636	r8-K2off-2,
1790865293	20624	r8-K2off-2,
1790865294	20626	r8-K2off-2,
1790865295	20629	r8-K2off-2,
1790865296	20622	r8-K2off-2,
1790865297	20614	r8-K2off-2,
1790865298	20607	r8-K2off-2,
1790865299	20609	r8-K2off-2,
1790865300	20619	r8-K2off-2,
1790865301	20616	r8-K2off-2,
1790865302	20624	r8-K2off-2,
1790865303	20637	r8-K2off-2,
1790865304	20647	r8-K2off-2,
1790865305	20640	r8-K2off-2,
1790865306	20638	r8-K2off-2,
1790865307	20640	r8-K2off-2,
1790865308	20647	r8-K2off-2,
1790865309	20643	r8-K2off-2,
1790865310	20636	r8-K2off-2,
1790865311	20632	r8-K2off-2,
1790865312	20634	r8-K2off-2,
1790865313	20635	r8-K2off-2,
1790865314	20630	r8-K2off-2,
1790865315	20629	r8-K2off-2,
1790865317	20624	r8-K2off-2,
1790865318	20620	r8-K2off-2,
1790865319	20609	r8-K2off-2,
1790865320	20609	r8-K2off-2,
1790865321	20618	r8-K2off-2,
1790865322	20608	r8-K2off-2,
1790865323	20605	r8-K2off-2,
1790865324	20601	r8-K2off-2,
1790865325	20599	r8-K2off-2,
1790865326	20610	r8-K2off-2,
1790865327	20612	r8-K2off-2,
1790865328	20607	r8-K2off-2,
1790865329	20600	r8-K2off-2,
1790865330	20607	r8-K2off-2,
1790865331	20606	r8-K2off-2,
1790865332	20609	r8-K2off-2,
1790865333	20613	r8-K2off-2,
1790865334	20619	r8-K2off-2,
1790865335	20627	r8-K2off-2,
1790865336	20631	r8-K2off-2,
1790865337	20628	r8-K2off-2,
1790865338	20635	r8-K2off-2,
1790865339	20641	r8-K2off-2,
1790865340	20637	r8-K2off-2,
1790865341	20627	r8-K2off-2,
1790865342	20622	r8-K2off-2,
1790865343	20621	r8-K2off-2,
1790865344	20617	r8-K2off-2,
1790865345	20617	r8-K2off-2,
1790865346	20613	r8-K2off-2,
1790865347	20625	r8-K2off-2,
1790865348	20623	r8-K2off-2,
1790865349	20621	r8-K2off-2,
1790865350	20633	r8-K2off-2,
1790865351	20642	r8-K2off-2,
1790865352	20647	r8-K2off-2,
1790865353	20641	r8-K2off-2,
1790865354	20635	r8-K2off-2,
1790865355	20624	r8-K2off-2,
1790865356	20620	r8-K2off-2,
1790865357	20630	r8-K2off-2,
1790865359	20629	r8-K2off-2,
1790865360	20638	r8-K2off-2,
1790865361	20639	r8-K2off-2,
1790865362	20638	r8-K2off-2,
1790865363	20633	r8-K2off-2,
1790865364	20631	r8-K2off-2,
1790865365	20640	r8-K2off-2,
1790865366	20631	r8-K2off-2,
1790865367	20623	r8-K2off-2,
1790865368	20607	r8-K2off-2,
1790865369	20530	r8-K2off-2,
1790865370	20461	r8-K2off-2,
1790865371	20406	r8-K2off-2,
1790865372	20394	r8-K2off-2,
1790865373	20410	r8-K2off-2,
1790865374	20364	r8-K2off-2,
1790865375	20367	r8-K2off-2,
1790865376	20370	r8-K2off-2,
1790865377	20372	r8-K2off-2,
1790865378	20371	r8-K2off-2,
1790865379	20353	r8-K2off-2,
1790865380	20337	r8-K2off-2,
1790865381	20276	r8-K2off-2,
1790865382	20223	r8-K2off-2,
1790865383	20213	r8-K2off-2,
1790865384	20679	r8-K2off-2,
1790865385	20672	r8-K2off-2,
1790865386	20662	r8-K2off-2,
1790865387	20664	r8-K2off-2,
1790865388	20657	r8-K2off-2,
1790865389	20659	r8-K2off-2,
1790865390	20658	r8-K2off-2,
1790865391	20652	r8-K2off-2,
1790865392	20649	r8-K2off-2,
1790865393	20647	r8-K2off-2,
1790865394	20642	r8-K2off-2,
1790865395	20634	r8-K2off-2,
1790865396	20637	r8-K2off-2,
1790865397	20631	r8-K2off-2,
1790865399	20631	r8-K2off-2,
1790865400	20636	r8-K2off-2,
1790865401	20628	r8-K2off-2,
1790865402	20624	r8-K2off-2,
1790865403	20619	r8-K2off-2,
1790865404	20617	r8-K2off-2,
1790865405	20632	r8-K2off-2,
1790865406	20636	r8-K2off-2,
1790865407	20631	r8-K2off-2,
1790865408	20626	r8-K2off-2,
1790865409	20623	r8-K2off-2,
1790865410	20628	r8-K2off-2,
1790865411	20619	r8-K2off-2,
1790865412	20614	r8-K2off-2,
1790865413	20606	r8-K2off-2,
1790865414	20613	r8-K2off-2,
1790865415	20604	r8-K2off-2,
1790865416	20599	r8-K2off-2,
1790865417	20593	r8-K2off-2,
1790865418	20590	r8-K2off-2,
1790865419	20585	r8-K2off-2,
1790865420	20586	r8-K2off-2,
1790865421	20593	r8-K2off-2,
1790865422	20599	r8-K2off-2,
1790865423	20602	r8-K2off-2,
1790865424	20610	r8-K2off-2,
1790865425	20603	r8-K2off-2,
1790865426	20612	r8-K2off-2,
1790865427	20610	r8-K2off-2,
1790865428	20611	r8-K2off-2,
1790865429	20617	r8-K2off-2,
1790865430	20624	r8-K2off-2,
1790865431	20628	r8-K2off-2,
1790865432	20629	r8-K2off-2,
1790865433	20632	r8-K2off-2,
1790865434	20624	r8-K2off-2,
1790865435	20630	r8-K2off-2,
1790865436	20620	r8-K2off-2,
1790865437	20625	r8-K2off-2,
1790865438	20629	r8-K2off-2,
1790865439	20623	r8-K2off-2,
1790865440	20617	r8-K2off-2,
1790865441	20612	r8-K2off-2,
1790865443	20616	r8-K2off-2,
1790865444	20619	r8-K2off-2,
1790865445	20614	r8-K2off-2,
1790865446	20609	r8-K2off-2,
1790865447	20607	r8-K2off-2,
1790865448	20601	r8-K2off-2,
1790865449	20611	r8-K2off-2,
1790865450	20607	r8-K2off-2,
1790865451	20604	r8-K2off-2,
1790865452	20593	r8-K2off-2,
1790865453	20602	r8-K2off-2,
1790865454	20597	r8-K2off-2,
1790865455	20598	r8-K2off-2,
1790865456	20602	r8-K2off-2,
1790865457	20618	r8-K2off-2,
1790865458	20623	r8-K2off-2,
1790865459	20631	r8-K2off-2,
1790865460	20625	r8-K2off-2,
1790865461	20629	r8-K2off-2,
1790865462	20631	r8-K2off-2,
1790865463	20627	r8-K2off-2,
1790865464	20636	r8-K2off-2,
1790865465	20643	r8-K2off-2,
1790865466	20639	r8-K2off-2,
1790865467	20630	r8-K2off-2,
1790865468	20622	r8-K2off-2,
1790865469	20636	r8-K2off-2,
1790865470	20635	r8-K2off-2,
1790865471	20630	r8-K2off-2,
1790865472	20632	r8-K2off-2,
1790865473	20626	r8-K2off-2,
1790865474	20620	r8-K2off-2,
1790865475	20620	r8-K2off-2,
1790865476	20618	r8-K2off-2,
1790865477	20614	r8-K2off-2,
1790865478	20619	r8-K2off-2,
1790865479	20610	r8-K2off-2,
1790865480	20609	r8-K2off-2,
1790865481	20604	r8-K2off-2,
1790865483	20601	r8-K2off-2,
1790865484	20603	r8-K2off-2,
1790865485	20600	r8-K2off-2,
1790865486	20609	r8-K2off-2,
1790865487	20606	r8-K2off-2,
1790865488	20612	r8-K2off-2,
1790865489	20612	r8-K2off-2,
1790865490	20618	r8-K2off-2,
1790865491	20625	r8-K2off-2,
1790865492	20616	r8-K2off-2,
1790865493	20613	r8-K2off-2,
1790865494	20610	r8-K2off-2,
1790865495	20616	r8-K2off-2,
1790865496	20618	r8-K2off-2,
1790865497	20611	r8-K2off-2,
1790865498	20612	r8-K2off-2,
1790865499	20612	r8-K2off-2,
1790865500	20608	r8-K2off-2,
1790865501	20603	r8-K2off-2,
1790865502	20604	r8-K2off-2,
1790865503	20608	r8-K2off-2,
1790865504	20614	r8-K2off-2,
1790865505	20623	r8-K2off-2,
1790865506	20621	r8-K2off-2,
1790865507	20614	r8-K2off-2,
1790865508	20615	r8-K2off-2,
1790865509	20610	r8-K2off-2,
1790865510	20611	r8-K2off-2,
1790865511	20615	r8-K2off-2,
1790865512	20618	r8-K2off-2,
1790865513	20610	r8-K2off-2,
1790865514	20605	r8-K2off-2,
1790865515	20606	r8-K2off-2,
1790865516	20611	r8-K2off-2,
1790865517	20618	r8-K2off-2,
1790865518	20621	r8-K2off-2,
1790865519	20618	r8-K2off-2,
1790865520	20615	r8-K2off-2,
1790865521	20622	r8-K2off-2,
1790865522	20630	r8-K2off-2,
1790865524	20622	r8-K2off-2,
1790865525	20616	r8-K2off-2,
1790865526	20622	r8-K2off-2,
1790865527	20609	r8-K2off-2,
1790865528	20603	r8-K2off-2,
1790865529	20600	r8-K2off-2,
1790865530	20603	r8-K2off-2,
1790865531	20603	r8-K2off-2,
1790865532	20612	r8-K2off-2,
1790865533	20624	r8-K2off-2,
1790865534	20616	r8-K2off-2,
1790865535	20611	r8-K2off-2,
1790865536	20616	r8-K2off-2,
1790865537	20614	r8-K2off-2,
1790865538	20621	r8-K2off-2,
1790865539	20610	r8-K2off-2,
1790865540	20614	r8-K2off-2,
1790865541	20609	r8-K2off-2,
1790865542	20615	r8-K2off-2,
1790865543	20626	r8-K2off-2,
1790865544	20619	r8-K2off-2,
1790865545	20627	r8-K2off-2,
1790865546	20634	r8-K2off-2,
1790865547	20631	r8-K2off-2,
1790865548	20633	r8-K2off-2,
1790865549	20641	r8-K2off-2,
1790865550	20641	r8-K2off-2,
1790865551	20643	r8-K2off-2,
1790865552	20643	r8-K2off-2,
1790865553	20698	r8-K2off-2,
1790865554	20682	r8-K2off-2,
1790865555	20674	r8-K2off-2,
1790865556	20660	r8-K2off-2,
1790865557	20665	r8-K2off-2,
1790865558	20656	r8-K2off-2,
1790865559	20635	r8-K2off-2,
1790865560	20636	r8-K2off-2,
1790865561	20676	r8-K2off-2,
1790865562	20673	r8-K2off-2,
1790865563	20661	r8-K2off-2,
1790865564	20659	r8-K2off-2,
1790865566	20547	r8-K2off-2,
1790865567	20483	r8-K2off-2,
1790865568	20444	r8-K2off-2,
1790865569	20399	r8-K2off-2,
1790865570	20359	r8-K2off-2,
1790865571	20350	r8-K2off-2,
1790865572	20330	r8-K2off-2,
1790865573	20288	r8-K2off-2,
1790865574	20209	r8-K2off-2,
1790865575	20700	r8-K2off-2,
1790865576	20695	r8-K2off-2,
1790865577	20679	r8-K2off-2,
1790865578	20674	r8-K2off-2,
1790865579	20662	r8-K2off-2,
1790865580	20644	r8-K2off-2,
1790865581	20646	r8-K2off-2,
1790865582	20639	r8-K2off-2,
1790865583	20629	r8-K2off-2,
1790865584	20643	r8-K2off-2,
1790865585	20630	r8-K2off-2,
1790865586	20632	r8-K2off-2,
1790865587	20640	r8-K2off-2,
1790865588	20635	r8-K2off-2,
1790865589	20625	r8-K2off-2,
1790865590	20632	r8-K2off-2,
1790865591	20639	r8-K2off-2,
1790865592	20642	r8-K2off-2,
1790865593	20633	r8-K2off-2,
1790865594	20627	r8-K2off-2,
1790865595	20617	r8-K2off-2,
1790865596	20615	r8-K2off-2,
1790865597	20617	r8-K2off-2,
1790865598	20624	r8-K2off-2,
1790865599	20617	r8-K2off-2,
1790865600	20610	r8-K2off-2,
1790865601	20616	r8-K2off-2,
1790865602	20626	r8-K2off-2,
1790865603	20621	r8-K2off-2,
1790865604	20632	r8-K2off-2,
1790865606	20627	r8-K2off-2,
1790865607	20627	r8-K2off-2,
1790865608	20611	r8-K2off-2,
1790865609	20614	r8-K2off-2,
1790865610	20625	r8-K2off-2,
1790865611	20617	r8-K2off-2,
1790865612	20612	r8-K2off-2,
1790865613	20606	r8-K2off-2,
1790865614	20606	r8-K2off-2,
1790865615	20605	r8-K2off-2,
1790865616	20611	r8-K2off-2,
1790865617	20602	r8-K2off-2,
1790865618	20606	r8-K2off-2,
1790865619	20612	r8-K2off-2,
1790865620	20605	r8-K2off-2,
1790865621	20614	r8-K2off-2,
1790865622	20618	r8-K2off-2,
1790865623	20616	r8-K2off-2,
1790865624	20613	r8-K2off-2,
1790865625	20603	r8-K2off-2,
1790865626	20598	r8-K2off-2,
1790865627	20606	r8-K2off-2,
1790865628	20619	r8-K2off-2,
1790865629	20617	r8-K2off-2,
1790865630	20624	r8-K2off-2,
1790865631	20632	r8-K2off-2,
1790865632	20625	r8-K2off-2,
1790865633	20624	r8-K2off-2,
1790865634	20628	r8-K2off-2,
1790865635	20626	r8-K2off-2,
1790865636	20621	r8-K2off-2,
1790865637	20624	r8-K2off-2,
1790865638	20634	r8-K2off-2,
1790865639	20620	r8-K2off-2,
1790865640	20622	r8-K2off-2,
1790865641	20619	r8-K2off-2,
1790865642	20625	r8-K2off-2,
1790865643	20627	r8-K2off-2,
1790865644	20616	r8-K2off-2,
1790865645	20609	r8-K2off-2,
1790865647	20605	r8-K2off-2,
1790865648	20609	r8-K2off-2,
1790865649	20608	r8-K2off-2,
1790865650	20605	r8-K2off-2,
1790865651	20609	r8-K2off-2,
1790865652	20599	r8-K2off-2,
1790865653	20607	r8-K2off-2,
1790865654	20617	r8-K2off-2,
1790865655	20611	r8-K2off-2,
1790865656	20610	r8-K2off-2,
1790865657	20612	r8-K2off-2,
1790865658	20608	r8-K2off-2,
1790865659	20618	r8-K2off-2,
1790865660	20607	r8-K2off-2,
1790865661	20598	r8-K2off-2,
1790865662	20594	r8-K2off-2,
1790865663	20589	r8-K2off-2,
1790865664	20586	r8-K2off-2,
1790865665	20584	r8-K2off-2,
1790865666	20576	r8-K2off-2,
1790865667	20583	r8-K2off-2,
1790865668	20582	r8-K2off-2,
1790865669	20594	r8-K2off-2,
1790865670	20589	r8-K2off-2,
1790865671	20591	r8-K2off-2,
1790865672	20594	r8-K2off-2,
1790865673	20601	r8-K2off-2,
1790865674	20600	r8-K2off-2,
1790865675	20625	r8-K2off-2,
1790865676	20620	r8-K2off-2,
1790865677	20630	r8-K2off-2,
1790865678	20638	r8-K2off-2,
1790865679	20633	r8-K2off-2,
1790865680	20642	r8-K2off-2,
1790865681	20650	r8-K2off-2,
1790865682	20648	r8-K2off-2,
1790865683	20645	r8-K2off-2,
1790865684	20657	r8-K2off-2,
1790865685	20649	r8-K2off-2,
1790865687	20655	r8-K2off-2,
1790865688	20642	r8-K2off-2,
1790865689	20651	r8-K2off-2,
1790865690	20646	r8-K2off-2,
1790865691	20647	r8-K2off-2,
1790865692	20636	r8-K2off-2,
1790865693	20648	r8-K2off-2,
1790865694	20655	r8-K2off-2,
1790865695	20646	r8-K2off-2,
1790865696	20642	r8-K2off-2,
1790865697	20629	r8-K2off-2,
1790865698	20627	r8-K2off-2,
1790865699	20638	r8-K2off-2,
1790865700	20640	r8-K2off-2,
1790865701	20632	r8-K2off-2,
1790865702	20636	r8-K2off-2,
1790865703	20633	r8-K2off-2,
1790865704	20619	r8-K2off-2,
1790865705	20609	r8-K2off-2,
1790865706	20608	r8-K2off-2,
1790865707	20599	r8-K2off-2,
1790865708	20566	r8-K2off-2,
1790865709	20513	r8-K2off-2,
1790865710	20446	r8-K2off-2,
1790865711	20374	r8-K2off-2,
1790865712	20323	r8-K2off-2,
1790865713	20299	r8-K2off-2,
1790865714	20309	r8-K2off-2,
1790865715	20313	r8-K2off-2,
1790865716	20315	r8-K2off-2,
1790865717	20314	r8-K2off-2,
1790865718	20297	r8-K2off-2,
1790865719	20282	r8-K2off-2,
1790865720	20290	r8-K2off-2,
1790865721	20288	r8-K2off-2,
1790865722	20291	r8-K2off-2,
1790865723	20273	r8-K2off-2,
1790865724	20181	r8-K2off-2,
1790865725	20695	r8-K2off-2,
1790865727	20681	r8-K2off-2,
1790865728	20675	r8-K2off-2,
1790865729	20667	r8-K2off-2,
1790865730	20665	r8-K2off-2,
1790865731	20662	r8-K2off-2,
1790865732	20669	r8-K2off-2,
1790865733	20662	r8-K2off-2,
1790865734	20659	r8-K2off-2,
1790865735	20650	r8-K2off-2,
1790865736	20655	r8-K2off-2,
1790865737	20650	r8-K2off-2,
1790865738	20635	r8-K2off-2,
1790865739	20636	r8-K2off-2,
1790865740	20645	r8-K2off-2,
1790865741	20636	r8-K2off-2,
1790865742	20632	r8-K2off-2,
1790865743	20638	r8-K2off-2,
1790865744	20639	r8-K2off-2,
1790865745	20650	r8-K2off-2,
1790865746	20648	r8-K2off-2,
1790865747	20638	r8-K2off-2,
1790865748	20633	r8-K2off-2,
1790865749	20640	r8-K2off-2,
1790865750	20628	r8-K2off-2,
1790865751	20621	r8-K2off-2,
1790865752	20615	r8-K2off-2,
1790865753	20623	r8-K2off-2,
1790865754	20632	r8-K2off-2,
1790865755	20640	r8-K2off-2,
1790865756	20642	r8-K2off-2,
1790865757	20637	r8-K2off-2,
1790865758	20641	r8-K2off-2,
1790865759	20632	r8-K2off-2,
1790865760	20629	r8-K2off-2,
1790865761	20634	r8-K2off-2,
1790865762	20636	r8-K2off-2,
1790865763	20640	r8-K2off-2,
1790865764	20632	r8-K2off-2,
1790865765	20623	r8-K2off-2,
1790865767	20617	r8-K2off-2,
1790865768	20611	r8-K2off-2,
1790865769	20619	r8-K2off-2,
1790865770	20633	r8-K2off-2,
1790865771	20633	r8-K2off-2,
1790865772	20624	r8-K2off-2,
1790865773	20617	r8-K2off-2,
1790865774	20609	r8-K2off-2,
1790865775	20611	r8-K2off-2,
1790865776	20621	r8-K2off-2,
1790865777	20614	r8-K2off-2,
1790865778	20605	r8-K2off-2,
1790865779	20612	r8-K2off-2,
1790865780	20600	r8-K2off-2,
1790865781	20610	r8-K2off-2,
1790865782	20612	r8-K2off-2,
1790865783	20608	r8-K2off-2,
1790865784	20602	r8-K2off-2,
1790865785	20614	r8-K2off-2,
1790865786	20616	r8-K2off-2,
1790865787	20615	r8-K2off-2,
1790865788	20615	r8-K2off-2,
1790865789	20612	r8-K2off-2,
1790865790	20616	r8-K2off-2,
1790865791	20615	r8-K2off-2,
1790865792	20618	r8-K2off-2,
1790865793	20619	r8-K2off-2,
1790865794	20633	r8-K2off-2,
1790865795	20628	r8-K2off-2,
1790865796	20630	r8-K2off-2,
1790865797	20632	r8-K2off-2,
1790865798	20630	r8-K2off-2,
1790865799	20624	r8-K2off-2,
1790865800	20620	r8-K2off-2,
1790865801	20627	r8-K2off-2,
1790865802	20637	r8-K2off-2,
1790865803	20637	r8-K2off-2,
1790865804	20637	r8-K2off-2,
1790865806	20628	r8-K2off-2,
1790865807	20641	r8-K2off-2,
1790865808	20638	r8-K2off-2,
1790865809	20630	r8-K2off-2,
1790865810	20623	r8-K2off-2,
1790865811	20625	r8-K2off-2,
1790865812	20633	r8-K2off-2,
1790865813	20638	r8-K2off-2,
1790865814	20633	r8-K2off-2,
1790865815	20641	r8-K2off-2,
1790865816	20644	r8-K2off-2,
1790865817	20641	r8-K2off-2,
1790865818	20645	r8-K2off-2,
1790865819	20639	r8-K2off-2,
1790865820	20645	r8-K2off-2,
1790865821	20649	r8-K2off-2,
1790865822	20654	r8-K2off-2,
1790865823	20651	r8-K2off-2,
1790865824	20644	r8-K2off-2,
1790865825	20654	r8-K2off-2,
1790865826	20647	r8-K2off-2,
1790865827	20640	r8-K2off-2,
1790865828	20645	r8-K2off-2,
1790865829	20645	r8-K2off-2,
1790865830	20633	r8-K2off-2,
1790865831	20641	r8-K2off-2,
1790865832	20637	r8-K2off-2,
1790865833	20632	r8-K2off-2,
1790865834	20639	r8-K2off-2,
1790865835	20646	r8-K2off-2,
1790865836	20641	r8-K2off-2,
1790865837	20632	r8-K2off-2,
1790865838	20634	r8-K2off-2,
1790865839	20642	r8-K2off-2,
1790865840	20639	r8-K2off-2,
1790865841	20640	r8-K2off-2,
1790865842	20643	r8-K2off-2,
1790865843	20631	r8-K2off-2,
1790865845	20622	r8-K2off-2,
1790865846	20631	r8-K2off-2,
1790865847	20626	r8-K2off-2,
1790865848	20632	r8-K2off-2,
1790865849	20625	r8-K2off-2,
1790865850	20631	r8-K2off-2,
1790865851	20625	r8-K2off-2,
1790865852	20620	r8-K2off-2,
1790865853	20615	r8-K2off-2,
1790865854	20615	r8-K2off-2,
1790865855	20622	r8-K2off-2,
1790865856	20630	r8-K2off-2,
1790865857	20629	r8-K2off-2,
1790865858	20622	r8-K2off-2,
1790865859	20624	r8-K2off-2,
1790865860	20620	r8-K2off-2,
1790865861	20613	r8-K2off-2,
1790865862	20618	r8-K2off-2,
1790865863	20625	r8-K2off-2,
1790865864	20618	r8-K2off-2,
1790865865	20612	r8-K2off-2,
1790865866	20607	r8-K2off-2,
1790865867	20606	r8-K2off-2,
1790865868	20606	r8-K2off-2,
1790865869	20615	r8-K2off-2,
1790865870	20623	r8-K2off-2,
1790865871	20632	r8-K2off-2,
1790865872	20641	r8-K2off-2,
1790865873	20635	r8-K2off-2,
1790865874	20632	r8-K2off-2,
1790865875	20639	r8-K2off-2,
1790865876	20628	r8-K2off-2,
1790865877	20629	r8-K2off-2,
1790865878	20635	r8-K2off-2,
1790865879	20622	r8-K2off-2,
1790865880	20627	r8-K2off-2,
1790865881	20633	r8-K2off-2,
1790865882	20628	r8-K2off-2,
1790865883	20625	r8-K2off-2,
1790865885	20620	r8-K2off-2,
1790865886	20611	r8-K2off-2,
1790865887	20605	r8-K2off-2,
1790865888	20604	r8-K2off-2,
1790865889	20613	r8-K2off-2,
1790865890	20623	r8-K2off-2,
1790865891	20621	r8-K2off-2,
1790865892	20626	r8-K2off-2,
1790865893	20627	r8-K2off-2,
1790865894	20621	r8-K2off-2,
1790865895	20627	r8-K2off-2,
1790865896	20629	r8-K2off-2,
1790865897	20623	r8-K2off-2,
1790865898	20630	r8-K2off-2,
1790865899	20632	r8-K2off-2,
1790865900	20632	r8-K2off-2,
1790865901	20644	r8-K2off-2,
1790865902	20634	r8-K2off-2,
1790865903	20642	r8-K2off-2,
1790865904	20635	r8-K2off-2,
1790865905	20637	r8-K2off-2,
1790865906	20634	r8-K2off-2,
1790865907	20621	r8-K2off-2,
1790865908	20617	r8-K2off-2,
1790865909	20626	r8-K2off-2,
1790865910	20633	r8-K2off-2,
1790865911	20630	r8-K2off-2,
1790865912	20638	r8-K2off-2,
1790865913	20629	r8-K2off-2,
1790865914	20637	r8-K2off-2,
1790865915	20630	r8-K2off-2,
1790865916	20629	r8-K2off-2,
1790865917	20632	r8-K2off-2,
1790865918	20641	r8-K2off-2,
1790865919	20636	r8-K2off-2,
1790865920	20575	r8-K2off-2,
1790865921	20433	r8-K2off-2,
1790865922	20358	r8-K2off-2,
1790865923	20320	r8-K2off-2,
1790865925	20326	r8-K2off-2,
1790865926	20327	r8-K2off-2,
1790865927	20323	r8-K2off-2,
1790865928	20319	r8-K2off-2,
1790865929	20321	r8-K2off-2,
1790865930	20309	r8-K2off-2,
1790865931	20305	r8-K2off-2,
1790865932	20242	r8-K2off-2,
1790865933	20182	r8-K2off-2,
1790865934	20690	r8-K2off-2,
1790865935	20679	r8-K2off-2,
1790865936	20667	r8-K2off-2,
1790865937	20653	r8-K2off-2,
1790865938	20646	r8-K2off-2,
1790865939	20646	r8-K2off-2,
1790865940	20638	r8-K2off-2,
1790865941	20647	r8-K2off-2,
1790865942	20649	r8-K2off-2,
1790865943	20646	r8-K2off-2,
1790865944	20653	r8-K2off-2,
1790865945	20646	r8-K2off-2,
1790865946	20644	r8-K2off-2,
1790865947	20638	r8-K2off-2,
1790865948	20640	r8-K2off-2,
1790865949	20631	r8-K2off-2,
1790865950	20621	r8-K2off-2,
1790865951	20633	r8-K2off-2,
1790865952	20650	r8-K2off-2,
1790865953	20639	r8-K2off-2,
1790865954	20628	r8-K2off-2,
1790865955	20626	r8-K2off-2,
1790865956	20635	r8-K2off-2,
1790865957	20623	r8-K2off-2,
1790865958	20621	r8-K2off-2,
1790865959	20614	r8-K2off-2,
1790865960	20623	r8-K2off-2,
1790865961	20617	r8-K2off-2,
1790865963	20624	r8-K2off-2,
1790865964	20620	r8-K2off-2,
1790865965	20614	r8-K2off-2,
1790865966	20611	r8-K2off-2,
1790865967	20619	r8-K2off-2,
1790865968	20621	r8-K2off-2,
1790865969	20613	r8-K2off-2,
1790865970	20626	r8-K2off-2,
1790865971	20626	r8-K2off-2,
1790865972	20629	r8-K2off-2,
1790865973	20626	r8-K2off-2,
1790865974	20632	r8-K2off-2,
1790865975	20628	r8-K2off-2,
1790865976	20630	r8-K2off-2,
1790865977	20634	r8-K2off-2,
1790865978	20632	r8-K2off-2,
1790865979	20627	r8-K2off-2,
1790865980	20620	r8-K2off-2,
1790865981	20626	r8-K2off-2,
1790865982	20619	r8-K2off-2,
1790865983	20621	r8-K2off-2,
1790865984	20625	r8-K2off-2,
1790865985	20632	r8-K2off-2,
1790865986	20625	r8-K2off-2,
1790865987	20629	r8-K2off-2,
1790865988	20635	r8-K2off-2,
1790865989	20626	r8-K2off-2,
1790865990	20630	r8-K2off-2,
1790865991	20632	r8-K2off-2,
1790865992	20632	r8-K2off-2,
1790865993	20628	r8-K2off-2,
1790865994	20627	r8-K2off-2,
1790865995	20627	r8-K2off-2,
1790865996	20621	r8-K2off-2,
1790865997	20615	r8-K2off-2,
1790865998	20621	r8-K2off-2,
1790865999	20609	r8-K2off-2,
1790866000	20622	r8-K2off-2,
1790866001	20614	r8-K2off-2,
1790866003	20614	r8-K2off-2,
1790866004	20626	r8-K2off-2,
1790866005	20623	r8-K2off-2,
1790866006	20617	r8-K2off-2,
1790866007	20616	r8-K2off-2,
1790866008	20638	r8-K2off-2,
1790866009	20634	r8-K2off-2,
1790866010	20627	r8-K2off-2,
1790866011	20622	r8-K2off-2,
1790866012	20616	r8-K2off-2,
1790866013	20621	r8-K2off-2,
1790866014	20622	r8-K2off-2,
1790866015	20615	r8-K2off-2,
1790866016	20622	r8-K2off-2,
1790866017	20621	r8-K2off-2,
1790866018	20626	r8-K2off-2,
1790866019	20621	r8-K2off-2,
1790866020	20631	r8-K2off-2,
1790866021	20623	r8-K2off-2,
1790866022	20620	r8-K2off-2,
1790866023	20628	r8-K2off-2,
1790866024	20634	r8-K2off-2,
1790866025	20642	r8-K2off-2,
1790866026	20632	r8-K2off-2,
1790866027	20636	r8-K2off-2,
1790866028	20630	r8-K2off-2,
1790866029	20638	r8-K2off-2,
1790866030	20646	r8-K2off-2,
1790866031	20653	r8-K2off-2,
1790866032	20656	r8-K2off-2,
1790866033	20648	r8-K2off-2,
1790866034	20652	r8-K2off-2,
1790866035	20651	r8-K2off-2,
1790866036	20646	r8-K2off-2,
1790866037	20634	r8-K2off-2,
1790866038	20630	r8-K2off-2,
1790866039	20625	r8-K2off-2,
1790866040	20623	r8-K2off-2,
1790866041	20619	r8-K2off-2,
1790866042	20626	r8-K2off-2,
1790866044	20622	r8-K2off-2,
1790866045	20616	r8-K2off-2,
1790866046	20618	r8-K2off-2,
1790866047	20617	r8-K2off-2,
1790866048	20624	r8-K2off-2,
1790866049	20619	r8-K2off-2,
1790866050	20617	r8-K2off-2,
1790866051	20620	r8-K2off-2,
1790866052	20624	r8-K2off-2,
1790866053	20609	r8-K2off-2,
1790866054	20614	r8-K2off-2,
1790866055	20629	r8-K2off-2,
1790866056	20631	r8-K2off-2,
1790866057	20625	r8-K2off-2,
1790866058	20632	r8-K2off-2,
1790866059	20621	r8-K2off-2,
1790866060	20629	r8-K2off-2,
1790866061	20624	r8-K2off-2,
1790866062	20622	r8-K2off-2,
1790866063	20617	r8-K2off-2,
1790866064	20617	r8-K2off-2,
1790866065	20619	r8-K2off-2,
1790866066	20621	r8-K2off-2,
1790866067	20623	r8-K2off-2,
1790866068	20624	r8-K2off-2,
1790866069	20629	r8-K2off-2,
1790866070	20623	r8-K2off-2,
1790866071	20616	r8-K2off-2,
1790866072	20620	r8-K2off-2,
1790866073	20626	r8-K2off-2,
1790866074	20621	r8-K2off-2,
1790866075	20632	r8-K2off-2,
1790866076	20626	r8-K2off-2,
1790866077	20628	r8-K2off-2,
1790866078	20623	r8-K2off-2,
1790866079	20631	r8-K2off-2,
1790866080	20633	r8-K2off-2,
1790866081	20642	r8-K2off-2,
1790866082	20645	r8-K2off-2,
1790866084	20640	r8-K2off-2,
1790866085	20631	r8-K2off-2,
1790866086	20629	r8-K2off-2,
1790866087	20630	r8-K2off-2,
1790866088	20631	r8-K2off-2,
1790866089	20640	r8-K2off-2,
1790866090	20634	r8-K2off-2,
1790866091	20631	r8-K2off-2,
1790866092	20632	r8-K2off-2,
1790866093	20598	r8-K2off-2,
1790866094	20467	r8-K2off-2,
1790866095	20384	r8-K2off-2,
1790866096	20335	r8-K2off-2,
1790866097	20318	r8-K2off-2,
1790866098	20314	r8-K2off-2,
1790866099	20287	r8-K2off-2,
1790866100	20290	r8-K2off-2,
1790866101	20266	r8-K2off-2,
1790866102	20246	r8-K2off-2,
1790866103	20244	r8-K2off-2,
1790866104	20244	r8-K2off-2,
1790866105	20208	r8-K2off-2,
1790866106	20136	r8-K2off-2,
1790866107	20701	r8-K2off-2,
1790866108	20697	r8-K2off-2,
1790866109	20685	r8-K2off-2,
1790866110	20683	r8-K2off-2,
1790866111	20672	r8-K2off-2,
1790866112	20661	r8-K2off-2,
1790866113	20648	r8-K2off-2,
1790866114	20640	r8-K2off-2,
1790866115	20639	r8-K2off-2,
1790866116	20633	r8-K2off-2,
1790866117	20629	r8-K2off-2,
1790866118	20626	r8-K2off-2,
1790866119	20630	r8-K2off-2,
1790866120	20626	r8-K2off-2,
1790866121	20635	r8-K2off-2,
1790866122	20625	r8-K2off-2,
1790866123	20622	r8-K2off-2,
1790866124	20628	r8-K2off-2,
1790866126	20627	r8-K2off-2,
1790866127	20627	r8-K2off-2,
1790866128	20635	r8-K2off-2,
1790866129	20634	r8-K2off-2,
1790866130	20627	r8-K2off-2,
1790866131	20632	r8-K2off-2,
1790866132	20623	r8-K2off-2,
1790866133	20631	r8-K2off-2,
1790866134	20642	r8-K2off-2,
1790866135	20640	r8-K2off-2,
1790866136	20635	r8-K2off-2,
1790866137	20646	r8-K2off-2,
1790866138	20638	r8-K2off-2,
1790866139	20631	r8-K2off-2,
1790866140	20624	r8-K2off-2,
1790866141	20620	r8-K2off-2,
1790866142	20629	r8-K2off-2,
1790866143	20627	r8-K2off-2,
1790866144	20624	r8-K2off-2,
1790866145	20623	r8-K2off-2,
1790866146	20625	r8-K2off-2,
1790866147	20624	r8-K2off-2,
1790866148	20631	r8-K2off-2,
1790866149	20627	r8-K2off-2,
1790866150	20632	r8-K2off-2,
1790866151	20625	r8-K2off-2,
1790866152	20620	r8-K2off-2,
1790866153	20626	r8-K2off-2,
1790866154	20621	r8-K2off-2,
1790866155	20611	r8-K2off-2,
1790866156	20619	r8-K2off-2,
1790866157	20627	r8-K2off-2,
1790866158	20625	r8-K2off-2,
1790866159	20625	r8-K2off-2,
1790866160	20617	r8-K2off-2,
1790866161	20608	r8-K2off-2,
1790866162	20617	r8-K2off-2,
1790866163	20627	r8-K2off-2,
1790866164	20620	r8-K2off-2,
1790866165	20636	r8-K2off-2,
1790866166	20631	r8-K2off-2,
1790866168	20633	r8-K2off-2,
1790866169	20627	r8-K2off-2,
1790866170	20629	r8-K2off-2,
1790866171	20637	r8-K2off-2,
1790866172	20627	r8-K2off-2,
1790866173	20622	r8-K2off-2,
1790866174	20617	r8-K2off-2,
1790866175	20621	r8-K2off-2,
1790866176	20615	r8-K2off-2,
1790866177	20624	r8-K2off-2,
1790866178	20625	r8-K2off-2,
1790866179	20623	r8-K2off-2,
1790866180	20616	r8-K2off-2,
1790866181	20618	r8-K2off-2,
1790866182	20623	r8-K2off-2,
1790866183	20628	r8-K2off-2,
1790866184	20636	r8-K2off-2,
1790866185	20634	r8-K2off-2,
1790866186	20639	r8-K2off-2,
1790866187	20633	r8-K2off-2,
1790866188	20621	r8-K2off-2,
1790866189	20620	r8-K2off-2,
1790866190	20619	r8-K2off-2,
1790866191	20613	r8-K2off-2,
1790866192	20622	r8-K2off-2,
1790866193	20611	r8-K2off-2,
1790866194	20607	r8-K2off-2,
1790866195	20617	r8-K2off-2,
1790866196	20605	r8-K2off-2,
1790866197	20601	r8-K2off-2,
1790866198	20610	r8-K2off-2,
1790866199	20605	r8-K2off-2,
1790866200	20600	r8-K2off-2,
1790866201	20609	r8-K2off-2,
1790866202	20605	r8-K2off-2,
1790866203	20614	r8-K2off-2,
1790866204	20622	r8-K2off-2,
1790866205	20618	r8-K2off-2,
1790866206	20625	r8-K2off-2,
1790866208	20631	r8-K2off-2,
1790866209	20626	r8-K2off-2,
1790866210	20616	r8-K2off-2,
1790866211	20624	r8-K2off-2,
1790866212	20626	r8-K2off-2,
1790866213	20619	r8-K2off-2,
1790866214	20627	r8-K2off-2,
1790866215	20624	r8-K2off-2,
1790866216	20625	r8-K2off-2,
1790866217	20623	r8-K2off-2,
1790866218	20639	r8-K2off-2,
1790866219	20640	r8-K2off-2,
1790866220	20649	r8-K2off-2,
1790866221	20652	r8-K2off-2,
1790866222	20650	r8-K2off-2,
1790866223	20639	r8-K2off-2,
1790866224	20648	r8-K2off-2,
1790866225	20645	r8-K2off-2,
1790866226	20652	r8-K2off-2,
1790866227	20639	r8-K2off-2,
1790866228	20635	r8-K2off-2,
1790866229	20627	r8-K2off-2,
1790866230	20620	r8-K2off-2,
1790866231	20612	r8-K2off-2,
1790866232	20619	r8-K2off-2,
1790866233	20614	r8-K2off-2,
1790866234	20625	r8-K2off-2,
1790866235	20620	r8-K2off-2,
1790866236	20629	r8-K2off-2,
1790866237	20631	r8-K2off-2,
1790866238	20639	r8-K2off-2,
1790866239	20640	r8-K2off-2,
1790866240	20635	r8-K2off-2,
1790866241	20631	r8-K2off-2,
1790866242	20626	r8-K2off-2,
1790866243	20626	r8-K2off-2,
1790866244	20634	r8-K2off-2,
1790866245	20629	r8-K2off-2,
1790866246	20620	r8-K2off-2,
1790866248	20624	r8-K2off-2,
1790866249	20612	r8-K2off-2,
1790866250	20607	r8-K2off-2,
1790866251	20609	r8-K2off-2,
1790866252	20614	r8-K2off-2,
1790866253	20623	r8-K2off-2,
1790866254	20624	r8-K2off-2,
1790866255	20629	r8-K2off-2,
1790866256	20623	r8-K2off-2,
1790866257	20629	r8-K2off-2,
1790866258	20622	r8-K2off-2,
1790866259	20623	r8-K2off-2,
1790866260	20629	r8-K2off-2,
1790866261	20626	r8-K2off-2,
1790866262	20622	r8-K2off-2,
1790866263	20616	r8-K2off-2,
1790866264	20621	r8-K2off-2,
1790866265	20631	r8-K2off-2,
1790866266	20625	r8-K2off-2,
1790866267	20621	r8-K2off-2,
1790866268	20628	r8-K2off-2,
1790866269	20624	r8-K2off-2,
1790866270	20622	r8-K2off-2,
1790866271	20616	r8-K2off-2,
1790866272	20624	r8-K2off-2,
1790866273	20630	r8-K2off-2,
1790866274	20627	r8-K2off-2,
1790866275	20627	r8-K2off-2,
1790866276	20637	r8-K2off-2,
1790866277	20627	r8-K2off-2,
1790866278	20635	r8-K2off-2,
1790866279	20620	r8-K2off-2,
1790866280	20616	r8-K2off-2,
1790866281	20617	r8-K2off-2,
1790866282	20613	r8-K2off-2,
1790866283	20611	r8-K2off-2,
1790866284	20615	r8-K2off-2,
1790866285	20666	r8-K2off-2,
1790866286	20645	r8-K2off-2,
1790866287	20637	r8-K2off-2,
1790866289	20627	r8-K2off-2,
1790866290	20630	r8-K2off-2,
1790866291	20599	r8-K2off-2,
1790866292	20516	r8-K2off-2,
1790866293	20442	r8-K2off-2,
1790866294	20427	r8-K2off-2,
1790866295	20355	r8-K2off-2,
1790866296	20334	r8-K2off-2,
1790866297	20336	r8-K2off-2,
1790866298	20332	r8-K2off-2,
1790866299	20332	r8-K2off-2,
1790866300	20340	r8-K2off-2,
1790866301	20348	r8-K2off-2,
1790866302	20337	r8-K2off-2,
1790866303	20343	r8-K2off-2,
1790866304	20350	r8-K2off-2,
1790866305	20344	r8-K2off-2,
1790866306	20317	r8-K2off-2,
1790866307	20312	r8-K2off-2,
1790866308	20314	r8-K2off-2,
1790866309	20318	r8-K2off-2,
1790866310	20309	r8-K2off-2,
1790866311	20288	r8-K2off-2,
1790866312	20281	r8-K2off-2,
1790866313	20236	r8-K2off-2,
1790866314	20158	r8-K2off-2,
1790866315	20690	r8-K2off-2,
1790866316	20672	r8-K2off-2,
1790866317	20646	r8-K2off-2,
1790866318	20646	r8-K2off-2,
1790866319	20645	r8-K2off-2,
1790866320	20642	r8-K2off-2,
1790866321	20635	r8-K2off-2,
1790866322	20630	r8-K2off-2,
1790866323	20630	r8-K2off-2,
1790866324	20634	r8-K2off-2,
1790866325	20636	r8-K2off-2,
1790866326	20628	r8-K2off-2,
1790866328	20632	r8-K2off-2,
1790866329	20639	r8-K2off-2,
1790866330	20635	r8-K2off-2,
1790866331	20626	r8-K2off-2,
1790866332	20640	r8-K2off-2,
1790866333	20641	r8-K2off-2,
1790866334	20643	r8-K2off-2,
1790866335	20629	r8-K2off-2,
1790866336	20631	r8-K2off-2,
1790866337	20637	r8-K2off-2,
1790866338	20645	r8-K2off-2,
1790866339	20650	r8-K2off-2,
1790866340	20643	r8-K2off-2,
1790866341	20649	r8-K2off-2,
1790866342	20640	r8-K2off-2,
1790866343	20629	r8-K2off-2,
1790866344	20636	r8-K2off-2,
1790866345	20636	r8-K2off-2,
1790866346	20643	r8-K2off-2,
1790866347	20639	r8-K2off-2,
1790866348	20637	r8-K2off-2,
1790866349	20632	r8-K2off-2,
1790866350	20629	r8-K2off-2,
1790866351	20635	r8-K2off-2,
1790866352	20628	r8-K2off-2,
1790866353	20618	r8-K2off-2,
1790866354	20623	r8-K2off-2,
1790866355	20630	r8-K2off-2,
1790866356	20635	r8-K2off-2,
1790866357	20627	r8-K2off-2,
1790866358	20631	r8-K2off-2,
1790866359	20626	r8-K2off-2,
1790866360	20625	r8-K2off-2,
1790866361	20620	r8-K2off-2,
1790866362	20626	r8-K2off-2,
1790866363	20613	r8-K2off-2,
1790866364	20619	r8-K2off-2,
1790866365	20623	r8-K2off-2,
1790866366	20628	r8-K2off-2,
1790866368	20622	r8-K2off-2,
1790866369	20628	r8-K2off-2,
1790866370	20622	r8-K2off-2,
1790866371	20622	r8-K2off-2,
1790866372	20621	r8-K2off-2,
1790866373	20616	r8-K2off-2,
1790866374	20612	r8-K2off-2,
1790866375	20606	r8-K2off-2,
1790866376	20615	r8-K2off-2,
1790866377	20614	r8-K2off-2,
1790866378	20622	r8-K2off-2,
1790866379	20622	r8-K2off-2,
1790866380	20632	r8-K2off-2,
1790866381	20634	r8-K2off-2,
1790866382	20629	r8-K2off-2,
1790866383	20623	r8-K2off-2,
1790866384	20617	r8-K2off-2,
1790866385	20612	r8-K2off-2,
1790866386	20608	r8-K2off-2,
1790866387	20607	r8-K2off-2,
1790866388	20615	r8-K2off-2,
1790866389	20616	r8-K2off-2,
1790866390	20632	r8-K2off-2,
1790866391	20626	r8-K2off-2,
1790866392	20629	r8-K2off-2,
1790866393	20631	r8-K2off-2,
1790866394	20619	r8-K2off-2,
1790866395	20612	r8-K2off-2,
1790866396	20620	r8-K2off-2,
1790866397	20615	r8-K2off-2,
1790866398	20610	r8-K2off-2,
1790866399	20611	r8-K2off-2,
1790866400	20618	r8-K2off-2,
1790866401	20611	r8-K2off-2,
1790866402	20616	r8-K2off-2,
1790866403	20615	r8-K2off-2,
1790866404	20612	r8-K2off-2,
1790866405	20623	r8-K2off-2,
1790866406	20631	r8-K2off-2,
1790866407	20634	r8-K2off-2,
1790866408	20631	r8-K2off-2,
1790866409	20637	r8-K2off-2,
1790866410	20641	r8-K2off-2,
1790866412	20648	r8-K2off-2,
1790866413	20642	r8-K2off-2,
1790866414	20635	r8-K2off-2,
1790866415	20629	r8-K2off-2,
1790866416	20624	r8-K2off-2,
1790866417	20626	r8-K2off-2,
1790866418	20628	r8-K2off-2,
1790866419	20633	r8-K2off-2,
1790866420	20627	r8-K2off-2,
1790866421	20627	r8-K2off-2,
1790866422	20622	r8-K2off-2,
1790866423	20630	r8-K2off-2,
1790866424	20625	r8-K2off-2,
1790866425	20632	r8-K2off-2,
1790866426	20622	r8-K2off-2,
1790866427	20623	r8-K2off-2,
1790866428	20618	r8-K2off-2,
1790866429	20614	r8-K2off-2,
1790866430	20622	r8-K2off-2,
1790866431	20621	r8-K2off-2,
1790866432	20629	r8-K2off-2,
1790866433	20623	r8-K2off-2,
1790866434	20631	r8-K2off-2,
1790866435	20627	r8-K2off-2,
1790866436	20629	r8-K2off-2,
1790866437	20623	r8-K2off-2,
1790866438	20616	r8-K2off-2,
1790866439	20627	r8-K2off-2,
1790866440	20631	r8-K2off-2,
1790866441	20639	r8-K2off-2,
1790866442	20633	r8-K2off-2,
1790866443	20626	r8-K2off-2,
1790866444	20622	r8-K2off-2,
1790866445	20617	r8-K2off-2,
1790866446	20614	r8-K2off-2,
1790866447	20613	r8-K2off-2,
1790866448	20622	r8-K2off-2,
1790866450	20624	r8-K2off-2,
1790866451	20623	r8-K2off-2,
1790866452	20628	r8-K2off-2,
1790866453	20632	r8-K2off-2,
1790866454	20634	r8-K2off-2,
1790866455	20638	r8-K2off-2,
1790866456	20643	r8-K2off-2,
1790866457	20637	r8-K2off-2,
1790866458	20636	r8-K2off-2,
1790866459	20640	r8-K2off-2,
1790866460	20637	r8-K2off-2,
1790866461	20637	r8-K2off-2,
1790866462	20630	r8-K2off-2,
1790866463	20633	r8-K2off-2,
1790866464	20629	r8-K2off-2,
1790866465	20636	r8-K2off-2,
1790866466	20633	r8-K2off-2,
1790866467	20633	r8-K2off-2,
1790866468	20627	r8-K2off-2,
1790866469	20623	r8-K2off-2,
1790866470	20620	r8-K2off-2,
1790866471	20609	r8-K2off-2,
1790866472	20610	r8-K2off-2,
1790866473	20615	r8-K2off-2,
1790866474	20624	r8-K2off-2,
1790866475	20625	r8-K2off-2,
1790866476	20626	r8-K2off-2,
1790866477	20626	r8-K2off-2,
1790866478	20631	r8-K2off-2,
1790866479	20626	r8-K2off-2,
1790866480	20629	r8-K2off-2,
1790866481	20637	r8-K2off-2,
1790866482	20629	r8-K2off-2,
1790866483	20627	r8-K2off-2,
1790866484	20623	r8-K2off-2,
1790866485	20620	r8-K2off-2,
1790866486	20613	r8-K2off-2,
1790866487	20608	r8-K2off-2,
1790866488	20617	r8-K2off-2,
1790866489	20616	r8-K2off-2,
1790866491	20603	r8-K2off-2,
1790866492	20608	r8-K2off-2,
1790866493	20616	r8-K2off-2,
1790866494	20624	r8-K2off-2,
1790866495	20618	r8-K2off-2,
1790866496	20613	r8-K2off-2,
1790866497	20609	r8-K2off-2,
1790866498	20603	r8-K2off-2,
1790866499	20591	r8-K2off-2,
1790866500	20566	r8-K2off-2,
1790866501	20526	r8-K2off-2,
1790866502	20537	r8-K2off-2,
1790866503	20541	r8-K2off-2,
1790866504	20551	r8-K2off-2,
1790866505	20547	r8-K2off-2,
1790866506	20542	r8-K2off-2,
1790866507	20463	r8-K2off-2,
1790866508	20453	r8-K2off-2,
1790866509	20464	r8-K2off-2,
1790866510	20457	r8-K2off-2,
1790866511	20461	r8-K2off-2,
1790866512	20468	r8-K2off-2,
1790866513	20471	r8-K2off-2,
1790866514	20465	r8-K2off-2,
1790866515	20399	r8-K2off-2,
1790866516	20374	r8-K2off-2,
1790866517	20359	r8-K2off-2,
1790866518	20325	r8-K2off-2,
1790866519	20310	r8-K2off-2,
1790866520	20303	r8-K2off-2,
1790866521	20312	r8-K2off-2,
1790866522	20291	r8-K2off-2,
1790866523	20274	r8-K2off-2,
1790866524	20255	r8-K2off-2,
1790866525	20215	r8-K2off-2,
1790866526	20203	r8-K2off-2,
1790866527	20180	r8-K2off-2,
1790866529	20162	r8-K2off-2,
1790866530	20676	r8-K2off-2,
1790866531	20665	r8-K2off-2,
1790866532	20658	r8-K2off-2,
1790866533	20665	r8-K2off-2,
1790866534	20652	r8-K2off-2,
1790866535	20646	r8-K2off-2,
1790866536	20647	r8-K2off-2,
1790866537	20642	r8-K2off-2,
1790866538	20637	r8-K2off-2,
1790866539	20630	r8-K2off-2,
1790866540	20634	r8-K2off-2,
1790866541	20627	r8-K2off-2,
1790866542	20622	r8-K2off-2,
1790866543	20612	r8-K2off-2,
1790866544	20609	r8-K2off-2,
1790866545	20618	r8-K2off-2,
1790866546	20627	r8-K2off-2,
1790866547	20627	r8-K2off-2,
1790866548	20629	r8-K2off-2,
1790866549	20637	r8-K2off-2,
1790866550	20633	r8-K2off-2,
1790866551	20628	r8-K2off-2,
1790866552	20625	r8-K2off-2,
1790866553	20633	r8-K2off-2,
1790866554	20628	r8-K2off-2,
1790866555	20625	r8-K2off-2,
1790866556	20616	r8-K2off-2,
1790866557	20612	r8-K2off-2,
1790866558	20611	r8-K2off-2,
1790866559	20609	r8-K2off-2,
1790866560	20611	r8-K2off-2,
1790866561	20615	r8-K2off-2,
1790866562	20625	r8-K2off-2,
1790866563	20619	r8-K2off-2,
1790866564	20625	r8-K2off-2,
1790866565	20615	r8-K2off-2,
1790866566	20621	r8-K2off-2,
1790866567	20615	r8-K2off-2,
1790866569	20608	r8-K2off-2,
1790866570	20615	r8-K2off-2,
1790866571	20610	r8-K2off-2,
1790866572	20620	r8-K2off-2,
1790866573	20623	r8-K2off-2,
1790866574	20631	r8-K2off-2,
1790866575	20623	r8-K2off-2,
1790866576	20617	r8-K2off-2,
1790866577	20616	r8-K2off-2,
1790866578	20612	r8-K2off-2,
1790866579	20622	r8-K2off-2,
1790866580	20631	r8-K2off-2,
1790866581	20625	r8-K2off-2,
1790866582	20622	r8-K2off-2,
1790866583	20614	r8-K2off-2,
1790866584	20623	r8-K2off-2,
1790866585	20621	r8-K2off-2,
1790866586	20617	r8-K2off-2,
1790866587	20600	r8-K2off-2,
1790866588	20610	r8-K2off-2,
1790866589	20607	r8-K2off-2,
1790866590	20618	r8-K2off-2,
1790866591	20626	r8-K2off-2,
1790866592	20626	r8-K2off-2,
1790866593	20626	r8-K2off-2,
1790866594	20627	r8-K2off-2,
1790866595	20623	r8-K2off-2,
1790866596	20631	r8-K2off-2,
1790866597	20644	r8-K2off-2,
1790866598	20643	r8-K2off-2,
1790866599	20643	r8-K2off-2,
1790866600	20650	r8-K2off-2,
1790866601	20642	r8-K2off-2,
1790866602	20636	r8-K2off-2,
1790866603	20633	r8-K2off-2,
1790866604	20629	r8-K2off-2,
1790866605	20637	r8-K2off-2,
1790866606	20632	r8-K2off-2,
1790866608	20636	r8-K2off-2,
1790866609	20634	r8-K2off-2,
1790866610	20636	r8-K2off-2,
1790866611	20638	r8-K2off-2,
1790866612	20631	r8-K2off-2,
1790866613	20621	r8-K2off-2,
1790866614	20618	r8-K2off-2,
1790866615	20618	r8-K2off-2,
1790866616	20612	r8-K2off-2,
1790866617	20613	r8-K2off-2,
1790866618	20623	r8-K2off-2,
1790866619	20613	r8-K2off-2,
1790866620	20615	r8-K2off-2,
1790866621	20606	r8-K2off-2,
1790866622	20615	r8-K2off-2,
1790866623	20623	r8-K2off-2,
1790866624	20620	r8-K2off-2,
1790866625	20615	r8-K2off-2,
1790866626	20616	r8-K2off-2,
1790866627	20610	r8-K2off-2,
1790866628	20623	r8-K2off-2,
1790866629	20633	r8-K2off-2,
1790866630	20628	r8-K2off-2,
1790866631	20637	r8-K2off-2,
1790866632	20639	r8-K2off-2,
1790866633	20647	r8-K2off-2,
1790866634	20636	r8-K2off-2,
1790866635	20644	r8-K2off-2,
1790866636	20636	r8-K2off-2,
1790866637	20641	r8-K2off-2,
1790866638	20638	r8-K2off-2,
1790866639	20625	r8-K2off-2,
1790866640	20636	r8-K2off-2,
1790866641	20630	r8-K2off-2,
1790866642	20635	r8-K2off-2,
1790866643	20640	r8-K2off-2,
1790866644	20636	r8-K2off-2,
1790866645	20638	r8-K2off-2,
1790866646	20633	r8-K2off-2,
1790866647	20627	r8-K2off-2,
1790866648	20620	r8-K2off-2,
1790866650	20627	r8-K2off-2,
1790866651	20622	r8-K2off-2,
1790866652	20621	r8-K2off-2,
1790866653	20623	r8-K2off-2,
1790866654	20623	r8-K2off-2,
1790866655	20621	r8-K2off-2,
1790866656	20618	r8-K2off-2,
1790866657	20616	r8-K2off-2,
1790866658	20612	r8-K2off-2,
1790866659	20610	r8-K2off-2,
1790866660	20609	r8-K2off-2,
1790866661	20611	r8-K2off-2,
1790866662	20618	r8-K2off-2,
1790866663	20624	r8-K2off-2,
1790866664	20618	r8-K2off-2,
1790866665	20625	r8-K2off-2,
1790866666	20630	r8-K2off-2,
1790866667	20622	r8-K2off-2,
1790866668	20618	r8-K2off-2,
1790866669	20614	r8-K2off-2,
1790866670	20623	r8-K2off-2,
1790866671	20619	r8-K2off-2,
1790866672	20626	r8-K2off-2,
1790866673	20633	r8-K2off-2,
1790866674	20634	r8-K2off-2,
1790866675	20629	r8-K2off-2,
1790866676	20630	r8-K2off-2,
1790866677	20626	r8-K2off-2,
1790866678	20620	r8-K2off-2,
1790866679	20627	r8-K2off-2,
1790866680	20623	r8-K2off-2,
1790866681	20620	r8-K2off-2,
1790866682	20615	r8-K2off-2,
1790866683	20609	r8-K2off-2,
1790866684	20604	r8-K2off-2,
1790866685	20619	r8-K2off-2,
1790866686	20618	r8-K2off-2,
1790866687	20612	r8-K2off-2,
1790866689	20612	r8-K2off-2,
1790866690	20610	r8-K2off-2,
1790866691	20604	r8-K2off-2,
1790866692	20599	r8-K2off-2,
1790866693	20599	r8-K2off-2,
1790866694	20597	r8-K2off-2,
1790866695	20592	r8-K2off-2,
1790866696	20598	r8-K2off-2,
1790866697	20603	r8-K2off-2,
1790866698	20595	r8-K2off-2,
1790866699	20594	r8-K2off-2,
1790866700	20591	r8-K2off-2,
1790866701	20578	r8-K2off-2,
1790866702	20586	r8-K2off-2,
1790866703	20581	r8-K2off-2,
1790866704	20542	r8-K2off-2,
1790866705	20497	r8-K2off-2,
1790866706	20503	r8-K2off-2,
1790866707	20507	r8-K2off-2,
1790866708	20501	r8-K2off-2,
1790866709	20509	r8-K2off-2,
1790866710	20508	r8-K2off-2,
1790866711	20463	r8-K2off-2,
1790866712	20468	r8-K2off-2,
1790866713	20470	r8-K2off-2,
1790866714	20384	r8-K2off-2,
1790866715	20396	r8-K2off-2,
1790866716	20397	r8-K2off-2,
1790866717	20396	r8-K2off-2,
1790866718	20400	r8-K2off-2,
1790866719	20601	r8-K2off-2,
1790866720	20601	r8-K2off-2,
1790866721	20595	r8-K2off-2,
1790866722	20595	r8-K2off-2,
1790866723	20595	r8-K2off-2,
1790866724	20591	r8-K2off-2,
1790866725	20583	r8-K2off-2,
1790866726	20556	r8-K2off-2,
1790866727	20487	r8-K2off-2,
1790866729	20470	r8-K2off-2,
1790866730	20539	r8-K2off-2,
1790866731	20499	r8-K2off-2,
1790866732	20473	r8-K2off-2,
1790866733	20455	r8-K2off-2,
1790866734	20448	r8-K2off-2,
1790866735	20465	r8-K2off-2,
1790866736	20485	r8-K2off-2,
1790866737	20500	r8-K2off-2,
1790866738	20514	r8-K2off-2,
1790866739	20514	r8-K2off-2,
1790866740	20526	r8-K2off-2,
1790866741	20513	r8-K2off-2,
1790866742	20515	r8-K2off-2,
1790866743	20515	r8-K2off-2,
1790866744	20518	r8-K2off-2,
1790866745	20506	r8-K2off-2,
1790866746	20506	r8-K2off-2,
1790866747	20497	r8-K2off-2,
1790866748	20504	r8-K2off-2,
1790866749	20507	r8-K2off-2,
1790866750	20492	r8-K2off-2,
1790866751	20495	r8-K2off-2,
1790866752	20492	r8-K2off-2,
1790866753	20500	r8-K2off-2,
1790866754	20505	r8-K2off-2,
1790866755	20513	r8-K2off-2,
1790866756	20523	r8-K2off-2,
1790866757	20522	r8-K2off-2,
1790866758	20526	r8-K2off-2,
1790866759	20499	r8-K2off-2,
1790866760	20493	r8-K2off-2,
1790866761	20480	r8-K2off-2,
1790866762	20464	r8-K2off-2,
1790866763	20476	r8-K2off-2,
1790866764	20474	r8-K2off-2,
1790866765	20487	r8-K2off-2,
1790866766	20475	r8-K2off-2,
1790866767	20498	r8-K2off-2,
1790866768	20525	r8-K2off-2,
1790866770	20509	r8-K2off-2,
1790866771	20509	r8-K2off-2,
1790866772	20490	r8-K2off-2,
1790866773	20490	r8-K2off-2,
1790866774	20492	r8-K2off-2,
1790866775	20490	r8-K2off-2,
1790866776	20491	r8-K2off-2,
1790866777	20490	r8-K2off-2,
1790866778	20484	r8-K2off-2,
1790866779	20470	r8-K2off-2,
1790866780	20479	r8-K2off-2,
1790866781	20471	r8-K2off-2,
1790866782	20485	r8-K2off-2,
1790866783	20494	r8-K2off-2,
1790866784	20429	r8-K2off-2,
1790866785	20428	r8-K2off-2,
1790866786	20447	r8-K2off-2,
1790866787	20455	r8-K2off-2,
1790866788	20468	r8-K2off-2,
1790866789	20474	r8-K2off-2,
1790866790	20491	r8-K2off-2,
1790866791	20510	r8-K2off-2,
1790866792	20512	r8-K2off-2,
1790866793	20528	r8-K2off-2,
1790866794	20535	r8-K2off-2,
1790866795	20540	r8-K2off-2,
1790866796	20539	r8-K2off-2,
1790866797	20537	r8-K2off-2,
1790866798	20552	r8-K2off-2,
1790866799	20565	r8-K2off-2,
1790866800	20560	r8-K2off-2,
1790866801	20567	r8-K2off-2,
1790866802	20574	r8-K2off-2,
1790866803	20580	r8-K2off-2,
1790866804	20583	r8-K2off-2,
1790866805	20577	r8-K2off-2,
1790866806	20585	r8-K2off-2,
1790866807	20590	r8-K2off-2,
1790866808	20602	r8-K2off-2,
1790866810	20596	r8-K2off-2,
1790866811	20588	r8-K2off-2,
1790866812	20589	r8-K2off-2,
1790866813	20593	r8-K2off-2,
1790866814	20586	r8-K2off-2,
1790866815	20586	r8-K2off-2,
1790866816	20588	r8-K2off-2,
1790866817	20595	r8-K2off-2,
1790866818	20611	r8-K2off-2,
1790866819	20619	r8-K2off-2,
1790866820	20622	r8-K2off-2,
1790866821	20612	r8-K2off-2,
1790866822	20605	r8-K2off-2,
1790866823	20612	r8-K2off-2,
1790866824	20610	r8-K2off-2,
1790866825	20619	r8-K2off-2,
1790866826	20613	r8-K2off-2,
1790866827	20614	r8-K2off-2,
1790866828	20615	r8-K2off-2,
1790866829	20617	r8-K2off-2,
1790866830	20616	r8-K2off-2,
1790866831	20626	r8-K2off-2,
1790866832	20620	r8-K2off-2,
1790866833	20609	r8-K2off-2,
1790866834	20603	r8-K2off-2,
1790866835	20590	r8-K2off-2,
1790866836	20594	r8-K2off-2,
1790866837	20586	r8-K2off-2,
1790866838	20597	r8-K2off-2,
1790866839	20611	r8-K2off-2,
1790866840	20611	r8-K2off-2,
1790866841	20617	r8-K2off-2,
1790866842	20621	r8-K2off-2,
1790866843	20616	r8-K2off-2,
1790866844	20618	r8-K2off-2,
1790866845	20611	r8-K2off-2,
1790866846	20604	r8-K2off-2,
1790866847	20600	r8-K2off-2,
1790866848	20607	r8-K2off-2,
1790866850	20615	r8-K2off-2,
1790866851	20602	r8-K2off-2,
1790866852	20611	r8-K2off-2,
1790866853	20620	r8-K2off-2,
1790866854	20607	r8-K2off-2,
1790866855	20615	r8-K2off-2,
1790866856	20609	r8-K2off-2,
1790866857	20609	r8-K2off-2,
1790866858	20623	r8-K2off-2,
1790866859	20608	r8-K2off-2,
1790866860	20604	r8-K2off-2,
1790866861	20605	r8-K2off-2,
1790866862	20613	r8-K2off-2,
1790866863	20621	r8-K2off-2,
1790866864	20627	r8-K2off-2,
1790866865	20625	r8-K2off-2,
1790866866	20628	r8-K2off-2,
1790866867	20622	r8-K2off-2,
1790866868	20620	r8-K2off-2,
1790866869	20612	r8-K2off-2,
1790866870	20609	r8-K2off-2,
1790866871	20602	r8-K2off-2,
1790866872	20598	r8-K2off-2,
1790866873	20606	r8-K2off-2,
1790866874	20614	r8-K2off-2,
1790866875	20624	r8-K2off-2,
1790866876	20617	r8-K2off-2,
1790866877	20618	r8-K2off-2,
1790866878	20622	r8-K2off-2,
1790866879	20622	r8-K2off-2,
1790866880	20622	r8-K2off-2,
1790866881	20629	r8-K2off-2,
1790866882	20627	r8-K2off-2,
1790866883	20641	r8-K2off-2,
1790866884	20635	r8-K2off-2,
1790866885	20623	r8-K2off-2,
1790866886	20623	r8-K2off-2,
1790866887	20622	r8-K2off-2,
1790866888	20622	r8-K2off-2,
1790866889	20617	r8-K2off-2,
1790866890	20621	r8-K2off-2,
1790866892	20616	r8-K2off-2,
1790866893	20623	r8-K2off-2,
1790866894	20628	r8-K2off-2,
1790866895	20623	r8-K2off-2,
1790866896	20613	r8-K2off-2,
1790866897	20609	r8-K2off-2,
1790866898	20610	r8-K2off-2,
1790866899	20596	r8-K2off-2,
1790866900	20600	r8-K2off-2,
1790866901	20599	r8-K2off-2,
1790866902	20595	r8-K2off-2,
1790866903	20585	r8-K2off-2,
1790866904	20579	r8-K2off-2,
1790866905	20588	r8-K2off-2,
1790866906	20583	r8-K2off-2,
1790866907	20591	r8-K2off-2,
1790866908	20599	r8-K2off-2,
1790866909	20605	r8-K2off-2,
1790866910	20599	r8-K2off-2,
1790866911	20603	r8-K2off-2,
1790866912	20595	r8-K2off-2,
1790866913	20589	r8-K2off-2,
1790866914	20585	r8-K2off-2,
1790866915	20578	r8-K2off-2,
1790866916	20587	r8-K2off-2,
1790866917	20583	r8-K2off-2,
1790866918	20584	r8-K2off-2,
1790866919	20592	r8-K2off-2,
1790866920	20586	r8-K2off-2,
1790866921	20592	r8-K2off-2,
1790866922	20590	r8-K2off-2,
1790866923	20599	r8-K2off-2,
1790866924	20611	r8-K2off-2,
1790866925	20604	r8-K2off-2,
1790866926	20605	r8-K2off-2,
1790866927	20594	r8-K2off-2,
1790866928	20584	r8-K2off-2,
1790866929	20591	r8-K2off-2,
1790866930	20598	r8-K2off-2,
1790866932	20594	r8-K2off-2,
1790866933	20589	r8-K2off-2,
1790866934	20584	r8-K2off-2,
1790866935	20588	r8-K2off-2,
1790866936	20580	r8-K2off-2,
1790866937	20581	r8-K2off-2,
1790866938	20498	r8-K2off-2,
1790866939	20507	r8-K2off-2,
1790866940	20511	r8-K2off-2,
1790866941	20515	r8-K2off-2,
1790866942	20515	r8-K2off-2,
1790866943	20431	r8-K2off-2,
1790866944	20401	r8-K2off-2,
1790866945	20363	r8-K2off-2,
1790866946	20356	r8-K2off-2,
1790866947	20329	r8-K2off-2,
1790866948	20331	r8-K2off-2,
1790866949	20337	r8-K2off-2,
1790866950	20306	r8-K2off-2,
1790866951	20292	r8-K2off-2,
1790866952	20276	r8-K2off-2,
1790866953	20213	r8-K2off-2,
1790866954	20124	r8-K2off-2,
1790866955	20686	r8-K2off-2,
1790866956	20686	r8-K2off-2,
1790866957	20681	r8-K2off-2,
1790866958	20663	r8-K2off-2,
1790866959	20657	r8-K2off-2,
1790866960	20650	r8-K2off-2,
1790866961	20647	r8-K2off-2,
1790866962	20653	r8-K2off-2,
1790866963	20656	r8-K2off-2,
1790866964	20665	r8-K2off-2,
1790866965	20655	r8-K2off-2,
1790866966	20645	r8-K2off-2,
1790866967	20649	r8-K2off-2,
1790866968	20644	r8-K2off-2,
1790866969	20640	r8-K2off-2,
1790866971	20640	r8-K2off-2,
1790866972	20634	r8-K2off-2,
1790866973	20635	r8-K2off-2,
1790866974	20630	r8-K2off-2,
1790866975	20632	r8-K2off-2,
1790866976	20633	r8-K2off-2,
1790866977	20641	r8-K2off-2,
1790866978	20638	r8-K2off-2,
1790866979	20646	r8-K2off-2,
1790866980	20639	r8-K2off-2,
1790866981	20636	r8-K2off-2,
1790866982	20629	r8-K2off-2,
1790866983	20622	r8-K2off-2,
1790866984	20629	r8-K2off-2,
1790866985	20629	r8-K2off-2,
1790866986	20633	r8-K2off-2,
1790866987	20633	r8-K2off-2,
1790866988	20631	r8-K2off-2,
1790866989	20627	r8-K2off-2,
1790866990	20628	r8-K2off-2,
1790866991	20630	r8-K2off-2,
1790866992	20621	r8-K2off-2,
1790866993	20622	r8-K2off-2,
1790866994	20626	r8-K2off-2,
1790866995	20632	r8-K2off-2,
1790866996	20624	r8-K2off-2,
1790866997	20632	r8-K2off-2,
1790866998	20626	r8-K2off-2,
1790866999	20610	r8-K2off-2,
1790867000	20619	r8-K2off-2,
1790867001	20617	r8-K2off-2,
1790867002	20619	r8-K2off-2,
1790867003	20615	r8-K2off-2,
1790867004	20609	r8-K2off-2,
1790867005	20609	r8-K2off-2,
1790867006	20618	r8-K2off-2,
1790867007	20615	r8-K2off-2,
1790867008	20611	r8-K2off-2,
1790867009	20609	r8-K2off-2,
1790867010	20605	r8-K2off-2,
1790867012	20603	r8-K2off-2,
1790867013	20610	r8-K2off-2,
1790867014	20613	r8-K2off-2,
1790867015	20606	r8-K2off-2,
1790867016	20611	r8-K2off-2,
1790867017	20603	r8-K2off-2,
1790867018	20607	r8-K2off-2,
1790867019	20614	r8-K2off-2,
1790867020	20609	r8-K2off-2,
1790867021	20619	r8-K2off-2,
1790867022	20612	r8-K2off-2,
1790867023	20611	r8-K2off-2,
1790867024	20615	r8-K2off-2,
1790867025	20623	r8-K2off-2,
1790867026	20612	r8-K2off-2,
1790867027	20620	r8-K2off-2,
1790867028	20615	r8-K2off-2,
1790867029	20624	r8-K2off-2,
1790867030	20611	r8-K2off-2,
1790867031	20613	r8-K2off-2,
1790867032	20625	r8-K2off-2,
1790867033	20623	r8-K2off-2,
1790867034	20611	r8-K2off-2,
1790867035	20609	r8-K2off-2,
1790867036	20615	r8-K2off-2,
1790867037	20630	r8-K2off-2,
1790867038	20625	r8-K2off-2,
1790867039	20630	r8-K2off-2,
1790867040	20623	r8-K2off-2,
1790867041	20609	r8-K2off-2,
1790867042	20608	r8-K2off-2,
1790867043	20618	r8-K2off-2,
1790867044	20611	r8-K2off-2,
1790867045	20604	r8-K2off-2,
1790867046	20597	r8-K2off-2,
1790867047	20607	r8-K2off-2,
1790867048	20602	r8-K2off-2,
1790867049	20609	r8-K2off-2,
1790867050	20613	r8-K2off-2,
1790867052	20617	r8-K2off-2,
1790867053	20622	r8-K2off-2,
1790867054	20614	r8-K2off-2,
1790867055	20608	r8-K2off-2,
1790867056	20604	r8-K2off-2,
1790867057	20603	r8-K2off-2,
1790867058	20604	r8-K2off-2,
1790867059	20600	r8-K2off-2,
1790867060	20612	r8-K2off-2,
1790867061	20609	r8-K2off-2,
1790867062	20614	r8-K2off-2,
1790867063	20610	r8-K2off-2,
1790867064	20609	r8-K2off-2,
1790867065	20616	r8-K2off-2,
1790867066	20620	r8-K2off-2,
1790867067	20621	r8-K2off-2,
1790867068	20622	r8-K2off-2,
1790867069	20628	r8-K2off-2,
1790867070	20623	r8-K2off-2,
1790867071	20623	r8-K2off-2,
1790867072	20627	r8-K2off-2,
1790867073	20620	r8-K2off-2,
1790867074	20614	r8-K2off-2,
1790867075	20612	r8-K2off-2,
1790867076	20616	r8-K2off-2,
1790867077	20609	r8-K2off-2,
1790867078	20600	r8-K2off-2,
1790867079	20601	r8-K2off-2,
1790867080	20600	r8-K2off-2,
1790867081	20609	r8-K2off-2,
1790867082	20618	r8-K2off-2,
1790867083	20616	r8-K2off-2,
1790867084	20630	r8-K2off-2,
1790867085	20634	r8-K2off-2,
1790867086	20629	r8-K2off-2,
1790867087	20622	r8-K2off-2,
1790867088	20618	r8-K2off-2,
1790867089	20623	r8-K2off-2,
1790867090	20616	r8-K2off-2,
1790867091	20624	r8-K2off-2,
1790867092	20619	r8-K2off-2,
1790867094	20616	r8-K2off-2,
1790867095	20617	r8-K2off-2,
1790867096	20613	r8-K2off-2,
1790867097	20620	r8-K2off-2,
1790867098	20625	r8-K2off-2,
1790867099	20619	r8-K2off-2,
1790867100	20608	r8-K2off-2,
1790867101	20617	r8-K2off-2,
1790867102	20627	r8-K2off-2,
1790867103	20624	r8-K2off-2,
1790867104	20631	r8-K2off-2,
1790867105	20629	r8-K2off-2,
1790867106	20622	r8-K2off-2,
1790867107	20622	r8-K2off-2,
1790867108	20627	r8-K2off-2,
1790867109	20621	r8-K2off-2,
1790867110	20628	r8-K2off-2,
1790867111	20631	r8-K2off-2,
1790867112	20634	r8-K2off-2,
1790867113	20640	r8-K2off-2,
1790867114	20644	r8-K2off-2,
1790867115	20641	r8-K2off-2,
1790867116	20645	r8-K2off-2,
1790867117	20639	r8-K2off-2,
1790867118	20634	r8-K2off-2,
1790867119	20631	r8-K2off-2,
1790867120	20635	r8-K2off-2,
1790867121	20644	r8-K2off-2,
1790867122	20642	r8-K2off-2,
1790867123	20635	r8-K2off-2,
1790867124	20631	r8-K2off-2,
1790867125	20625	r8-K2off-2,
1790867126	20630	r8-K2off-2,
1790867127	20622	r8-K2off-2,
1790867128	20633	r8-K2off-2,
1790867129	20623	r8-K2off-2,
1790867130	20631	r8-K2off-2,
1790867132	20634	r8-K2off-2,
1790867133	20629	r8-K2off-2,
1790867134	20615	r8-K2off-2,
1790867135	20610	r8-K2off-2,
1790867136	20605	r8-K2off-2,
1790867137	20606	r8-K2off-2,
1790867138	20619	r8-K2off-2,
1790867139	20614	r8-K2off-2,
1790867140	20612	r8-K2off-2,
1790867141	20616	r8-K2off-2,
1790867142	20609	r8-K2off-2,
1790867143	20610	r8-K2off-2,
1790867144	20613	r8-K2off-2,
1790867145	20611	r8-K2off-2,
1790867146	20616	r8-K2off-2,
1790867147	20625	r8-K2off-2,
1790867148	20623	r8-K2off-2,
1790867149	20628	r8-K2off-2,
1790867150	20620	r8-K2off-2,
1790867151	20622	r8-K2off-2,
1790867152	20616	r8-K2off-2,
1790867153	20611	r8-K2off-2,
1790867154	20677	r8-K2off-2,
1790867155	20662	r8-K2off-2,
1790867156	20651	r8-K2off-2,
1790867157	20642	r8-K2off-2,
1790867158	20634	r8-K2off-2,
1790867159	20637	r8-K2off-2,
1790867160	20633	r8-K2off-2,
1790867161	20597	r8-K2off-2,
1790867162	20548	r8-K2off-2,
1790867163	20460	r8-K2off-2,
1790867164	20398	r8-K2off-2,
1790867165	20295	r8-K2off-2,
1790867166	20295	r8-K2off-2,
1790867167	20296	r8-K2off-2,
1790867168	20272	r8-K2off-2,
1790867169	20247	r8-K2off-2,
1790867171	20231	r8-K2off-2,
1790867172	20181	r8-K2off-2,
1790867173	20186	r8-K2off-2,
1790867174	20137	r8-K2off-2,
1790867175	20692	r8-K2off-2,
1790867176	20678	r8-K2off-2,
1790867177	20684	r8-K2off-2,
1790867178	20675	r8-K2off-2,
1790867179	20669	r8-K2off-2,
1790867180	20653	r8-K2off-2,
1790867181	20644	r8-K2off-2,
1790867182	20646	r8-K2off-2,
1790867183	20643	r8-K2off-2,
1790867184	20639	r8-K2off-2,
1790867185	20640	r8-K2off-2,
1790867186	20647	r8-K2off-2,
1790867187	20643	r8-K2off-2,
1790867188	20634	r8-K2off-2,
1790867189	20624	r8-K2off-2,
1790867190	20617	r8-K2off-2,
1790867191	20628	r8-K2off-2,
1790867192	20618	r8-K2off-2,
1790867193	20619	r8-K2off-2,
1790867194	20614	r8-K2off-2,
1790867195	20538	r8-K2off-2,
1790867196	20530	r8-K2off-2,
1790867197	20527	r8-K2off-2,
1790867198	20534	r8-K2off-2,
1790867199	20526	r8-K2off-2,
1790867200	20533	r8-K2off-2,
1790867201	20527	r8-K2off-2,
1790867202	19798	r8-K2off-2,
1790867203	19774	r8-K2off-2,
1790867204	19759	r8-K2off-2,
1790867205	19756	r8-K2off-2,
1790867206	19746	r8-K2off-2,
1790867207	19742	r8-K2off-2,
1790867208	19735	r8-K2off-2,
1790867209	19744	r8-K2off-2,
1790867211	19754	r8-K2off-2,
1790867212	19756	r8-K2off-2,
1790867213	19751	r8-K2off-2,
1790867214	19748	r8-K2off-2,
1790867215	19740	r8-K2off-2,
1790867216	19737	r8-K2off-2,
1790867217	19727	r8-K2off-2,
1790867218	19722	r8-K2off-2,
1790867219	19729	r8-K2off-2,
1790867220	19729	r8-K2off-2,
1790867221	19738	r8-K2off-2,
1790867222	19737	r8-K2off-2,
1790867223	19735	r8-K2off-2,
1790867224	19742	r8-K2off-2,
1790867225	19735	r8-K2off-2,
1790867226	19733	r8-K2off-2,
1790867227	19737	r8-K2off-2,
1790867228	19733	r8-K2off-2,
1790867229	19726	r8-K2off-2,
1790867230	19719	r8-K2off-2,
1790867231	19715	r8-K2off-2,
1790867232	19723	r8-K2off-2,
1790867233	19715	r8-K2off-2,
1790867234	19722	r8-K2off-2,
1790867235	19722	r8-K2off-2,
1790867236	19729	r8-K2off-2,
1790867237	19735	r8-K2off-2,
1790867238	19743	r8-K2off-2,
1790867239	19735	r8-K2off-2,
1790867240	19729	r8-K2off-2,
1790867241	19722	r8-K2off-2,
1790867242	19717	r8-K2off-2,
1790867243	19713	r8-K2off-2,
1790867244	19707	r8-K2off-2,
1790867245	19710	r8-K2off-2,
1790867246	19718	r8-K2off-2,
1790867247	19727	r8-K2off-2,
1790867248	19731	r8-K2off-2,
1790867250	19730	r8-K2off-2,
1790867251	19723	r8-K2off-2,
1790867252	19730	r8-K2off-2,
1790867253	19723	r8-K2off-2,
1790867254	19717	r8-K2off-2,
1790867255	19713	r8-K2off-2,
1790867256	19719	r8-K2off-2,
1790867257	19715	r8-K2off-2,
1790867258	19720	r8-K2off-2,
1790867259	19728	r8-K2off-2,
1790867260	19734	r8-K2off-2,
1790867261	19731	r8-K2off-2,
1790867262	19724	r8-K2off-2,
1790867263	19731	r8-K2off-2,
1790867264	19725	r8-K2off-2,
1790867265	19718	r8-K2off-2,
1790867266	19717	r8-K2off-2,
1790867267	19720	r8-K2off-2,
1790867268	19718	r8-K2off-2,
1790867269	19712	r8-K2off-2,
1790867270	19720	r8-K2off-2,
1790867271	19726	r8-K2off-2,
1790867272	19730	r8-K2off-2,
1790867273	19722	r8-K2off-2,
1790867274	19718	r8-K2off-2,
1790867275	19724	r8-K2off-2,
1790867276	19730	r8-K2off-2,
1790867277	19724	r8-K2off-2,
1790867278	19717	r8-K2off-2,
1790867279	19710	r8-K2off-2,
1790867280	19716	r8-K2off-2,
1790867281	19716	r8-K2off-2,
1790867282	19719	r8-K2off-2,
1790867283	19713	r8-K2off-2,
1790867284	19719	r8-K2off-2,
1790867285	19725	r8-K2off-2,
1790867286	19731	r8-K2off-2,
1790867288	19722	r8-K2off-2,
1790867289	19728	r8-K2off-2,
1790867290	19720	r8-K2off-2,
1790867291	19715	r8-K2off-2,
1790867292	19714	r8-K2off-2,
1790867293	19720	r8-K2off-2,
1790867294	19716	r8-K2off-2,
1790867295	19719	r8-K2off-2,
1790867296	19718	r8-K2off-2,
1790867297	19723	r8-K2off-2,
1790867298	19729	r8-K2off-2,
1790867299	19734	r8-K2off-2,
1790867300	19732	r8-K2off-2,
1790867301	19738	r8-K2off-2,
1790867302	19733	r8-K2off-2,
1790867303	19735	r8-K2off-2,
1790867304	19730	r8-K2off-2,
1790867305	19731	r8-K2off-2,
1790867306	19722	r8-K2off-2,
1790867307	19730	r8-K2off-2,
1790867308	19727	r8-K2off-2,
1790867309	19719	r8-K2off-2,
1790867310	19715	r8-K2off-2,
1790867311	19711	r8-K2off-2,
1790867312	19716	r8-K2off-2,
1790867313	19724	r8-K2off-2,
1790867314	19716	r8-K2off-2,
1790867315	19716	r8-K2off-2,
1790867316	19710	r8-K2off-2,
1790867317	19721	r8-K2off-2,
1790867318	19726	r8-K2off-2,
1790867319	19723	r8-K2off-2,
1790867320	19716	r8-K2off-2,
1790867321	19716	r8-K2off-2,
1790867322	19714	r8-K2off-2,
1790867323	19713	r8-K2off-2,
1790867324	19720	r8-K2off-2,
1790867326	19725	r8-K2off-2,
1790867327	19730	r8-K2off-2,
1790867328	19728	r8-K2off-2,
1790867329	19733	r8-K2off-2,
1790867330	19730	r8-K2off-2,
1790867331	19735	r8-K2off-2,
1790867332	19695	r8-K2off-2,
1790867333	19703	r8-K2off-2,
1790867334	19700	r8-K2off-2,
1790867335	19707	r8-K2off-2,
1790867336	19701	r8-K2off-2,
1790867337	19703	r8-K2off-2,
1790867338	19698	r8-K2off-2,
1790867339	19708	r8-K2off-2,
1790867340	19704	r8-K2off-2,
1790867341	19700	r8-K2off-2,
1790867342	19700	r8-K2off-2,
1790867343	19707	r8-K2off-2,
1790867344	19717	r8-K2off-2,
1790867345	19725	r8-K2off-2,
1790867346	19723	r8-K2off-2,
1790867347	19715	r8-K2off-2,
1790867348	19710	r8-K2off-2,
1790867349	19707	r8-K2off-2,
1790867350	19698	r8-K2off-2,
1790867351	19694	r8-K2off-2,
1790867352	19704	r8-K2off-2,
1790867353	19711	r8-K2off-2,
1790867354	19721	r8-K2off-2,
1790867355	19715	r8-K2off-2,
1790867356	19724	r8-K2off-2,
1790867357	19729	r8-K2off-2,
1790867358	19730	r8-K2off-2,
1790867359	19737	r8-K2off-2,
1790867360	19736	r8-K2off-2,
1790867361	19733	r8-K2off-2,
1790867362	19731	r8-K2off-2,
1790867364	19724	r8-K2off-2,
1790867365	19727	r8-K2off-2,
1790867366	19719	r8-K2off-2,
1790867367	19707	r8-K2off-2,
1790867368	19718	r8-K2off-2,
1790867369	19710	r8-K2off-2,
1790867370	19703	r8-K2off-2,
1790867371	19699	r8-K2off-2,
1790867372	19715	r8-K2off-2,
1790867373	19720	r8-K2off-2,
1790867374	19711	r8-K2off-2,
1790867375	19705	r8-K2off-2,
1790867376	19706	r8-K2off-2,
1790867377	19715	r8-K2off-2,
1790867378	19719	r8-K2off-2,
1790867379	19711	r8-K2off-2,
1790867380	19713	r8-K2off-2,
1790867381	19718	r8-K2off-2,
1790867382	19715	r8-K2off-2,
1790867383	19724	r8-K2off-2,
1790867384	19718	r8-K2off-2,
1790867385	19715	r8-K2off-2,
1790867386	19724	r8-K2off-2,
1790867387	19720	r8-K2off-2,
1790867388	19721	r8-K2off-2,
1790867389	19716	r8-K2off-2,
1790867390	19721	r8-K2off-2,
1790867391	19716	r8-K2off-2,
1790867392	19732	r8-K2off-2,
1790867393	19736	r8-K2off-2,
1790867394	19729	r8-K2off-2,
1790867395	19736	r8-K2off-2,
1790867396	19726	r8-K2off-2,
1790867397	19717	r8-K2off-2,
1790867398	19712	r8-K2off-2,
1790867399	19721	r8-K2off-2,
1790867400	19704	r8-K2off-2,
1790867402	19701	r8-K2off-2,
1790867403	19704	r8-K2off-2,
1790867404	19710	r8-K2off-2,
1790867405	19724	r8-K2off-2,
1790867406	19732	r8-K2off-2,
1790867407	19728	r8-K2off-2,
1790867408	19734	r8-K2off-2,
1790867409	19729	r8-K2off-2,
1790867410	19720	r8-K2off-2,
1790867411	19715	r8-K2off-2,
1790867412	19709	r8-K2off-2,
1790867413	19716	r8-K2off-2,
1790867414	19722	r8-K2off-2,
1790867415	19720	r8-K2off-2,
1790867416	19710	r8-K2off-2,
1790867417	19717	r8-K2off-2,
1790867418	19712	r8-K2off-2,
1790867419	19717	r8-K2off-2,
1790867420	19723	r8-K2off-2,
1790867421	19717	r8-K2off-2,
1790867422	19710	r8-K2off-2,
1790867423	19707	r8-K2off-2,
1790867424	19715	r8-K2off-2,
1790867425	19719	r8-K2off-2,
1790867426	19715	r8-K2off-2,
1790867427	19720	r8-K2off-2,
1790867428	19721	r8-K2off-2,
1790867429	19730	r8-K2off-2,
1790867430	19724	r8-K2off-2,
1790867431	19727	r8-K2off-2,
1790867432	19731	r8-K2off-2,
1790867433	19727	r8-K2off-2,
1790867434	19735	r8-K2off-2,
1790867435	19727	r8-K2off-2,
1790867436	19723	r8-K2off-2,
1790867437	19717	r8-K2off-2,
1790867438	19718	r8-K2off-2,
1790867439	19724	r8-K2off-2,
1790867440	19718	r8-K2off-2,
1790867441	19713	r8-K2off-2,
1790867443	19709	r8-K2off-2,
1790867444	19698	r8-K2off-2,
1790867445	19695	r8-K2off-2,
1790867446	19703	r8-K2off-2,
1790867447	19700	r8-K2off-2,
1790867448	19697	r8-K2off-2,
1790867449	19704	r8-K2off-2,
1790867450	19697	r8-K2off-2,
1790867451	19694	r8-K2off-2,
1790867452	19698	r8-K2off-2,
1790867453	19705	r8-K2off-2,
1790867454	19702	r8-K2off-2,
1790867455	19697	r8-K2off-2,
1790867456	19690	r8-K2off-2,
1790867457	19684	r8-K2off-2,
1790867458	19688	r8-K2off-2,
1790867459	19688	r8-K2off-2,
1790867460	19696	r8-K2off-2,
1790867461	19691	r8-K2off-2,
1790867462	19697	r8-K2off-2,
1790867463	19695	r8-K2off-2,
1790867464	19694	r8-K2off-2,
1790867465	19688	r8-K2off-2,
1790867466	19680	r8-K2off-2,
1790867467	19681	r8-K2off-2,
1790867468	19675	r8-K2off-2,
1790867469	19672	r8-K2off-2,
1790867470	19681	r8-K2off-2,
1790867471	19693	r8-K2off-2,
1790867472	19701	r8-K2off-2,
1790867473	19708	r8-K2off-2,
1790867474	19716	r8-K2off-2,
1790867475	19710	r8-K2off-2,
1790867476	19705	r8-K2off-2,
1790867477	19701	r8-K2off-2,
1790867478	19697	r8-K2off-2,
1790867479	19703	r8-K2off-2,
1790867481	19700	r8-K2off-2,
1790867482	19706	r8-K2off-2,
1790867483	19712	r8-K2off-2,
1790867484	19718	r8-K2off-2,
1790867485	19713	r8-K2off-2,
1790867486	19707	r8-K2off-2,
1790867487	19713	r8-K2off-2,
1790867488	19714	r8-K2off-2,
1790867489	19717	r8-K2off-2,
1790867490	19716	r8-K2off-2,
1790867491	19708	r8-K2off-2,
1790867492	19713	r8-K2off-2,
1790867493	19709	r8-K2off-2,
1790867494	19716	r8-K2off-2,
1790867495	19711	r8-K2off-2,
1790867496	19721	r8-K2off-2,
1790867497	19717	r8-K2off-2,
1790867498	19723	r8-K2off-2,
1790867499	19728	r8-K2off-2,
1790867500	19729	r8-K2off-2,
1790867501	19723	r8-K2off-2,
1790867502	19711	r8-K2off-2,
1790867503	19704	r8-K2off-2,
1790867504	19702	r8-K2off-2,
1790867505	19702	r8-K2off-2,
1790867506	19710	r8-K2off-2,
1790867507	19704	r8-K2off-2,
1790867508	19714	r8-K2off-2,
1790867509	19721	r8-K2off-2,
1790867510	19718	r8-K2off-2,
1790867511	19712	r8-K2off-2,
1790867512	19704	r8-K2off-2,
1790867513	19707	r8-K2off-2,
1790867514	19708	r8-K2off-2,
1790867515	19706	r8-K2off-2,
1790867516	19702	r8-K2off-2,
1790867517	19711	r8-K2off-2,
1790867519	19720	r8-K2off-2,
1790867520	19718	r8-K2off-2,
1790867521	19713	r8-K2off-2,
1790867522	19719	r8-K2off-2,
1790867523	19710	r8-K2off-2,
1790867524	19717	r8-K2off-2,
1790867525	19718	r8-K2off-2,
1790867526	19709	r8-K2off-2,
1790867527	19701	r8-K2off-2,
1790867528	19708	r8-K2off-2,
1790867529	19709	r8-K2off-2,
1790867530	19705	r8-K2off-2,
1790867531	19712	r8-K2off-2,
1790867532	19710	r8-K2off-2,
1790867533	19715	r8-K2off-2,
1790867534	19708	r8-K2off-2,
1790867535	19700	r8-K2off-2,
1790867536	19703	r8-K2off-2,
1790867537	19700	r8-K2off-2,
1790867538	19705	r8-K2off-2,
1790867539	19699	r8-K2off-2,
1790867540	19705	r8-K2off-2,
1790867541	19697	r8-K2off-2,
1790867542	19703	r8-K2off-2,
1790867543	19710	r8-K2off-2,
1790867544	19706	r8-K2off-2,
1790867545	19712	r8-K2off-2,
1790867546	19717	r8-K2off-2,
1790867547	19709	r8-K2off-2,
1790867548	19706	r8-K2off-2,
1790867549	19712	r8-K2off-2,
1790867550	19705	r8-K2off-2,
1790867551	19697	r8-K2off-2,
1790867552	19701	r8-K2off-2,
1790867553	19696	r8-K2off-2,
1790867554	19703	r8-K2off-2,
1790867555	19694	r8-K2off-2,
1790867557	19701	r8-K2off-2,
1790867558	19696	r8-K2off-2,
1790867559	19688	r8-K2off-2,
1790867560	19684	r8-K2off-2,
1790867561	19692	r8-K2off-2,
1790867562	19689	r8-K2off-2,
1790867563	19688	r8-K2off-2,
1790867564	19684	r8-K2off-2,
1790867565	19676	r8-K2off-2,
1790867566	19682	r8-K2off-2,
1790867567	19689	r8-K2off-2,
1790867568	19694	r8-K2off-2,
1790867569	19693	r8-K2off-2,
1790867570	19700	r8-K2off-2,
1790867571	19704	r8-K2off-2,
1790867572	19706	r8-K2off-2,
1790867573	19700	r8-K2off-2,
1790867574	19707	r8-K2off-2,
1790867575	19698	r8-K2off-2,
1790867576	19693	r8-K2off-2,
1790867577	19693	r8-K2off-2,
1790867578	19699	r8-K2off-2,
1790867579	19705	r8-K2off-2,
1790867580	19702	r8-K2off-2,
1790867581	19696	r8-K2off-2,
1790867582	19695	r8-K2off-2,
1790867583	19692	r8-K2off-2,
1790867584	19696	r8-K2off-2,
1790867585	19701	r8-K2off-2,
1790867586	19696	r8-K2off-2,
1790867587	19702	r8-K2off-2,
1790867588	19699	r8-K2off-2,
1790867589	19692	r8-K2off-2,
1790867590	19685	r8-K2off-2,
1790867591	19690	r8-K2off-2,
1790867592	19694	r8-K2off-2,
1790867594	19687	r8-K2off-2,
1790867595	19692	r8-K2off-2,
1790867596	19688	r8-K2off-2,
1790867597	19687	r8-K2off-2,
1790867598	19685	r8-K2off-2,
1790867599	19693	r8-K2off-2,
1790867600	19691	r8-K2off-2,
1790867601	19698	r8-K2off-2,
1790867602	19695	r8-K2off-2,
1790867603	19703	r8-K2off-2,
1790867604	19698	r8-K2off-2,
1790867605	19706	r8-K2off-2,
1790867606	19700	r8-K2off-2,
1790867607	19708	r8-K2off-2,
1790867608	19714	r8-K2off-2,
1790867609	19708	r8-K2off-2,
1790867610	19703	r8-K2off-2,
1790867611	19706	r8-K2off-2,
1790867612	19706	r8-K2off-2,
1790867613	19701	r8-K2off-2,
1790867614	19698	r8-K2off-2,
1790867615	19705	r8-K2off-2,
1790867616	19712	r8-K2off-2,
1790867617	19708	r8-K2off-2,
1790867618	19715	r8-K2off-2,
1790867619	19714	r8-K2off-2,
1790867620	19719	r8-K2off-2,
1790867621	19713	r8-K2off-2,
1790867622	19704	r8-K2off-2,
1790867623	19709	r8-K2off-2,
1790867624	19703	r8-K2off-2,
1790867625	19697	r8-K2off-2,
1790867626	19707	r8-K2off-2,
1790867627	19700	r8-K2off-2,
1790867628	19697	r8-K2off-2,
1790867629	19701	r8-K2off-2,
1790867630	19701	r8-K2off-2,
1790867632	19708	r8-K2off-2,
1790867633	19703	r8-K2off-2,
1790867634	19710	r8-K2off-2,
1790867635	19707	r8-K2off-2,
1790867636	19712	r8-K2off-2,
1790867637	19710	r8-K2off-2,
1790867638	19705	r8-K2off-2,
1790867639	19699	r8-K2off-2,
1790867640	19700	r8-K2off-2,
1790867641	19698	r8-K2off-2,
1790867642	19707	r8-K2off-2,
1790867643	19712	r8-K2off-2,
1790867644	19710	r8-K2off-2,
1790867645	19717	r8-K2off-2,
1790867646	19715	r8-K2off-2,
1790867647	19704	r8-K2off-2,
1790867648	19698	r8-K2off-2,
1790867649	19695	r8-K2off-2,
1790867650	19693	r8-K2off-2,
1790867651	19687	r8-K2off-2,
1790867652	19682	r8-K2off-2,
1790867653	19680	r8-K2off-2,
1790867654	19690	r8-K2off-2,
1790867655	19702	r8-K2off-2,
1790867656	19707	r8-K2off-2,
1790867657	19700	r8-K2off-2,
1790867658	19706	r8-K2off-2,
1790867659	19713	r8-K2off-2,
1790867660	19717	r8-K2off-2,
1790867661	19711	r8-K2off-2,
1790867662	19706	r8-K2off-2,
1790867663	19701	r8-K2off-2,
1790867664	19696	r8-K2off-2,
1790867665	19689	r8-K2off-2,
1790867666	19697	r8-K2off-2,
1790867667	19692	r8-K2off-2,
1790867668	19694	r8-K2off-2,
1790867669	19700	r8-K2off-2,
1790867671	19692	r8-K2off-2,
1790867672	19700	r8-K2off-2,
1790867673	19690	r8-K2off-2,
1790867674	19696	r8-K2off-2,
1790867675	19689	r8-K2off-2,
1790867676	19693	r8-K2off-2,
1790867677	19695	r8-K2off-2,
1790867678	19689	r8-K2off-2,
1790867679	19683	r8-K2off-2,
1790867680	19687	r8-K2off-2,
1790867681	19690	r8-K2off-2,
1790867682	19696	r8-K2off-2,
1790867683	19692	r8-K2off-2,
1790867684	19688	r8-K2off-2,
1790867685	19681	r8-K2off-2,
1790867686	19686	r8-K2off-2,
1790867687	19676	r8-K2off-2,
1790867688	19688	r8-K2off-2,
1790867689	19695	r8-K2off-2,
1790867690	19693	r8-K2off-2,
1790867691	19699	r8-K2off-2,
1790867692	19706	r8-K2off-2,
1790867693	19702	r8-K2off-2,
1790867694	19690	r8-K2off-2,
1790867695	19688	r8-K2off-2,
1790867696	19694	r8-K2off-2,
1790867697	19705	r8-K2off-2,
1790867698	19710	r8-K2off-2,
1790867699	19702	r8-K2off-2,
1790867700	19707	r8-K2off-2,
1790867701	19700	r8-K2off-2,
1790867702	19689	r8-K2off-2,
1790867703	19696	r8-K2off-2,
1790867704	19702	r8-K2off-2,
1790867705	19689	r8-K2off-2,
1790867706	19693	r8-K2off-2,
1790867707	19677	r8-K2off-2,
1790867708	19672	r8-K2off-2,
1790867709	19670	r8-K2off-2,
1790867711	19670	r8-K2off-2,
1790867712	19672	r8-K2off-2,
1790867713	19669	r8-K2off-2,
1790867714	19667	r8-K2off-2,
1790867715	19662	r8-K2off-2,
1790867716	19672	r8-K2off-2,
1790867717	19677	r8-K2off-2,
1790867718	19687	r8-K2off-2,
1790867719	19680	r8-K2off-2,
1790867720	19693	r8-K2off-2,
1790867721	19685	r8-K2off-2,
1790867722	19682	r8-K2off-2,
1790867723	19675	r8-K2off-2,
1790867724	19671	r8-K2off-2,
1790867725	19667	r8-K2off-2,
1790867726	19675	r8-K2off-2,
1790867727	19674	r8-K2off-2,
1790867728	19669	r8-K2off-2,
1790867729	19660	r8-K2off-2,
1790867730	19669	r8-K2off-2,
1790867731	19665	r8-K2off-2,
1790867732	19675	r8-K2off-2,
1790867733	19679	r8-K2off-2,
1790867734	19674	r8-K2off-2,
1790867735	19667	r8-K2off-2,
1790867736	19670	r8-K2off-2,
1790867737	19664	r8-K2off-2,
1790867738	19672	r8-K2off-2,
1790867739	19663	r8-K2off-2,
1790867740	19661	r8-K2off-2,
1790867741	19671	r8-K2off-2,
1790867742	19665	r8-K2off-2,
1790867743	19664	r8-K2off-2,
1790867744	19671	r8-K2off-2,
1790867745	19664	r8-K2off-2,
1790867746	19661	r8-K2off-2,
1790867747	19660	r8-K2off-2,
1790867748	19670	r8-K2off-2,
1790867750	19670	r8-K2off-2,
1790867751	19668	r8-K2off-2,
1790867752	19664	r8-K2off-2,
1790867753	19665	r8-K2off-2,
1790867754	19673	r8-K2off-2,
1790867755	19682	r8-K2off-2,
1790867756	19681	r8-K2off-2,
1790867757	19688	r8-K2off-2,
1790867758	19691	r8-K2off-2,
1790867759	19684	r8-K2off-2,
1790867760	19693	r8-K2off-2,
1790867761	19687	r8-K2off-2,
1790867762	19693	r8-K2off-2,
1790867763	19685	r8-K2off-2,
1790867764	19680	r8-K2off-2,
1790867765	21865	r8-K2off-2,
1790867766	23681	r8-K2off-2,
1790867767	120974	r8-K2off-2,
1790867768	121864	
1790867769	121860	
1790867770	121860	
1790867771	121862	
1790867772	121870	
1790867773	121866	
1790867774	121860	
1790867775	121867	
1790867776	121872	
1790867777	121876	
1790867778	121868	
1790867779	121875	
1790867780	121880	
1790867781	121873	
1790867782	121873	
1790867783	121865	
1790867784	121865	
1790867785	121874	
1790867786	121876	
1790867787	121878	
1790867788	121870	
1790867789	121877	
1790867790	121878	
1790867791	121874	
1790867792	121881	
1790867793	121882	
1790867794	121884	
1790867795	121888	
1790867796	121881	
1790867797	121874	
1790867798	121876	
1790867799	121883	
1790867800	121877	
1790867801	121881	
1790867802	121886	
1790867803	121889	
1790867805	121878	
1790867806	121871	
1790867807	121869	
1790867808	121864	
1790867809	121877	
1790867810	121881	
1790867811	121875	
1790867812	121869	
1790867813	121878	
1790867814	121881	
1790867815	121889	
1790867816	121880	
1790867817	121868	
1790867818	121871	
1790867819	121873	
1790867820	121886	
1790867821	121877	
1790867822	121883	
1790867823	121886	
1790867824	121884	
1790867825	121892	
1790867826	121887	
1790867827	121894	
1790867828	121901	
1790867829	121901	
1790867830	121894	
1790867831	121891	
1790867832	121898	
1790867833	121892	
1790867834	121892	
1790867835	121886	
1790867836	121887	
1790867837	121890	
1790867838	121889	
1790867839	121893	
1790867840	121893	
1790867841	121892	
1790867842	121895	
1790867843	121886	
1790867844	121895	
1790867845	121889	
1790867846	121892	
1790867847	121894	
1790867848	121898	
1790867849	121902	
1790867850	121902	
1790867851	121895	
1790867852	121894	
1790867853	121894	
1790867854	121889	
1790867855	121892	
1790867856	121884	
1790867857	121887	
1790867858	121888	
1790867859	121880	
1790867860	121889	
1790867861	121891	
1790867862	121894	
1790867863	121885	
1790867864	121887	
1790867865	121893	
1790867866	121896	
1790867867	121901	
1790867868	121891	
1790867869	121895	
1790867871	121898	
1790867872	121907	
1790867873	121894	
1790867874	121896	
1790867875	121895	
1790867876	121888	
1790867877	121892	
1790867878	121895	
1790867879	121900	
1790867880	121901	
1790867881	121906	
1790867882	121899	
1790867883	121887	
1790867884	121892	
1790867885	121900	
1790867886	121906	
1790867887	121899	
1790867888	121902	
1790867889	121901	
1790867890	121907	
1790867891	121899	
1790867892	121900	
1790867893	121897	
1790867894	121897	
1790867895	121899	
1790867896	121895	
1790867897	121897	
1790867898	121905	
1790867899	121900	
1790867900	121893	
1790867901	121885	
1790867902	121876	
1790867903	121869	
1790867904	121862	
1790867905	121868	
1790867906	121873	
1790867907	121875	
1790867908	121873	
1790867909	121858	
1790867910	121863	
1790867911	121873	
1790867912	121878	
1790867913	121877	
1790867914	121882	
1790867915	121889	
1790867916	121886	
1790867917	121877	
1790867918	121874	
1790867919	121883	
1790867920	121887	
1790867921	121892	
1790867922	121899	
1790867923	121891	
1790867924	121892	
1790867925	121896	
1790867926	121886	
1790867927	121891	
1790867928	121897	
1790867929	121897	
1790867930	121901	
1790867931	121889	
1790867932	121889	
1790867933	121892	
1790867934	121900	
1790867936	121895	
1790867937	121891	
1790867938	121902	
1790867939	121903	
1790867940	121906	
1790867941	121909	
1790867942	121908	
1790867943	121907	
1790867944	121909	
1790867945	121908	
1790867946	121905	
1790867947	121906	
1790867948	121906	
1790867949	121899	
1790867950	121902	
1790867951	121905	
1790867952	121913	
1790867953	121898	
1790867954	121900	
1790867955	121906	
1790867956	121906	
1790867957	121905	
1790867958	121905	
1790867959	121903	
1790867960	121902	
1790867961	121906	
1790867962	121905	
1790867963	121903	
1790867964	121908	
1790867965	121903	
1790867966	121905	
1790867967	121896	
1790867968	121897	
1790867969	121891	
1790867970	121888	
1790867971	121891	
1790867972	121890	
1790867973	121889	
1790867974	121893	
1790867975	121900	
1790867976	121902	
1790867977	121899	
1790867978	121904	
1790867979	121907	
1790867980	121899	
1790867981	121909	
1790867982	121904	
1790867983	121905	
1790867984	121909	
1790867985	121909	
1790867986	121910	
1790867987	121910	
1790867988	121911	
1790867989	121901	
1790867990	121906	
1790867991	121906	
1790867992	121907	
1790867993	121903	
1790867994	121902	
1790867995	121901	
1790867996	121902	
1790867997	121895	
1790867999	121892	
1790868000	121898	
1790868001	121903	
1790868002	121895	
1790868003	121898	
1790868004	121898	
1790868005	121896	
1790868006	121898	
1790868007	121895	
1790868008	121891	
1790868009	121893	
1790868010	121885	
1790868011	121885	
1790868012	121879	
1790868013	121880	
1790868014	121873	
1790868015	121869	
1790868016	121868	
1790868017	121877	
1790868018	121879	
1790868019	121870	
1790868020	121871	
1790868021	121872	
1790868022	121872	
1790868023	121873	
1790868024	121882	
1790868025	121875	
1790868026	121871	
1790868027	121879	
1790868028	121882	
1790868029	121880	
1790868030	121879	
1790868031	121879	
1790868032	121887	
1790868033	121879	
1790868034	121878	
1790868035	121883	
1790868036	121882	
1790868037	121884	
1790868038	121886	
1790868039	121882	
1790868040	121883	
1790868041	121877	
1790868042	121882	
1790868043	121887	
1790868044	121885	
1790868045	121882	
1790868046	121883	
1790868047	121884	
1790868048	121885	
1790868049	121888	
1790868050	121886	
1790868051	121879	
1790868052	121887	
1790868053	121885	
1790868054	121887	
1790868055	121888	
1790868056	121880	
1790868057	121881	
1790868058	121874	
1790868059	121883	
1790868060	121882	
1790868061	121888	
1790868062	121887	
1790868063	121896	
1790868065	121900	
1790868066	121901	
1790868067	121895	
1790868068	121897	
1790868069	121894	
1790868070	121896	
1790868071	121889	
1790868072	121888	
1790868073	121893	
1790868074	121885	
1790868075	121880	
1790868076	121887	
1790868077	121898	
1790868078	121889	
1790868079	121894	
1790868080	121884	
1790868081	121888	
1790868082	121884	
1790868083	121882	
1790868084	121877	
1790868085	121879	
1790868086	121884	
1790868087	121880	
1790868088	121885	
1790868089	121874	
1790868090	121867	
1790868091	121871	
1790868092	121879	
1790868093	121874	
1790868094	121880	
1790868095	121877	
1790868096	121880	
1790868097	121878	
1790868098	121874	
1790868099	121887	
1790868100	121894	
1790868101	121899	
1790868102	121892	
1790868103	121888	
1790868104	121894	
1790868105	121897	
1790868106	121888	
1790868107	121899	
1790868108	121890	
1790868109	121892	
1790868110	121895	
1790868111	121888	
1790868112	121895	
1790868113	121892	
1790868114	121894	
1790868115	121894	
1790868116	121890	
1790868117	121891	
1790868118	121897	
1790868119	121892	
1790868120	121897	
1790868121	121896	
1790868122	121893	
1790868123	121903	
1790868124	121904	
1790868125	121905	
1790868126	121898	
1790868127	121902	
1790868128	121904	
1790868130	121906	
1790868131	121899	
1790868132	121894	
1790868133	121895	
1790868134	121892	
1790868135	121898	
1790868136	121890	
1790868137	121888	
1790868138	121882	
1790868139	121879	
1790868140	121872	
1790868141	121875	
1790868142	121879	
1790868143	121886	
1790868144	121893	
1790868145	121897	
1790868146	121888	
1790868147	121888	
1790868148	121883	
1790868149	121892	
1790868150	121897	
1790868151	121897	
1790868152	121894	
1790868153	121898	
1790868154	121903	
1790868155	121895	
1790868156	121894	
1790868157	121890	
1790868158	121886	
1790868159	121885	
1790868160	121885	
1790868161	121881	
1790868162	121880	
1790868163	121889	
1790868164	121895	
1790868165	121897	
1790868166	121891	
1790868167	121889	
1790868168	121883	
1790868169	121888	
1790868170	121884	
1790868171	121884	
1790868172	121888	
1790868173	121886	
1790868174	121890	
1790868175	121895	
1790868176	121893	
1790868177	121889	
1790868178	121898	
1790868179	121900	
1790868180	121902	
1790868181	121897	
1790868182	121902	
1790868183	121906	
1790868184	121910	
1790868185	121899	
1790868186	121904	
1790868187	121906	
1790868188	121900	
1790868189	121899	
1790868190	121902	
1790868191	121909	
1790868192	121913	
1790868193	121916	
1790868194	121916	
1790868196	121910	
1790868197	121913	
1790868198	121909	
1790868199	121912	
1790868200	121903	
1790868201	121895	
1790868202	121901	
1790868203	121911	
1790868204	121912	
1790868205	121903	
1790868206	121903	
1790868207	121898	
1790868208	121900	
1790868209	121904	
1790868210	121907	
1790868211	121897	
1790868212	121900	
1790868213	121908	
1790868214	121909	
1790868215	121909	
1790868216	121902	
1790868217	121901	
1790868218	121892	
1790868219	121898	
1790868220	121901	
1790868221	121895	
1790868222	121898	
1790868223	121898	
1790868224	121891	
1790868225	121891	
1790868226	121881	
1790868227	121877	
1790868228	121876	
1790868229	121868	
1790868230	121878	
1790868231	121871	
1790868232	121871	
1790868233	121875	
1790868234	121869	
1790868235	121877	
1790868236	121872	
1790868237	121867	
1790868238	121871	
1790868239	121871	
1790868240	121876	
1790868241	121876	
1790868242	121875	
1790868243	121876	
1790868244	121887	
1790868245	121887	
1790868246	121885	
1790868247	121895	
1790868248	121895	
1790868249	121885	
1790868250	121892	
1790868251	121891	
1790868252	121896	
1790868253	121897	
1790868254	121890	
1790868255	121889	
1790868256	121890	
1790868257	121886	
1790868258	121885	
1790868260	121878	
1790868261	121881	
1790868262	121876	
1790868263	121876	
1790868264	121883	
1790868265	121875	
1790868266	121868	
1790868267	121874	
1790868268	121876	
1790868269	121878	
1790868270	121880	
1790868271	121879	
1790868272	121875	
1790868273	121878	
1790868274	121886	
1790868275	121886	
1790868276	121886	
1790868277	121892	
1790868278	121897	
1790868279	121897	
1790868280	121897	
1790868281	121899	
1790868282	121898	
1790868283	121886	
1790868284	121887	
1790868285	121888	
1790868286	121889	
1790868287	121880	
1790868288	121880	
1790868289	121882	
1790868290	121885	
1790868291	121885	
1790868292	121885	
1790868293	121884	
1790868294	121886	
1790868295	121887	
1790868296	121892	
1790868297	121894	
1790868298	121899	
1790868299	121902	
1790868300	121893	
1790868301	121900	
1790868302	121905	
1790868303	121897	
1790868304	121891	
1790868305	121894	
1790868306	121895	
1790868307	121899	
1790868308	121904	
1790868309	121905	
1790868310	121905	
1790868311	121905	
1790868312	121905	
1790868313	121899	
1790868314	121900	
1790868315	121893	
1790868316	121900	
1790868317	121901	
1790868318	121898	
1790868319	121903	
1790868320	121902	
1790868321	121904	
1790868323	121895	
1790868324	121903	
1790868325	121907	
1790868326	121900	
1790868327	121892	
1790868328	121880	
1790868329	121892	
1790868330	121889	
1790868331	121885	
1790868332	121885	
1790868333	121879	
1790868334	121875	
1790868335	121882	
1790868336	121875	
1790868337	121881	
1790868338	121887	
1790868339	121897	
1790868340	121889	
1790868341	121883	
1790868342	121875	
1790868343	121882	
1790868344	121888	
1790868345	121896	
1790868346	121885	
1790868347	121896	
1790868348	121892	
1790868349	121885	
1790868350	121888	
1790868351	121893	
1790868352	121895	
1790868353	121895	
1790868354	121896	
1790868355	121898	
1790868356	121897	
1790868357	121900	
1790868358	121899	
1790868359	121899	
1790868360	121899	
1790868361	121899	
1790868362	121900	
1790868363	121899	
1790868364	121901	
1790868365	121902	
1790868366	121902	
1790868367	121907	
1790868368	121894	
1790868369	121896	
1790868370	121899	
1790868371	121905	
1790868372	121896	
1790868373	121889	
1790868374	121896	
1790868375	121892	
1790868376	121892	
1790868377	121898	
1790868378	121887	
1790868379	121893	
1790868380	121898	
1790868381	121905	
1790868382	121905	
1790868383	121894	
1790868385	121898	
1790868386	121898	
1790868387	121891	
1790868388	121890	
1790868389	121891	
1790868390	121893	
1790868391	121898	
1790868392	121902	
1790868393	121903	
1790868394	121898	
1790868395	121905	
1790868396	121911	
1790868397	121909	
1790868398	121900	
1790868399	121892	
1790868400	121883	
1790868401	121894	
1790868402	121901	
1790868403	121898	
1790868404	121897	
1790868405	121905	
1790868406	121907	
1790868407	121901	
1790868408	121906	
1790868409	121908	
1790868410	121901	
1790868411	121908	
1790868412	121908	
1790868413	121905	
1790868414	121896	
1790868415	121895	
1790868416	121899	
1790868417	121892	
1790868418	121898	
1790868419	121895	
1790868420	121901	
1790868421	121902	
1790868422	121896	
1790868423	121899	
1790868424	121887	
1790868425	121887	
1790868426	121891	
1790868427	121887	
1790868428	121896	
1790868429	121903	
1790868430	121901	
1790868431	121901	
1790868432	121905	
1790868433	121905	
1790868434	121913	
1790868435	121905	
1790868436	121911	
1790868437	121901	
1790868438	121904	
1790868439	121904	
1790868440	121900	
1790868441	121895	
1790868442	121888	
1790868443	121891	
1790868444	121895	
1790868445	121892	
1790868446	121891	
1790868448	121886	
1790868449	121880	
1790868450	121874	
1790868451	121878	
1790868452	121874	
1790868453	121864	
1790868454	121866	
1790868455	121871	
1790868456	121874	
1790868457	121875	
1790868458	121878	
1790868459	121880	
1790868460	121881	
1790868461	121884	
1790868462	121877	
1790868463	121879	
1790868464	121874	
1790868465	121879	
1790868466	121880	
1790868467	121885	
1790868468	121890	
1790868469	121899	
1790868470	121900	
1790868471	121901	
1790868472	121897	
1790868473	121902	
1790868474	121909	
1790868475	121904	
1790868476	121904	
1790868477	121906	
1790868478	121909	
1790868479	121897	
1790868480	121896	
1790868481	121901	
1790868482	121899	
1790868483	121903	
1790868484	121904	
1790868485	121906	
1790868486	121907	
1790868487	121905	
1790868488	121909	
1790868489	121900	
1790868490	121908	
1790868491	121903	
1790868492	121904	
1790868493	121908	
1790868494	121907	
1790868495	121904	
1790868496	121897	
1790868497	121899	
1790868498	121903	
1790868499	121895	
1790868500	121895	
1790868501	121900	
1790868502	121907	
1790868503	121913	
1790868504	121911	
1790868505	121913	
1790868506	121905	
1790868507	121897	
1790868508	121891	
1790868509	121888	
1790868510	121888	
1790868511	121889	
1790868512	121894	
1790868514	121891	
1790868515	121897	
1790868516	121894	
1790868517	121884	
1790868518	121891	
1790868519	121889	
1790868520	121901	
1790868521	121903	
1790868522	121909	
1790868523	121901	
1790868524	121908	
1790868525	121916	
1790868526	121913	
1790868527	121912	
1790868528	121913	
1790868529	121905	
1790868530	121902	
1790868531	121908	
1790868532	121912	
1790868533	121901	
1790868534	121897	
1790868535	121897	
1790868536	121898	
1790868537	121899	
1790868538	121904	
1790868539	121898	
1790868540	121894	
1790868541	121902	
1790868542	121900	
1790868543	121899	
1790868544	121903	
1790868545	121907	
1790868546	121906	
1790868547	121905	
1790868548	121900	
1790868549	121900	
1790868550	121893	
1790868551	121899	
1790868552	121900	
1790868553	121906	
1790868554	121910	
1790868555	121903	
1790868556	121894	
1790868557	121897	
1790868558	121902	
1790868559	121902	
1790868560	121891	
1790868561	121900	
1790868562	121893	
1790868563	121898	
1790868564	121889	
1790868565	121890	
1790868566	121893	
1790868567	121897	
1790868568	121891	
1790868569	121887	
1790868570	121882	
1790868571	121889	
1790868572	121896	
1790868573	121902	
1790868574	121894	
1790868575	121886	
1790868577	121893	
1790868578	121886	
1790868579	121886	
1790868580	121890	
1790868581	121895	
1790868582	121896	
1790868583	121892	
1790868584	121886	
1790868585	121885	
1790868586	121889	
1790868587	121894	
1790868588	121883	
1790868589	121893	
1790868590	121891	
1790868591	121887	
1790868592	121893	
1790868593	121893	
1790868594	121892	
1790868595	121891	
1790868596	121890	
1790868597	121897	
1790868598	121896	
1790868599	121904	
1790868600	121904	
1790868601	121909	
1790868602	121900	
1790868603	121899	
1790868604	121896	
1790868605	121894	
1790868606	121893	
1790868607	121893	
1790868608	121886	
1790868609	121879	
1790868610	121882	
1790868611	121880	
1790868612	121887	
1790868613	121895	
1790868614	121887	
1790868615	121886	
1790868616	121878	
1790868617	121887	
1790868618	121887	
1790868619	121890	
1790868620	121882	
1790868621	121883	
1790868622	121892	
1790868623	121886	
1790868624	121892	
1790868625	121891	
1790868626	121881	
1790868627	121887	
1790868628	121897	
1790868629	121885	
1790868630	121878	
1790868631	121871	
1790868632	121877	
1790868633	121871	
1790868634	121883	
1790868635	121879	
1790868636	121885	
1790868637	121890	
1790868638	121888	
1790868639	121882	
1790868640	121888	
1790868642	121889	
1790868643	121893	
1790868644	121893	
1790868645	121895	
1790868646	121888	
1790868647	121884	
1790868648	121894	
1790868649	121887	
1790868650	121894	
1790868651	121890	
1790868652	121895	
1790868653	121889	
1790868654	121888	
1790868655	121894	
1790868656	121889	
1790868657	121898	
1790868658	121891	
1790868659	121888	
1790868660	121886	
1790868661	121884	
1790868662	121878	
1790868663	121884	
1790868664	121882	
1790868665	121882	
1790868666	121875	
1790868667	121896	
1790868668	121891	
1790868669	121889	
1790868670	121889	
1790868671	121891	
1790868672	121888	
1790868673	121890	
1790868674	121883	
1790868675	121881	
1790868676	121878	
1790868677	121886	
1790868678	121887	
1790868679	121896	
1790868680	121891	
1790868681	121886	
1790868682	121880	
1790868683	121888	
1790868684	121890	
1790868685	121885	
1790868686	121897	
1790868687	121895	
1790868688	121887	
1790868689	121879	
1790868690	121879	
1790868691	121887	
1790868692	121883	
1790868693	121890	
1790868694	121889	
1790868695	121888	
1790868696	121896	
1790868697	121895	
1790868698	121905	
1790868699	121903	
1790868700	121904	
1790868701	121896	
1790868702	121891	
1790868703	121885	
1790868704	121883	
1790868705	121885	
1790868706	121877	
1790868708	121866	
1790868709	121866	
1790868710	121868	
1790868711	121877	
1790868712	121884	
1790868713	121888	
1790868714	121891	
1790868715	121889	
1790868716	121888	
1790868717	121891	
1790868718	121889	
1790868719	121892	
1790868720	121903	
1790868721	121895	
1790868722	121887	
1790868723	121887	
1790868724	121892	
1790868725	121905	
1790868726	121898	
1790868727	121897	
1790868728	121897	
1790868729	121891	
1790868730	121892	
1790868731	121895	
1790868732	121889	
1790868733	121885	
1790868734	121888	
1790868735	121889	
1790868736	121884	
1790868737	121881	
1790868738	121878	
1790868739	121878	
1790868740	121885	
1790868741	121880	
1790868742	121885	
1790868743	121882	
1790868744	121875	
1790868745	121887	
1790868746	121882	
1790868747	121891	
1790868748	121893	
1790868749	121897	
1790868750	121898	
1790868751	121891	
1790868752	121891	
1790868753	121894	
1790868754	121889	
1790868755	121891	
1790868756	121891	
1790868757	121879	
1790868758	121880	
1790868759	121889	
1790868760	121896	
1790868761	121886	
1790868762	121891	
1790868763	121888	
1790868764	121895	
1790868765	121891	
1790868766	121894	
1790868767	121889	
1790868768	121886	
1790868769	121891	
1790868770	121893	
1790868772	121885	
1790868773	121885	
1790868774	121889	
1790868775	121894	
1790868776	121892	
1790868777	121892	
1790868778	121895	
1790868779	121886	
1790868780	121887	
1790868781	121891	
1790868782	121891	
1790868783	121892	
1790868784	121893	
1790868785	121893	
1790868786	121900	
1790868787	121902	
1790868788	121898	
1790868789	121891	
1790868790	121879	
1790868791	121886	
1790868792	121897	
1790868793	121895	
1790868794	121897	
1790868795	121889	
1790868796	121884	
1790868797	121893	
1790868798	121895	
1790868799	121900	
1790868800	121892	
1790868801	121886	
1790868802	121891	
1790868803	121897	
1790868804	121890	
1790868805	121898	
1790868806	121901	
1790868807	121901	
1790868808	121906	
1790868809	121898	
1790868810	121898	
1790868811	121892	
1790868812	121894	
1790868813	121890	
1790868814	121896	
1790868815	121900	
1790868816	121899	
1790868817	121891	
1790868818	121886	
1790868819	121884	
1790868820	121882	
1790868821	121875	
1790868822	121882	
1790868823	121888	
1790868824	121882	
1790868825	121888	
1790868826	121892	
1790868827	121897	
1790868828	121887	
1790868829	121880	
1790868830	121889	
1790868831	121889	
1790868832	121881	
1790868833	121880	
1790868834	121888	
1790868836	121883	
1790868837	121880	
1790868838	121877	
1790868839	121882	
1790868840	121880	
1790868841	121889	
1790868842	121897	
1790868843	121900	
1790868844	121894	
1790868845	121892	
1790868846	121884	
1790868847	121885	
1790868848	121878	
1790868849	121880	
1790868850	121870	
1790868851	121884	
1790868852	121879	
1790868853	121885	
1790868854	121884	
1790868855	121875	
1790868856	121875	
1790868857	121873	
1790868858	121880	
1790868859	121880	
1790868860	121870	
1790868861	121870	
1790868862	121875	
1790868863	121879	
1790868864	121873	
1790868865	121878	
1790868866	121886	
1790868867	121886	
1790868868	121884	
1790868869	121898	
1790868870	121900	
1790868871	121891	
1790868872	121888	
1790868873	121894	
1790868874	121897	
1790868875	121892	
1790868876	121888	
1790868877	121885	
1790868878	121884	
1790868879	121875	
1790868880	121882	
1790868881	121878	
1790868882	121877	
1790868883	121884	
1790868884	121892	
1790868885	121891	
1790868886	121888	
1790868887	121891	
1790868888	121885	
1790868889	121882	
1790868890	121887	
1790868891	121892	
1790868892	121895	
1790868893	121887	
1790868894	121898	
1790868895	121893	
1790868896	121894	
1790868897	121900	
1790868899	121901	
1790868900	121894	
1790868901	121893	
1790868902	121889	
1790868903	121896	
1790868904	121902	
1790868905	121897	
1790868906	121896	
1790868907	121902	
1790868908	121903	
1790868909	121908	
1790868910	121895	
1790868911	121904	
1790868912	121897	
1790868913	121892	
1790868914	121888	
1790868915	121883	
1790868916	121900	
1790868917	121905	
1790868918	121909	
1790868919	121910	
1790868920	121897	
1790868921	121893	
1790868922	121897	
1790868923	121898	
1790868924	121900	
1790868925	121895	
1790868926	121887	
1790868927	121883	
1790868928	121891	
1790868929	121889	
1790868930	121893	
1790868931	121890	
1790868932	121890	
1790868933	121890	
1790868934	121885	
1790868935	121881	
1790868936	121881	
1790868937	121883	
1790868938	121884	
1790868939	121886	
1790868940	121889	
1790868941	121879	
1790868942	121871	
1790868943	121865	
1790868944	121870	
1790868945	121876	
1790868946	121881	
1790868947	121873	
1790868948	121877	
1790868949	121885	
1790868950	121891	
1790868951	121883	
1790868952	121888	
1790868953	121890	
1790868954	121883	
1790868955	121886	
1790868956	121891	
1790868957	121885	
1790868958	121884	
1790868959	121886	
1790868960	121877	
1790868962	121881	
1790868963	121881	
1790868964	121884	
1790868965	121879	
1790868966	121890	
1790868967	121881	
1790868968	121885	
1790868969	121884	
1790868970	121881	
1790868971	121874	
1790868972	121876	
1790868973	121880	
1790868974	121882	
1790868975	121888	
1790868976	121891	
1790868977	121896	
1790868978	121894	
1790868979	121895	
1790868980	121900	
1790868981	121907	
1790868982	121898	
1790868983	121899	
1790868984	121903	
1790868985	121897	
1790868986	121889	
1790868987	121897	
1790868988	121892	
1790868989	121891	
1790868990	121883	
1790868991	121893	
1790868992	121890	
1790868993	121885	
1790868994	121881	
1790868995	121890	
1790868996	121896	
1790868997	121891	
1790868998	121891	
1790868999	121890	
1790869000	121896	
1790869001	121900	
1790869002	121901	
1790869003	121904	
1790869004	121903	
1790869005	121902	
1790869006	121896	
1790869007	121896	
1790869008	121898	
1790869009	121906	
1790869010	121911	
1790869011	121904	
1790869012	121897	
1790869013	121899	
1790869014	121898	
1790869015	121890	
1790869016	121892	
1790869017	121893	
1790869018	121887	
1790869019	121895	
1790869020	121897	
1790869021	121898	
1790869022	121886	
1790869023	121884	
1790869024	121883	
1790869025	121886	
1790869026	121892	
1790869028	121894	
1790869029	121897	
1790869030	121900	
1790869031	121893	
1790869032	121887	
1790869033	121888	
1790869034	121892	
1790869035	121903	
1790869036	121898	
1790869037	121888	
1790869038	121893	
1790869039	121899	
1790869040	121909	
1790869041	121898	
1790869042	121892	
1790869043	121896	
1790869044	121899	
1790869045	121906	
1790869046	121898	
1790869047	121896	
1790869048	121886	
1790869049	121881	
1790869050	121878	
1790869051	121879	
1790869052	121878	
1790869053	121883	
1790869054	121889	
1790869055	121893	
1790869056	121900	
1790869057	121900	
1790869058	121899	
1790869059	121895	
1790869060	121898	
1790869061	121899	
1790869062	121904	
1790869063	121904	
1790869064	121903	
1790869065	121896	
1790869066	121889	
1790869067	121899	
1790869068	121892	
1790869069	121882	
1790869070	121894	
1790869071	121892	
1790869072	121884	
1790869073	121880	
1790869074	121887	
1790869075	121887	
1790869076	121883	
1790869077	121878	
1790869078	121878	
1790869079	121881	
1790869080	121884	
1790869081	121884	
1790869082	121887	
1790869083	121894	
1790869084	121892	
1790869085	121895	
1790869086	121896	
1790869087	121899	
1790869088	121904	
1790869089	121900	
1790869090	121893	
1790869091	121898	
1790869092	121893	
1790869094	121901	
1790869095	121892	
1790869096	121898	
1790869097	121897	
1790869098	121900	
1790869099	121901	
1790869100	121894	
1790869101	121896	
1790869102	121902	
1790869103	121899	
1790869104	121900	
1790869105	121899	
1790869106	121898	
1790869107	121899	
1790869108	121896	
1790869109	121901	
1790869110	121897	
1790869111	121893	
1790869112	121888	
1790869113	121896	
1790869114	121901	
1790869115	121899	
1790869116	121902	
1790869117	121895	
1790869118	121900	
1790869119	121892	
1790869120	121893	
1790869121	121892	
1790869122	121895	
1790869123	121891	
1790869124	121888	
1790869125	121878	
1790869126	121882	
1790869127	121888	
1790869128	121884	
1790869129	121887	
1790869130	121880	
1790869131	121884	
1790869132	121885	
1790869133	121875	
1790869134	121878	
1790869135	121875	
1790869136	121870	
1790869137	121875	
1790869138	121885	
1790869139	121882	
1790869140	121870	
1790869141	121877	
1790869142	121881	
1790869143	121876	
1790869144	121871	
1790869145	121877	
1790869146	121888	
1790869147	121887	
1790869148	121881	
1790869149	121881	
1790869150	121887	
1790869151	121888	
1790869152	121891	
1790869153	121892	
1790869154	121886	
1790869155	121885	
1790869156	121885	
1790869157	121884	
1790869159	121887	
1790869160	121880	
1790869161	121882	
1790869162	121886	
1790869163	121890	
1790869164	121892	
1790869165	121891	
1790869166	121894	
1790869167	121885	
1790869168	121884	
1790869169	121881	
1790869170	121888	
1790869171	121891	
1790869172	121894	
1790869173	121895	
1790869174	121894	
1790869175	121897	
1790869176	121899	
1790869177	121892	
1790869178	121882	
1790869179	121879	
1790869180	121890	
1790869181	121895	
1790869182	121889	
1790869183	121893	
1790869184	121896	
1790869185	121887	
1790869186	121889	
1790869187	121890	
1790869188	121882	
1790869189	121882	
1790869190	121875	
1790869191	121883	
1790869192	121884	
1790869193	121882	
1790869194	121884	
1790869195	121877	
1790869196	121872	
1790869197	121868	
1790869198	121874	
1790869199	121884	
1790869200	121887	
1790869201	121892	
1790869202	121884	
1790869203	121877	
1790869204	121885	
1790869205	121881	
1790869206	121876	
1790869207	121881	
1790869208	121886	
1790869209	121889	
1790869210	121880	
1790869211	121873	
1790869212	121877	
1790869213	121887	
1790869214	121887	
1790869215	121890	
1790869216	121892	
1790869217	121892	
1790869218	121894	
1790869219	121893	
1790869220	121893	
1790869222	121894	
1790869223	121898	
1790869224	121894	
1790869225	121890	
1790869226	121890	
1790869227	121885	
1790869228	121889	
1790869229	121895	
1790869230	121893	
1790869231	121886	
1790869232	121898	
1790869233	121894	
1790869234	121897	
1790869235	121891	
1790869236	121891	
1790869237	121898	
1790869238	121889	
1790869239	121894	
1790869240	121897	
1790869241	121899	
1790869242	121897	
1790869243	121897	
1790869244	121902	
1790869245	121896	
1790869246	121890	
1790869247	121884	
1790869248	121887	
1790869249	121891	
1790869250	121895	
1790869251	121895	
1790869252	121892	
1790869253	121892	
1790869254	121892	
1790869255	121891	
1790869256	121899	
1790869257	121898	
1790869258	121908	
1790869259	121911	
1790869260	121912	
1790869261	121907	
1790869262	121904	
1790869263	121908	
1790869264	121907	
1790869265	121903	
1790869266	121896	
1790869267	121899	
1790869268	121898	
1790869269	121901	
1790869270	121900	
1790869271	121898	
1790869272	121899	
1790869273	121901	
1790869274	121900	
1790869275	121896	
1790869276	121912	
1790869277	121909	
1790869278	121910	
1790869279	121912	
1790869280	121903	
1790869281	121906	
1790869282	121906	
1790869283	121898	
1790869284	121901	
1790869285	121900	
1790869286	121894	
1790869287	121902	
1790869288	121898	
1790869290	121896	
1790869291	121890	
1790869292	121898	
1790869293	121892	
1790869294	121896	
1790869295	121897	
1790869296	121888	
1790869297	121883	
1790869298	121876	
1790869299	121883	
1790869300	121889	
1790869301	121894	
1790869302	121888	
1790869303	121897	
1790869304	121901	
1790869305	121901	
1790869306	121900	
1790869307	121899	
1790869308	121892	
1790869309	121898	
1790869310	121899	
1790869311	121899	
1790869312	121904	
1790869313	121901	
1790869314	121899	
1790869315	121906	
1790869316	121907	
1790869317	121905	
1790869318	121911	
1790869319	121910	
1790869320	121907	
1790869321	121912	
1790869322	121905	
1790869323	121910	
1790869324	121911	
1790869325	121908	
1790869326	121908	
1790869327	121909	
1790869328	121907	
1790869329	121902	
1790869330	121905	
1790869331	121896	
1790869332	121899	
1790869333	121904	
1790869334	121905	
1790869335	121902	
1790869336	121893	
1790869337	121901	
1790869338	121904	
1790869339	121896	
1790869340	121894	
1790869341	121903	
1790869342	121904	
1790869343	121897	
1790869344	121898	
1790869345	121902	
1790869346	121898	
1790869347	121892	
1790869348	121900	
1790869349	121901	
1790869350	121899	
1790869351	121894	
1790869352	121900	
1790869353	121900	
1790869354	121901	
1790869356	121892	
1790869357	121897	
1790869358	121892	
1790869359	121889	
1790869360	121882	
1790869361	121889	
1790869362	121893	
1790869363	121900	
1790869364	121899	
1790869365	121904	
1790869366	121896	
1790869367	121894	
1790869368	121891	
1790869369	121891	
1790869370	121885	
1790869371	121884	
1790869372	121888	
1790869373	121884	
1790869374	121885	
1790869375	121888	
1790869376	121889	
1790869377	121881	
1790869378	121875	
1790869379	121868	
1790869380	121878	
1790869381	121875	
1790869382	121877	
1790869383	121876	
1790869384	121870	
1790869385	121875	
1790869386	121875	
1790869387	121878	
1790869388	121875	
1790869389	121881	
1790869390	121881	
1790869391	121877	
1790869392	121874	
1790869393	121881	
1790869394	121872	
1790869395	121880	
1790869396	121878	
1790869397	121878	
1790869398	121871	
1790869399	121869	
1790869400	121874	
1790869401	121876	
1790869402	121878	
1790869403	121871	
1790869404	121864	
1790869405	121853	
1790869406	121865	
1790869407	121870	
1790869408	121866	
1790869409	121870	
1790869410	121879	
1790869411	121882	
1790869412	121875	
1790869413	121867	
1790869414	121871	
1790869415	121865	
1790869416	121872	
1790869417	121864	
1790869418	121864	
1790869419	121872	
1790869420	121876	
1790869422	121881	
1790869423	121874	
1790869424	121877	
1790869425	121866	
1790869426	121871	
1790869427	121874	
1790869428	121867	
1790869429	121873	
1790869430	121882	
1790869431	121875	
1790869432	121875	
1790869433	121870	
1790869434	121875	
1790869435	121877	
1790869436	121872	
1790869437	121876	
1790869438	121870	
1790869439	121879	
1790869440	121875	
1790869441	121882	
1790869442	121875	
1790869443	121881	
1790869444	121873	
1790869445	121879	
1790869446	121884	
1790869447	121888	
1790869448	121883	
1790869449	121876	
1790869450	121880	
1790869451	121880	
1790869452	121887	
1790869453	121880	
1790869454	121877	
1790869455	121883	
1790869456	121886	
1790869457	121888	
1790869458	121894	
1790869459	121891	
1790869460	121892	
1790869461	121895	
1790869462	121894	
1790869463	121886	
1790869464	121888	
1790869465	121882	
1790869466	121883	
1790869467	121892	
1790869468	121885	
1790869469	121879	
1790869470	121887	
1790869471	121884	
1790869472	121891	
1790869473	121894	
1790869474	121899	
1790869475	121888	
1790869476	121894	
1790869477	121889	
1790869478	121895	
1790869479	121890	
1790869480	121883	
1790869481	121875	
1790869482	121879	
1790869483	121886	
1790869484	121888	
1790869485	121895	
1790869486	121888	
1790869488	121886	
1790869489	121887	
1790869490	121887	
1790869491	121886	
1790869492	121886	
1790869493	121885	
1790869494	121885	
1790869495	121888	
1790869496	121892	
1790869497	121897	
1790869498	121893	
1790869499	121891	
1790869500	121886	
1790869501	121888	
1790869502	121876	
1790869503	121879	
1790869504	121885	
1790869505	121883	
1790869506	121875	
1790869507	121873	
1790869508	121879	
1790869509	121878	
1790869510	121890	
1790869511	121885	
1790869512	121884	
1790869513	121885	
1790869514	121891	
1790869515	121891	
1790869516	121892	
1790869517	121883	
1790869518	121890	
1790869519	121897	
1790869520	121898	
1790869521	121892	
1790869522	121899	
1790869523	121893	
1790869524	121893	
1790869525	121897	
1790869526	121899	
1790869527	121900	
1790869528	121896	
1790869529	121896	
1790869530	121895	
1790869531	121888	
1790869532	121888	
1790869533	121889	
1790869534	121883	
1790869535	121891	
1790869536	121891	
1790869537	121891	
1790869538	121884	
1790869539	121886	
1790869540	121878	
1790869541	121877	
1790869542	121878	
1790869543	121885	
1790869544	121885	
1790869545	121880	
1790869546	121888	
1790869547	121882	
1790869548	121885	
1790869549	121883	
1790869550	121881	
1790869551	121888	
1790869552	121889	
1790869554	121889	
1790869555	121883	
1790869556	121891	
1790869557	121882	
1790869558	121888	
1790869559	121895	
1790869560	121888	
1790869561	121884	
1790869562	121883	
1790869563	121882	
1790869564	121875	
1790869565	121879	
1790869566	121883	
1790869567	121884	
1790869568	121880	
1790869569	121887	
1790869570	121886	
1790869571	121892	
1790869572	121895	
1790869573	121893	
1790869574	121899	
1790869575	121902	
1790869576	121906	
1790869577	121907	
1790869578	121903	
1790869579	121898	
1790869580	121897	
1790869581	121901	
1790869582	121895	
1790869583	121890	
1790869584	121895	
1790869585	121893	
1790869586	121896	
1790869587	121899	
1790869588	121894	
1790869589	121895	
1790869590	121892	
1790869591	121902	
1790869592	121892	
1790869593	121887	
1790869594	121895	
1790869595	121899	
1790869596	121908	
1790869597	121907	
1790869598	121895	
1790869599	121898	
1790869600	121898	
1790869601	121903	
1790869602	121898	
1790869603	121891	
1790869604	121891	
1790869605	121893	
1790869606	121896	
1790869607	121900	
1790869608	121902	
1790869609	121902	
1790869610	121904	
1790869611	121896	
1790869612	121895	
1790869613	121903	
1790869614	121896	
1790869615	121904	
1790869616	121899	
1790869618	121902	
1790869619	121895	
1790869620	121901	
1790869621	121901	
1790869622	121896	
1790869623	121901	
1790869624	121897	
1790869625	121894	
1790869626	121897	
1790869627	121901	
1790869628	121908	
1790869629	121905	
1790869630	121900	
1790869631	121896	
1790869632	121888	
1790869633	121897	
1790869634	121897	
1790869635	121889	
1790869636	121897	
1790869637	121891	
1790869638	121898	
1790869639	121888	
1790869640	121889	
1790869641	121884	
1790869642	121884	
1790869643	121879	
1790869644	121884	
1790869645	121883	
1790869646	121885	
1790869647	121885	
1790869648	121892	
1790869649	121884	
1790869650	121877	
1790869651	121873	
1790869652	121879	
1790869653	121889	
1790869654	121882	
1790869655	121876	
1790869656	121876	
1790869657	121879	
1790869658	121874	
1790869659	121881	
1790869660	121891	
1790869661	121896	
1790869662	121897	
1790869663	121897	
1790869664	121890	
1790869665	121899	
1790869666	121893	
1790869667	121884	
1790869668	121888	
1790869669	121890	
1790869670	121895	
1790869671	121907	
1790869672	121897	
1790869673	121906	
1790869674	121909	
1790869675	121906	
1790869676	121907	
1790869677	121903	
1790869678	121900	
1790869679	121902	
1790869680	121901	
1790869681	121901	
1790869682	121902	
1790869683	121902	
1790869685	121906	
1790869686	121913	
1790869687	121905	
1790869688	121912	
1790869689	121908	
1790869690	121915	
1790869691	121907	
1790869692	121900	
1790869693	121890	
1790869694	121894	
1790869695	121892	
1790869696	121898	
1790869697	121896	
1790869698	121898	
1790869699	121904	
1790869700	121898	
1790869701	121891	
1790869702	121897	
1790869703	121896	
1790869704	121893	
1790869705	121895	
1790869706	121892	
1790869707	121893	
1790869708	121891	
1790869709	121897	
1790869710	121904	
1790869711	121903	
1790869712	121905	
1790869713	121905	
1790869714	121906	
1790869715	121906	
1790869716	121907	
1790869717	121897	
1790869718	121908	
1790869719	121907	
1790869720	121911	
1790869721	121902	
1790869722	121902	
1790869723	121895	
1790869724	121887	
1790869725	121896	
1790869726	121901	
1790869727	121904	
1790869728	121909	
1790869729	121906	
1790869730	121910	
1790869731	121903	
1790869732	121905	
1790869733	121905	
1790869734	121906	
1790869735	121902	
1790869736	121895	
1790869737	121897	
1790869738	121893	
1790869739	121896	
1790869740	121901	
1790869741	121895	
1790869742	121897	
1790869743	121886	
1790869744	121886	
1790869745	121884	
1790869746	121892	
1790869747	121885	
1790869748	121892	
1790869749	121885	
1790869751	121889	
1790869752	121890	
1790869753	121888	
1790869754	121893	
1790869755	121898	
1790869756	121893	
1790869757	121899	
1790869758	121897	
1790869759	121904	
1790869760	121906	
1790869761	121895	
1790869762	121898	
1790869763	121898	
1790869764	121904	
1790869765	121906	
1790869766	121895	
1790869767	121889	
1790869768	121896	
1790869769	121902	
1790869770	121894	
1790869771	121886	
1790869772	121879	
1790869773	121889	
1790869774	121887	
1790869775	121883	
1790869776	121888	
1790869777	121884	
1790869778	121875	
1790869779	121873	
1790869780	121886	
1790869781	121889	
1790869782	121893	
1790869783	121886	
1790869784	121892	
1790869785	121890	
1790869786	121892	
1790869787	121885	
1790869788	121891	
1790869789	121881	
1790869790	121881	
1790869791	121884	
1790869792	121891	
1790869793	121894	
1790869794	121896	
1790869795	121889	
1790869796	121881	
1790869797	121892	
1790869798	121888	
1790869799	121887	
1790869800	121895	
1790869801	121895	
1790869802	121894	
1790869803	121899	
1790869804	121898	
1790869805	121900	
1790869806	121900	
1790869807	121891	
1790869808	121884	
1790869809	121881	
1790869810	121895	
1790869811	121896	
1790869812	121894	
1790869814	121895	
1790869815	121898	
1790869816	121898	
1790869817	121895	
1790869818	121900	
1790869819	121892	
1790869820	121897	
1790869821	121903	
1790869822	121893	
1790869823	121893	
1790869824	121885	
1790869825	121884	
1790869826	121886	
1790869827	121889	
1790869828	121888	
1790869829	121894	
1790869830	121898	
1790869831	121896	
1790869832	121896	
1790869833	121901	
1790869834	121893	
1790869835	121900	
1790869836	121903	
1790869837	121903	
1790869838	121903	
1790869839	121896	
1790869840	121904	
1790869841	121899	
1790869842	121895	
1790869843	121903	
1790869844	121903	
1790869845	121891	
1790869846	121897	
1790869847	121901	
1790869848	121902	
1790869849	121910	
1790869850	121897	
1790869851	121896	
1790869852	121899	
1790869853	121907	
1790869854	121912	
1790869855	121907	
1790869856	121908	
1790869857	121907	
1790869858	121910	
1790869859	121907	
1790869860	121911	
1790869861	121903	
1790869862	121904	
1790869863	121906	
1790869864	121904	
1790869865	121896	
1790869866	121900	
1790869867	121907	
1790869868	121905	
1790869869	121901	
1790869870	121896	
1790869871	121902	
1790869872	121897	
1790869873	121897	
1790869874	121903	
1790869875	121896	
1790869877	121895	
1790869878	121894	
1790869879	121890	
1790869880	121889	
1790869881	121897	
1790869882	121894	
1790869883	121887	
1790869884	121889	
1790869885	121889	
1790869886	121892	
1790869887	121893	
1790869888	121897	
1790869889	121901	
1790869890	121895	
1790869891	121887	
1790869892	121883	
1790869893	121883	
1790869894	121895	
1790869895	121894	
1790869896	121887	
1790869897	121895	
1790869898	121895	
1790869899	121888	
1790869900	121892	
1790869901	121892	
1790869902	121883	
1790869903	121889	
1790869904	121891	
1790869905	121883	
1790869906	121884	
1790869907	121891	
1790869908	121898	
1790869909	121902	
1790869910	121895	
1790869911	121892	
1790869912	121882	
1790869913	121890	
1790869914	121892	
1790869915	121880	
1790869916	121888	
1790869917	121879	
1790869918	121877	
1790869919	121889	
1790869920	121892	
1790869921	121893	
1790869922	121890	
1790869923	121880	
1790869924	121889	
1790869925	121896	
1790869926	121898	
1790869927	121899	
1790869928	121900	
1790869929	121901	
1790869930	121899	
1790869931	121893	
1790869932	121904	
1790869933	121902	
1790869934	121894	
1790869935	121898	
1790869936	121899	
1790869937	121906	
1790869938	121904	
1790869939	121900	
1790869940	121891	
1790869941	121886	
1790869942	121893	
1790869944	121900	
1790869945	121892	
1790869946	121894	
1790869947	121894	
1790869948	121887	
1790869949	121880	
1790869950	121892	
1790869951	121890	
1790869952	121894	
1790869953	121895	
1790869954	121888	
1790869955	121899	
1790869956	121904	
1790869957	121895	
1790869958	121894	
1790869959	121892	
1790869960	121890	
1790869961	121888	
1790869962	121894	
1790869963	121900	
1790869964	121898	
1790869965	121894	
1790869966	121903	
1790869967	121908	
1790869968	121901	
1790869969	121902	
1790869970	121898	
1790869971	121902	
1790869972	121895	
1790869973	121890	
1790869974	121898	
1790869975	121889	
1790869976	121887	
1790869977	121877	
1790869978	121877	
1790869979	121869	
1790869980	121880	
1790869981	121873	
1790869982	121864	
1790869983	121868	
1790869984	121876	
1790869985	121884	
1790869986	121883	
1790869987	121889	
1790869988	121891	
1790869989	121901	
1790869990	121907	
1790869991	121904	
1790869992	121897	
1790869993	121879	
1790869994	121883	
1790869995	121879	
1790869996	121885	
1790869997	121882	
1790869998	121874	
1790869999	121875	
1790870000	121870	
1790870001	121874	
1790870002	121882	
1790870003	121880	
1790870004	121870	
1790870005	121865	
1790870006	121858	
1790870007	121854	
1790870009	121861	
1790870010	121864	
1790870011	121862	
1790870012	121860	
1790870013	121854	
1790870014	121861	
1790870015	121870	
1790870016	121873	
1790870017	121868	
1790870018	121872	
1790870019	121874	
1790870020	121868	
1790870021	121871	
1790870022	121875	
1790870023	121868	
1790870024	121860	
1790870025	121867	
1790870026	121870	
1790870027	121876	
1790870028	121876	
1790870029	121871	
1790870030	121866	
1790870031	121872	
1790870032	121863	
1790870033	121856	
1790870034	121866	
1790870035	121872	
1790870036	121875	
1790870037	121877	
1790870038	121873	
1790870039	121874	
1790870040	121880	
1790870041	121883	
1790870042	121878	
1790870043	121880	
1790870044	121875	
1790870045	121869	
1790870046	121867	
1790870047	121876	
1790870048	121877	
1790870049	121879	
1790870050	121872	
1790870051	121865	
1790870052	121879	
1790870053	121873	
1790870054	121872	
1790870055	121876	
